timestamp,latitude,longitude,pm2_5_ug_m3,pm10_ug_m3,co2_ppm,temperature_c,humidity_percent,wind_speed_m_s,aqi_demo
2026-08-02 11:00:00.000,19.18642,73.197434,41.2,63.3,461.7,27.31,69.9,2.76,69
2026-08-02 11:00:00.080,19.186484,73.197484,41.8,66.2,461.4,27.4,70.2,2.74,70
2026-08-02 11:00:00.160,19.186557,73.19743,43.4,65.7,462.4,27.43,69.8,2.77,72
2026-08-02 11:00:00.240,19.18654,73.197414,43.6,65.8,462.6,27.47,70.2,2.9,73
2026-08-02 11:00:00.320,19.186546,73.19738,38.8,59.2,467.6,27.46,70.0,2.58,65
2026-08-02 11:00:00.400,19.186616,73.19749,42.4,66.4,463.0,27.35,69.7,2.82,71
2026-08-02 11:00:00.480,19.186626,73.197467,40.3,63.5,468.4,27.47,69.7,2.97,67
2026-08-02 11:00:00.560,19.186696,73.197552,41.7,64.2,467.8,27.39,70.5,2.91,70
2026-08-02 11:00:00.640,19.186746,73.19752,44.5,70.2,471.6,27.43,70.2,2.92,74
2026-08-02 11:00:00.720,19.186826,73.197491,42.2,63.6,467.8,27.45,70.5,2.85,70
2026-08-02 11:00:00.800,19.18678,73.197531,43.6,69.7,466.9,27.51,70.4,3.04,73
2026-08-02 11:00:00.880,19.186729,73.197522,43.5,68.7,472.5,27.41,70.7,2.98,72
2026-08-02 11:00:00.960,19.186785,73.197592,42.1,63.6,473.3,27.48,70.3,2.92,70
2026-08-02 11:00:01.040,19.186908,73.197631,42.1,65.9,470.3,27.51,70.3,2.92,70
2026-08-02 11:00:01.120,19.186969,73.197628,42.8,66.3,471.4,27.5,70.5,3.11,71
2026-08-02 11:00:01.200,19.186986,73.197591,44.1,68.7,465.7,27.51,70.0,2.93,74
2026-08-02 11:00:01.280,19.186968,73.197648,43.6,67.0,468.1,27.48,70.5,2.88,73
2026-08-02 11:00:01.360,19.187107,73.19766,42.3,66.8,468.3,27.49,69.9,2.88,70
2026-08-02 11:00:01.440,19.187091,73.197667,42.5,65.6,465.5,27.43,69.9,2.85,71
2026-08-02 11:00:01.520,19.187192,73.19772,43.7,68.8,468.8,27.39,70.7,2.86,73
2026-08-02 11:00:01.600,19.187155,73.197664,43.0,67.4,467.6,27.51,71.3,2.96,72
2026-08-02 11:00:01.680,19.187216,73.197766,43.2,68.8,469.8,27.37,70.5,2.98,72
2026-08-02 11:00:01.760,19.187289,73.197669,43.3,68.2,467.9,27.54,70.9,3.01,72
2026-08-02 11:00:01.840,19.187254,73.197746,43.1,66.8,472.0,27.52,71.1,3.19,72
2026-08-02 11:00:01.920,19.187271,73.197778,42.7,69.4,473.7,27.44,70.6,3.12,71
2026-08-02 11:00:02.000,19.187386,73.197717,44.3,69.4,475.9,27.55,70.7,3.06,74
2026-08-02 11:00:02.080,19.187347,73.197794,42.6,65.3,462.3,27.48,70.7,2.98,71
2026-08-02 11:00:02.160,19.187511,73.197795,44.5,69.7,474.2,27.48,70.8,2.95,74
2026-08-02 11:00:02.240,19.187448,73.197797,43.8,66.9,469.5,27.47,70.8,3.11,73
2026-08-02 11:00:02.320,19.187504,73.197847,43.2,68.5,473.6,27.5,70.9,3.1,72
2026-08-02 11:00:02.400,19.187548,73.197773,43.1,67.1,465.0,27.48,71.1,3.06,72
2026-08-02 11:00:02.480,19.187573,73.197889,43.4,67.5,473.4,27.57,70.9,3.09,72
2026-08-02 11:00:02.560,19.187605,73.197867,42.2,66.6,472.6,27.66,70.8,3.0,70
2026-08-02 11:00:02.640,19.187692,73.197865,43.1,66.5,468.9,27.56,71.0,3.09,72
2026-08-02 11:00:02.720,19.187698,73.197823,44.1,68.4,474.2,27.52,71.3,3.17,74
2026-08-02 11:00:02.800,19.187754,73.197888,43.5,69.0,468.8,27.52,71.3,3.04,72
2026-08-02 11:00:02.880,19.187751,73.197955,42.9,66.5,471.5,27.54,70.9,3.36,72
2026-08-02 11:00:02.960,19.187762,73.197879,42.5,68.9,473.4,27.57,71.1,3.05,71
2026-08-02 11:00:03.040,19.187857,73.19791,42.0,65.6,476.9,27.54,71.1,3.23,70
2026-08-02 11:00:03.120,19.18783,73.197925,44.0,70.0,473.5,27.53,71.4,3.05,73
2026-08-02 11:00:03.200,19.187897,73.197905,42.8,68.0,470.7,27.56,70.9,3.22,71
2026-08-02 11:00:03.280,19.187973,73.197913,45.5,67.5,473.5,27.65,71.4,3.17,76
2026-08-02 11:00:03.360,19.187999,73.198006,43.7,67.5,470.5,27.53,70.8,3.09,73
2026-08-02 11:00:03.440,19.187989,73.197946,45.0,73.9,469.7,27.54,71.0,3.19,75
2026-08-02 11:00:03.520,19.188035,73.197992,43.4,66.4,468.1,27.54,71.8,3.11,72
2026-08-02 11:00:03.600,19.188062,73.197994,44.2,70.3,472.3,27.54,71.0,3.11,74
2026-08-02 11:00:03.680,19.188044,73.198015,44.1,71.0,471.7,27.66,72.1,3.2,74
2026-08-02 11:00:03.760,19.18815,73.198,43.4,67.7,477.6,27.61,71.4,3.15,72
2026-08-02 11:00:03.840,19.188194,73.198001,44.1,68.2,474.3,27.63,71.6,3.21,74
2026-08-02 11:00:03.920,19.188223,73.197992,43.7,67.3,476.3,27.6,70.9,3.25,73
2026-08-02 11:00:04.000,19.188247,73.198067,43.1,64.5,470.2,27.55,71.0,3.23,72
2026-08-02 11:00:04.080,19.188327,73.198048,43.3,67.0,472.1,27.6,71.1,3.1,72
2026-08-02 11:00:04.160,19.188334,73.19803,45.1,70.7,473.7,27.61,71.1,3.15,75
2026-08-02 11:00:04.240,19.18829,73.198079,45.3,69.3,480.0,27.51,72.6,3.09,76
2026-08-02 11:00:04.320,19.188337,73.198179,43.3,66.8,471.3,27.61,71.6,3.23,72
2026-08-02 11:00:04.400,19.188367,73.198107,45.4,70.9,472.6,27.61,72.0,3.18,76
2026-08-02 11:00:04.480,19.188427,73.198162,45.9,71.8,470.4,27.68,71.0,3.18,76
2026-08-02 11:00:04.560,19.188484,73.198117,43.1,66.4,476.7,27.6,71.7,3.22,72
2026-08-02 11:00:04.640,19.188438,73.19817,45.4,69.1,476.5,27.63,71.7,3.19,76
2026-08-02 11:00:04.720,19.188604,73.198096,44.1,71.0,470.7,27.57,71.5,3.28,74
2026-08-02 11:00:04.800,19.188582,73.19806,43.7,70.0,474.5,27.63,71.6,3.3,73
2026-08-02 11:00:04.880,19.188564,73.198093,45.3,71.1,475.9,27.61,71.6,3.33,76
2026-08-02 11:00:04.960,19.188646,73.198105,43.7,70.1,475.5,27.6,71.4,3.11,73
2026-08-02 11:00:05.040,19.18866,73.198159,45.0,72.8,478.6,27.62,71.6,3.2,75
2026-08-02 11:00:05.120,19.188726,73.198249,44.4,69.5,471.6,27.63,71.7,3.41,74
2026-08-02 11:00:05.200,19.188692,73.198192,44.4,71.3,476.0,27.59,71.9,3.36,74
2026-08-02 11:00:05.280,19.188755,73.19817,44.6,68.8,476.7,27.71,71.8,3.38,74
2026-08-02 11:00:05.360,19.188773,73.198192,44.2,68.9,482.1,27.65,71.7,3.25,74
2026-08-02 11:00:05.440,19.18881,73.198204,45.2,70.3,478.1,27.56,71.9,3.13,75
2026-08-02 11:00:05.520,19.188824,73.198197,45.4,72.1,467.9,27.68,72.0,3.45,76
2026-08-02 11:00:05.600,19.188824,73.19821,45.8,72.4,476.1,27.65,71.8,3.28,76
2026-08-02 11:00:05.680,19.188916,73.198209,46.0,72.3,476.4,27.67,71.7,3.35,77
2026-08-02 11:00:05.760,19.188924,73.198167,44.4,69.0,475.8,27.65,71.6,3.28,74
2026-08-02 11:00:05.840,19.188976,73.198213,45.5,71.3,478.9,27.74,71.7,3.28,76
2026-08-02 11:00:05.920,19.188966,73.198272,45.5,72.0,478.8,27.59,71.9,3.45,76
2026-08-02 11:00:06.000,19.188971,73.198194,43.2,66.0,480.0,27.68,72.1,3.32,72
2026-08-02 11:00:06.080,19.189008,73.198268,45.3,72.0,475.6,27.69,71.8,3.15,76
2026-08-02 11:00:06.160,19.189058,73.198263,44.2,71.8,471.9,27.68,72.2,3.4,74
2026-08-02 11:00:06.240,19.189034,73.198275,44.5,71.4,476.1,27.68,72.1,3.14,74
2026-08-02 11:00:06.320,19.189085,73.198253,46.0,72.3,481.4,27.68,72.0,3.44,77
2026-08-02 11:00:06.400,19.189151,73.198295,46.1,72.0,470.8,27.71,71.8,3.3,77
2026-08-02 11:00:06.480,19.189109,73.198254,45.0,71.8,469.3,27.71,72.0,3.45,75
2026-08-02 11:00:06.560,19.189194,73.198216,45.5,71.5,479.0,27.73,71.7,3.32,76
2026-08-02 11:00:06.640,19.189225,73.198287,46.6,74.5,475.4,27.72,71.9,3.28,78
2026-08-02 11:00:06.720,19.189248,73.198257,45.8,74.3,478.4,27.78,72.4,3.37,76
2026-08-02 11:00:06.800,19.189228,73.198237,44.6,71.1,478.5,27.62,72.0,3.26,74
2026-08-02 11:00:06.880,19.189275,73.198292,45.8,73.2,481.0,27.72,72.0,3.17,76
2026-08-02 11:00:06.960,19.189345,73.198274,46.7,76.3,474.9,27.72,72.2,3.31,78
2026-08-02 11:00:07.040,19.189339,73.19826,44.8,71.9,479.9,27.72,72.1,3.39,75
2026-08-02 11:00:07.120,19.18935,73.198307,46.6,73.9,475.4,27.76,72.4,3.11,78
2026-08-02 11:00:07.200,19.189447,73.198294,45.7,74.1,478.1,27.74,72.2,3.13,76
2026-08-02 11:00:07.280,19.189369,73.198353,43.3,70.0,476.9,27.74,72.4,3.3,72
2026-08-02 11:00:07.360,19.189354,73.198299,44.5,70.6,479.9,27.72,71.8,3.21,74
2026-08-02 11:00:07.440,19.189446,73.198235,44.4,69.0,478.2,27.73,72.1,3.21,74
2026-08-02 11:00:07.520,19.189429,73.198274,45.9,74.0,481.3,27.58,72.6,3.33,76
2026-08-02 11:00:07.600,19.189382,73.198286,44.9,71.9,482.8,27.71,72.4,3.38,75
2026-08-02 11:00:07.680,19.18945,73.198241,45.1,71.6,479.8,27.78,72.4,3.32,75
2026-08-02 11:00:07.760,19.189512,73.198344,46.0,71.0,477.2,27.74,72.8,3.31,77
2026-08-02 11:00:07.840,19.189604,73.198268,44.3,70.7,479.7,27.62,72.1,3.26,74
2026-08-02 11:00:07.920,19.189582,73.198352,45.3,72.8,476.3,27.69,72.1,3.23,76
2026-08-02 11:00:08.000,19.189599,73.198331,45.0,70.2,480.0,27.74,72.4,3.29,75
2026-08-02 11:00:08.080,19.189597,73.198266,45.9,70.3,479.9,27.77,72.8,3.35,76
2026-08-02 11:00:08.160,19.189622,73.198313,47.1,75.0,479.5,27.71,72.2,3.47,78
2026-08-02 11:00:08.240,19.189616,73.198258,44.9,70.9,475.5,27.76,72.2,3.45,75
2026-08-02 11:00:08.320,19.189633,73.19829,45.6,73.9,480.4,27.76,72.5,3.33,76
2026-08-02 11:00:08.400,19.18966,73.198218,45.1,72.6,480.6,27.65,72.5,3.36,75
2026-08-02 11:00:08.480,19.189652,73.198288,45.6,74.1,475.4,27.78,72.6,3.43,76
2026-08-02 11:00:08.560,19.189667,73.198266,46.2,72.4,475.2,27.79,72.1,3.4,77
2026-08-02 11:00:08.640,19.189766,73.198234,46.4,74.1,472.8,27.7,72.1,3.35,77
2026-08-02 11:00:08.720,19.189743,73.198243,45.0,71.7,477.8,27.77,72.4,3.37,75
2026-08-02 11:00:08.800,19.189785,73.198286,46.1,74.6,477.7,27.67,72.8,3.3,77
2026-08-02 11:00:08.880,19.189775,73.198339,43.9,70.3,487.0,27.74,72.0,3.21,73
2026-08-02 11:00:08.960,19.189737,73.198251,44.1,68.3,474.1,27.77,72.3,3.16,74
2026-08-02 11:00:09.040,19.189839,73.198263,45.9,75.5,484.2,27.76,71.9,3.35,76
2026-08-02 11:00:09.120,19.189816,73.198229,44.6,69.7,483.8,27.71,72.0,3.32,74
2026-08-02 11:00:09.200,19.189817,73.198227,46.5,75.9,481.2,27.85,72.6,3.4,78
2026-08-02 11:00:09.280,19.189887,73.198244,44.6,72.6,476.5,27.79,72.1,3.29,74
2026-08-02 11:00:09.360,19.189898,73.198244,45.6,73.8,484.1,27.71,72.4,3.4,76
2026-08-02 11:00:09.440,19.189865,73.198205,45.6,72.5,480.7,27.73,72.9,3.18,76
2026-08-02 11:00:09.520,19.189842,73.198277,46.0,70.0,478.7,27.83,72.1,3.4,77
2026-08-02 11:00:09.600,19.189899,73.198237,44.9,68.3,476.5,27.72,72.8,3.27,75
2026-08-02 11:00:09.680,19.18988,73.198203,45.2,71.8,481.9,27.8,72.3,3.29,75
2026-08-02 11:00:09.760,19.189924,73.198255,46.1,70.6,476.1,27.8,72.4,3.29,77
2026-08-02 11:00:09.840,19.189959,73.198268,45.7,72.9,480.8,27.72,72.8,3.24,76
2026-08-02 11:00:09.920,19.189954,73.198224,46.5,77.3,479.5,27.72,72.4,3.38,78
2026-08-02 11:00:10.000,19.189976,73.198203,45.3,71.5,479.8,27.71,72.2,3.2,76
2026-08-02 11:00:10.080,19.189957,73.198222,45.9,73.7,486.0,27.76,72.1,3.28,76
2026-08-02 11:00:10.160,19.189946,73.198214,45.8,73.0,478.7,27.78,72.4,3.36,76
2026-08-02 11:00:10.240,19.189954,73.198224,45.5,73.8,478.6,27.74,72.7,3.17,76
2026-08-02 11:00:10.320,19.190014,73.198233,42.4,67.6,475.6,27.83,72.3,3.21,71
2026-08-02 11:00:10.400,19.189977,73.198209,44.8,71.5,477.9,27.77,72.7,3.19,75
2026-08-02 11:00:10.480,19.190061,73.19823,45.2,72.5,478.1,27.74,72.8,3.26,75
2026-08-02 11:00:10.560,19.190024,73.198193,45.7,74.8,479.4,27.81,72.6,3.2,76
2026-08-02 11:00:10.640,19.190031,73.198142,45.1,72.4,476.2,27.78,72.3,3.29,75
2026-08-02 11:00:10.720,19.190059,73.198142,45.7,72.6,483.4,27.78,73.0,3.1,76
2026-08-02 11:00:10.800,19.190063,73.198189,45.5,73.6,480.6,27.81,73.1,3.24,76
2026-08-02 11:00:10.880,19.190073,73.198167,45.6,71.3,477.5,27.81,72.4,3.16,76
2026-08-02 11:00:10.960,19.190044,73.198161,45.2,72.8,483.3,27.76,72.4,3.19,75
2026-08-02 11:00:11.040,19.190096,73.198142,45.6,73.3,478.3,27.75,73.1,3.13,76
2026-08-02 11:00:11.120,19.19003,73.198068,46.9,74.6,483.7,27.72,73.2,3.17,78
2026-08-02 11:00:11.200,19.190039,73.198099,45.4,70.8,483.3,27.8,73.4,3.11,76
2026-08-02 11:00:11.280,19.190145,73.198081,45.9,73.5,476.1,27.79,72.6,3.32,76
2026-08-02 11:00:11.360,19.19004,73.198134,46.3,74.6,485.5,27.78,72.5,3.28,77
2026-08-02 11:00:11.440,19.190023,73.198119,43.3,70.4,476.6,27.8,73.0,3.04,72
2026-08-02 11:00:11.520,19.190085,73.198054,46.2,74.4,480.0,27.78,72.3,3.29,77
2026-08-02 11:00:11.600,19.190133,73.198046,44.3,69.7,477.8,27.79,72.7,3.17,74
2026-08-02 11:00:11.680,19.190057,73.19805,46.2,75.4,476.4,27.82,72.9,3.13,77
2026-08-02 11:00:11.760,19.190086,73.198055,45.0,71.9,485.0,27.74,72.7,3.13,75
2026-08-02 11:00:11.840,19.190033,73.197944,46.5,73.7,478.3,27.9,72.3,3.27,78
2026-08-02 11:00:11.920,19.190039,73.19804,45.5,72.6,479.6,27.76,72.6,3.26,76
2026-08-02 11:00:12.000,19.190116,73.198066,45.0,71.8,475.2,27.75,73.0,3.16,75
2026-08-02 11:00:12.080,19.190142,73.198046,44.3,71.7,479.5,27.74,73.0,3.34,74
2026-08-02 11:00:12.160,19.190126,73.198027,46.7,74.8,482.3,27.72,73.0,3.12,78
2026-08-02 11:00:12.240,19.19012,73.197957,45.8,73.3,481.9,27.8,73.0,3.34,76
2026-08-02 11:00:12.320,19.190151,73.197894,44.8,71.5,476.8,27.73,72.5,3.33,75
2026-08-02 11:00:12.400,19.190117,73.197898,45.2,72.9,479.4,27.82,72.7,3.14,75
2026-08-02 11:00:12.480,19.190166,73.19793,45.3,69.0,475.0,27.85,72.5,3.12,76
2026-08-02 11:00:12.560,19.190188,73.197914,45.8,75.4,476.1,27.82,72.5,3.14,76
2026-08-02 11:00:12.640,19.19011,73.197909,44.3,72.1,477.5,27.75,72.9,3.2,74
2026-08-02 11:00:12.720,19.190146,73.197931,45.0,69.0,478.1,27.79,72.4,3.12,75
2026-08-02 11:00:12.800,19.190061,73.197884,44.9,71.7,482.3,27.79,72.3,3.2,75
2026-08-02 11:00:12.880,19.19007,73.197815,42.8,66.4,479.4,27.89,72.6,3.2,71
2026-08-02 11:00:12.960,19.190145,73.197799,43.2,67.8,483.4,27.87,72.4,3.2,72
2026-08-02 11:00:13.040,19.190114,73.197791,45.0,70.9,479.3,27.9,72.5,3.21,75
2026-08-02 11:00:13.120,19.190113,73.197856,44.6,70.5,483.9,27.76,73.2,3.25,74
2026-08-02 11:00:13.200,19.190144,73.197857,44.9,72.8,478.3,27.84,73.1,3.15,75
2026-08-02 11:00:13.280,19.190077,73.197787,45.8,74.0,476.5,27.83,72.1,3.33,76
2026-08-02 11:00:13.360,19.19012,73.197787,44.2,70.6,480.3,27.77,72.0,3.14,74
2026-08-02 11:00:13.440,19.190088,73.197803,44.7,70.1,478.8,27.81,72.3,3.3,74
2026-08-02 11:00:13.520,19.190116,73.197798,43.5,71.7,476.4,27.8,73.1,3.03,72
2026-08-02 11:00:13.600,19.190101,73.197735,44.5,69.4,477.9,27.77,72.8,3.27,74
2026-08-02 11:00:13.680,19.190123,73.197737,44.9,72.2,474.4,27.78,72.7,3.1,75
2026-08-02 11:00:13.760,19.190082,73.197617,43.6,71.4,474.1,27.86,72.8,3.09,73
2026-08-02 11:00:13.840,19.190104,73.197608,45.2,72.4,473.8,27.76,72.5,3.05,75
2026-08-02 11:00:13.920,19.190072,73.197656,44.3,69.8,480.2,27.83,72.2,3.18,74
2026-08-02 11:00:14.000,19.190115,73.1976,45.5,71.0,482.8,27.79,71.9,3.19,76
2026-08-02 11:00:14.080,19.190071,73.197563,42.2,68.5,472.5,27.69,72.3,3.06,70
2026-08-02 11:00:14.160,19.190063,73.197657,44.1,70.9,485.8,27.7,72.0,3.13,74
2026-08-02 11:00:14.240,19.190081,73.19754,45.7,71.0,476.0,27.76,72.4,3.31,76
2026-08-02 11:00:14.320,19.190114,73.197576,43.5,68.7,474.0,27.72,72.4,3.14,72
2026-08-02 11:00:14.400,19.190132,73.197505,45.1,73.7,479.8,27.84,72.5,3.16,75
2026-08-02 11:00:14.480,19.190084,73.197536,44.7,71.3,476.7,27.76,72.9,3.07,74
2026-08-02 11:00:14.560,19.190068,73.197489,43.1,69.3,476.1,27.78,72.3,3.33,72
2026-08-02 11:00:14.640,19.189988,73.197479,44.1,70.9,472.3,27.86,72.3,3.18,74
2026-08-02 11:00:14.720,19.190067,73.19752,45.2,73.3,477.5,27.83,72.3,3.03,75
2026-08-02 11:00:14.800,19.19011,73.197529,45.7,73.4,473.9,27.73,72.5,3.15,76
2026-08-02 11:00:14.880,19.190045,73.19742,43.1,68.6,483.6,27.86,71.9,3.24,72
2026-08-02 11:00:14.960,19.190071,73.197444,45.2,71.5,476.2,27.83,71.5,3.11,75
2026-08-02 11:00:15.040,19.190014,73.197405,43.4,69.4,478.6,27.77,71.9,3.22,72
2026-08-02 11:00:15.120,19.190027,73.197356,44.7,73.5,478.1,27.72,72.4,3.04,74
2026-08-02 11:00:15.200,19.190044,73.197324,45.6,70.5,478.1,27.72,72.0,3.06,76
2026-08-02 11:00:15.280,19.189983,73.197317,42.6,69.7,481.3,27.79,72.3,3.18,71
2026-08-02 11:00:15.360,19.190012,73.197288,43.7,69.8,476.9,27.84,72.2,3.17,73
2026-08-02 11:00:15.440,19.18999,73.19728,44.0,71.9,477.4,27.76,71.9,3.04,73
2026-08-02 11:00:15.520,19.190024,73.197264,43.3,68.9,475.9,27.75,72.3,3.04,72
2026-08-02 11:00:15.600,19.190057,73.197243,46.5,74.6,471.5,27.83,72.2,3.08,78
2026-08-02 11:00:15.680,19.18999,73.197173,45.8,72.1,479.2,27.75,71.9,3.04,76
2026-08-02 11:00:15.760,19.18994,73.197189,43.5,68.8,475.2,27.83,72.9,3.1,72
2026-08-02 11:00:15.840,19.189954,73.197221,44.5,71.2,477.1,27.86,72.6,3.06,74
2026-08-02 11:00:15.920,19.19003,73.197136,46.2,74.3,477.1,27.79,72.7,3.09,77
2026-08-02 11:00:16.000,19.190021,73.197165,44.8,71.1,479.8,27.74,71.7,3.05,75
2026-08-02 11:00:16.080,19.189913,73.19708,43.3,68.4,478.8,27.73,72.1,3.1,72
2026-08-02 11:00:16.160,19.189934,73.197082,45.2,71.4,482.5,27.89,71.6,3.26,75
2026-08-02 11:00:16.240,19.189921,73.197046,42.0,66.6,474.8,27.81,72.5,2.97,70
2026-08-02 11:00:16.320,19.189914,73.197013,44.9,69.7,480.9,27.83,72.5,3.3,75
2026-08-02 11:00:16.400,19.189884,73.196984,43.3,70.9,477.1,27.77,72.5,3.12,72
2026-08-02 11:00:16.480,19.189954,73.197009,44.5,70.9,475.7,27.74,72.4,2.96,74
2026-08-02 11:00:16.560,19.189906,73.197016,44.4,74.0,478.1,27.69,72.6,3.17,74
2026-08-02 11:00:16.640,19.189891,73.196945,44.4,69.2,476.6,27.75,72.2,3.05,74
2026-08-02 11:00:16.720,19.189904,73.196932,43.7,72.0,477.4,27.78,72.2,3.05,73
2026-08-02 11:00:16.800,19.189874,73.196945,44.3,73.8,474.9,27.75,72.5,3.15,74
2026-08-02 11:00:16.880,19.189854,73.196882,44.2,70.9,473.2,27.83,72.4,3.03,74
2026-08-02 11:00:16.960,19.189853,73.196876,42.8,65.9,471.8,27.76,71.7,3.03,71
2026-08-02 11:00:17.040,19.189845,73.196818,44.0,69.8,475.9,27.78,71.7,3.04,73
2026-08-02 11:00:17.120,19.189843,73.196858,43.5,69.2,481.7,27.71,71.7,3.16,72
2026-08-02 11:00:17.200,19.189812,73.196818,44.3,72.8,479.5,27.83,72.0,3.25,74
2026-08-02 11:00:17.280,19.18986,73.196764,45.1,72.4,475.6,27.74,72.0,3.24,75
2026-08-02 11:00:17.360,19.189845,73.196739,43.7,67.0,474.1,27.65,72.2,3.1,73
2026-08-02 11:00:17.440,19.189743,73.196744,42.6,68.4,471.3,27.73,72.1,2.94,71
2026-08-02 11:00:17.520,19.189828,73.196693,43.5,69.1,469.9,27.76,72.0,3.19,72
2026-08-02 11:00:17.600,19.189795,73.196644,43.5,69.6,473.9,27.74,72.3,3.26,72
2026-08-02 11:00:17.680,19.189792,73.196642,43.0,69.2,480.3,27.77,72.0,3.27,72
2026-08-02 11:00:17.760,19.189738,73.196571,42.9,68.8,467.7,27.76,71.6,2.94,72
2026-08-02 11:00:17.840,19.189744,73.196537,44.2,69.2,471.0,27.76,72.2,3.05,74
2026-08-02 11:00:17.920,19.189712,73.196604,44.1,69.7,481.1,27.85,72.4,3.15,74
2026-08-02 11:00:18.000,19.189793,73.196596,44.9,74.8,475.3,27.73,71.9,3.31,75
2026-08-02 11:00:18.080,19.189695,73.196521,43.2,70.2,477.9,27.77,71.7,3.14,72
2026-08-02 11:00:18.160,19.189738,73.196451,43.5,67.0,478.2,27.71,72.0,3.07,72
2026-08-02 11:00:18.240,19.189734,73.196493,45.0,71.2,476.5,27.87,72.0,3.12,75
2026-08-02 11:00:18.320,19.189617,73.1965,44.5,72.6,474.0,27.7,71.8,3.07,74
2026-08-02 11:00:18.400,19.189655,73.196372,43.8,70.9,469.5,27.73,72.3,3.13,73
2026-08-02 11:00:18.480,19.189663,73.19637,43.4,70.6,472.7,27.72,72.1,3.19,72
2026-08-02 11:00:18.560,19.189608,73.196371,44.7,72.0,476.3,27.74,71.7,3.16,74
2026-08-02 11:00:18.640,19.189656,73.196389,43.5,69.7,477.1,27.72,72.2,3.1,72
2026-08-02 11:00:18.720,19.189618,73.196287,42.5,69.1,475.0,27.69,71.6,3.13,71
2026-08-02 11:00:18.800,19.189637,73.196296,44.2,73.3,472.0,27.69,71.7,3.12,74
2026-08-02 11:00:18.880,19.189615,73.196243,45.0,73.5,476.7,27.82,72.3,3.18,75
2026-08-02 11:00:18.960,19.18966,73.196182,43.6,69.4,472.5,27.73,71.9,3.18,73
2026-08-02 11:00:19.040,19.189629,73.196251,44.3,70.1,472.6,27.79,71.8,3.09,74
2026-08-02 11:00:19.120,19.18958,73.196159,43.5,67.9,480.6,27.68,71.8,3.28,72
2026-08-02 11:00:19.200,19.189618,73.196167,44.7,73.0,475.9,27.84,71.6,3.18,74
2026-08-02 11:00:19.280,19.189595,73.196174,42.0,66.3,480.2,27.67,71.6,3.02,70
2026-08-02 11:00:19.360,19.189543,73.196093,45.4,72.7,468.1,27.69,71.7,3.15,76
2026-08-02 11:00:19.440,19.189559,73.196073,44.7,73.0,479.1,27.72,72.3,3.06,74
2026-08-02 11:00:19.520,19.189448,73.195941,44.1,69.2,468.8,27.74,71.8,3.22,74
2026-08-02 11:00:19.600,19.189506,73.195998,44.6,71.9,464.7,27.81,71.6,3.26,74
2026-08-02 11:00:19.680,19.189432,73.195914,43.4,70.7,472.8,27.75,72.1,3.23,72
2026-08-02 11:00:19.760,19.189493,73.195907,44.8,73.7,471.0,27.76,71.9,3.15,75
2026-08-02 11:00:19.840,19.189456,73.195924,42.5,67.6,474.6,27.78,71.7,3.23,71
2026-08-02 11:00:19.920,19.18952,73.19582,44.5,71.8,469.6,27.71,72.2,3.29,74
2026-08-02 11:00:20.000,19.189475,73.195914,43.7,70.8,473.1,27.78,71.2,3.35,73
2026-08-02 11:00:20.080,19.1895,73.195832,43.3,67.9,472.6,27.72,72.3,3.24,72
2026-08-02 11:00:20.160,19.189451,73.195773,45.1,73.1,472.6,27.82,71.7,3.38,75
2026-08-02 11:00:20.240,19.18948,73.195783,42.7,68.0,469.3,27.71,71.6,3.14,71
2026-08-02 11:00:20.320,19.18944,73.195724,43.4,70.3,471.7,27.69,71.3,3.17,72
2026-08-02 11:00:20.400,19.189399,73.195697,43.8,70.7,475.0,27.73,71.7,3.15,73
2026-08-02 11:00:20.480,19.189461,73.195706,43.7,70.8,473.9,27.8,71.6,3.33,73
2026-08-02 11:00:20.560,19.189419,73.195645,44.3,73.7,474.4,27.85,72.6,3.19,74
2026-08-02 11:00:20.640,19.189432,73.195612,43.9,69.9,472.8,27.86,71.9,3.11,73
2026-08-02 11:00:20.720,19.189384,73.195554,44.0,69.9,470.6,27.71,71.5,3.11,73
2026-08-02 11:00:20.800,19.189359,73.195512,43.5,70.4,477.2,27.76,71.6,3.29,72
2026-08-02 11:00:20.880,19.189335,73.195536,43.4,69.7,475.4,27.69,72.1,3.37,72
2026-08-02 11:00:20.960,19.189365,73.195521,43.1,69.7,474.6,27.78,71.6,3.24,72
2026-08-02 11:00:21.040,19.18933,73.195469,43.8,70.8,474.0,27.64,71.6,3.21,73
2026-08-02 11:00:21.120,19.189381,73.19542,46.0,73.6,467.5,27.73,71.9,3.21,77
2026-08-02 11:00:21.200,19.189361,73.195408,43.1,70.6,474.2,27.8,71.5,3.21,72
2026-08-02 11:00:21.280,19.189243,73.195341,43.7,70.1,474.5,27.73,72.0,3.42,73
2026-08-02 11:00:21.360,19.189314,73.195355,45.6,74.5,479.4,27.74,71.3,3.23,76
2026-08-02 11:00:21.440,19.189326,73.195336,44.6,68.9,476.2,27.74,71.7,3.33,74
2026-08-02 11:00:21.520,19.189221,73.195285,44.0,72.8,476.4,27.84,71.3,3.3,73
2026-08-02 11:00:21.600,19.189314,73.195305,44.5,72.5,472.3,27.69,72.2,3.35,74
2026-08-02 11:00:21.680,19.189296,73.19527,44.5,73.1,471.5,27.82,71.2,3.32,74
2026-08-02 11:00:21.760,19.189312,73.195176,44.2,72.2,475.9,27.73,71.9,3.41,74
2026-08-02 11:00:21.840,19.189235,73.195212,42.6,68.4,475.5,27.73,71.6,3.25,71
2026-08-02 11:00:21.920,19.189258,73.195197,44.3,70.9,474.8,27.7,71.8,3.33,74
2026-08-02 11:00:22.000,19.189211,73.19509,43.5,68.6,474.7,27.85,71.7,3.34,72
2026-08-02 11:00:22.080,19.189248,73.195085,42.8,68.6,477.3,27.68,71.6,3.34,71
2026-08-02 11:00:22.160,19.189225,73.194994,46.1,74.9,472.8,27.75,71.6,3.47,77
2026-08-02 11:00:22.240,19.18927,73.195051,44.3,72.7,473.5,27.77,72.0,3.35,74
2026-08-02 11:00:22.320,19.189205,73.195002,44.4,72.5,472.5,27.66,72.0,3.41,74
2026-08-02 11:00:22.400,19.189199,73.195022,44.1,69.7,475.2,27.73,71.8,3.4,74
2026-08-02 11:00:22.480,19.189248,73.194907,43.7,68.5,477.1,27.72,71.8,3.49,73
2026-08-02 11:00:22.560,19.189239,73.194927,43.3,70.5,469.7,27.77,72.0,3.45,72
2026-08-02 11:00:22.640,19.189178,73.194935,43.6,71.6,473.6,27.81,71.8,3.41,73
2026-08-02 11:00:22.720,19.189181,73.194856,42.9,70.8,477.9,27.74,71.5,3.47,72
2026-08-02 11:00:22.800,19.189183,73.194791,43.5,71.6,477.2,27.7,71.8,3.45,72
2026-08-02 11:00:22.880,19.189215,73.194819,43.7,70.2,474.5,27.81,71.8,3.3,73
2026-08-02 11:00:22.960,19.189197,73.194748,43.9,69.0,477.1,27.72,71.6,3.34,73
2026-08-02 11:00:23.040,19.189246,73.194708,43.8,71.8,475.3,27.78,71.4,3.38,73
2026-08-02 11:00:23.120,19.189103,73.194692,44.8,72.0,473.8,27.73,71.5,3.59,75
2026-08-02 11:00:23.200,19.18917,73.194722,44.7,70.3,473.9,27.77,72.0,3.41,74
2026-08-02 11:00:23.280,19.189139,73.194727,43.8,69.1,478.1,27.69,71.5,3.38,73
2026-08-02 11:00:23.360,19.189175,73.194621,43.7,70.3,471.4,27.77,71.6,3.29,73
2026-08-02 11:00:23.440,19.18915,73.19457,42.3,67.7,466.1,27.72,71.9,3.6,70
2026-08-02 11:00:23.520,19.189121,73.194555,46.3,72.6,474.0,27.82,71.9,3.46,77
2026-08-02 11:00:23.600,19.189143,73.194557,44.5,70.1,477.5,27.74,71.7,3.43,74
2026-08-02 11:00:23.680,19.189132,73.194471,42.7,68.0,474.9,27.73,71.4,3.46,71
2026-08-02 11:00:23.760,19.189093,73.194473,44.5,72.5,475.7,27.73,72.0,3.52,74
2026-08-02 11:00:23.840,19.189103,73.194407,44.0,71.3,476.4,27.68,71.7,3.33,73
2026-08-02 11:00:23.920,19.189183,73.194346,45.8,71.6,483.3,27.73,72.0,3.47,76
2026-08-02 11:00:24.000,19.189113,73.194344,46.2,75.1,478.1,27.76,71.1,3.51,77
2026-08-02 11:00:24.080,19.18915,73.194366,45.0,75.2,480.4,27.77,71.6,3.51,75
2026-08-02 11:00:24.160,19.189165,73.194284,42.5,67.7,471.6,27.77,71.7,3.45,71
2026-08-02 11:00:24.240,19.189129,73.194292,44.0,71.1,476.2,27.82,71.9,3.49,73
2026-08-02 11:00:24.320,19.189132,73.194249,44.6,70.7,469.7,27.68,71.2,3.69,74
2026-08-02 11:00:24.400,19.189141,73.19428,44.6,69.9,474.8,27.79,72.1,3.62,74
2026-08-02 11:00:24.480,19.189084,73.194196,44.6,71.1,466.2,27.71,71.6,3.47,74
2026-08-02 11:00:24.560,19.189138,73.19419,44.9,72.3,475.2,27.78,71.9,3.42,75
2026-08-02 11:00:24.640,19.18918,73.1941,41.8,66.6,469.0,27.74,71.9,3.64,70
2026-08-02 11:00:24.720,19.189119,73.194096,44.4,71.1,470.0,27.62,72.2,3.52,74
2026-08-02 11:00:24.800,19.18914,73.194091,44.1,73.4,475.6,27.72,72.2,3.57,74
2026-08-02 11:00:24.880,19.189137,73.194021,45.3,72.9,476.8,27.84,71.7,3.62,76
2026-08-02 11:00:24.960,19.189135,73.194051,42.6,67.9,471.1,27.73,71.5,3.58,71
2026-08-02 11:00:25.040,19.189155,73.193991,43.6,72.0,473.7,27.8,71.8,3.52,73
2026-08-02 11:00:25.120,19.189144,73.193997,43.4,69.0,481.1,27.79,72.3,3.65,72
2026-08-02 11:00:25.200,19.189143,73.193919,45.0,70.7,482.6,27.83,71.7,3.52,75
2026-08-02 11:00:25.280,19.189207,73.1939,45.2,71.4,472.6,27.79,72.0,3.52,75
2026-08-02 11:00:25.360,19.189176,73.193878,44.9,71.4,468.3,27.74,72.1,3.52,75
2026-08-02 11:00:25.440,19.189142,73.193883,44.9,70.2,471.4,27.83,71.8,3.48,75
2026-08-02 11:00:25.520,19.189167,73.193821,45.7,74.0,479.3,27.77,71.5,3.66,76
2026-08-02 11:00:25.600,19.189144,73.193871,45.8,72.6,475.6,27.69,71.7,3.55,76
2026-08-02 11:00:25.680,19.189084,73.193768,45.1,71.8,477.2,27.69,71.5,3.42,75
2026-08-02 11:00:25.760,19.189163,73.193731,45.0,71.1,481.5,27.69,71.8,3.6,75
2026-08-02 11:00:25.840,19.18914,73.193748,44.8,71.4,472.4,27.89,72.0,3.53,75
2026-08-02 11:00:25.920,19.189167,73.19369,44.2,72.4,476.5,27.73,72.2,3.57,74
2026-08-02 11:00:26.000,19.189186,73.193682,45.5,73.2,474.1,27.76,71.8,3.54,76
2026-08-02 11:00:26.080,19.189223,73.193669,45.2,73.1,479.8,27.75,71.3,3.58,75
2026-08-02 11:00:26.160,19.189138,73.193642,45.8,72.5,479.7,27.84,71.8,3.65,76
2026-08-02 11:00:26.240,19.189177,73.193575,46.6,75.7,474.9,27.77,72.0,3.65,78
2026-08-02 11:00:26.320,19.189209,73.193516,45.5,73.2,477.8,27.66,72.1,3.55,76
2026-08-02 11:00:26.400,19.18914,73.193496,45.2,70.4,482.3,27.77,72.2,3.4,75
2026-08-02 11:00:26.480,19.18924,73.19348,46.6,73.9,485.0,27.71,71.9,3.63,78
2026-08-02 11:00:26.560,19.189164,73.193403,45.1,71.8,477.2,27.83,71.9,3.51,75
2026-08-02 11:00:26.640,19.189236,73.193424,44.3,70.3,473.1,27.73,71.7,3.51,74
2026-08-02 11:00:26.720,19.189243,73.193477,45.6,73.0,477.3,27.74,71.4,3.6,76
2026-08-02 11:00:26.800,19.189221,73.193288,45.3,70.6,479.9,27.77,71.7,3.71,76
2026-08-02 11:00:26.880,19.189264,73.193365,45.5,71.4,479.3,27.78,71.7,3.57,76
2026-08-02 11:00:26.960,19.189224,73.193335,46.2,75.4,472.6,27.79,72.0,3.57,77
2026-08-02 11:00:27.040,19.189305,73.193289,44.8,70.9,478.4,27.75,72.5,3.58,75
2026-08-02 11:00:27.120,19.189233,73.193303,47.2,76.6,476.7,27.76,71.7,3.6,79
2026-08-02 11:00:27.200,19.189266,73.19324,45.5,71.4,475.7,27.86,72.9,3.61,76
2026-08-02 11:00:27.280,19.189206,73.193268,47.2,73.2,474.8,27.83,72.7,3.65,79
2026-08-02 11:00:27.360,19.18928,73.19314,45.4,73.3,479.5,27.8,72.3,3.67,76
2026-08-02 11:00:27.440,19.189269,73.193197,47.3,73.5,480.8,27.8,72.0,3.56,79
2026-08-02 11:00:27.520,19.189308,73.193153,43.6,68.6,477.5,27.81,72.2,3.58,73
2026-08-02 11:00:27.600,19.189316,73.193085,45.6,73.8,477.9,27.79,71.8,3.56,76
2026-08-02 11:00:27.680,19.189304,73.19316,45.1,70.6,479.0,27.78,72.3,3.57,75
2026-08-02 11:00:27.760,19.189326,73.193075,44.5,71.7,480.0,27.78,72.2,3.68,74
2026-08-02 11:00:27.840,19.189367,73.19306,44.3,72.9,478.9,27.81,72.0,3.69,74
2026-08-02 11:00:27.920,19.189303,73.193097,46.1,73.3,473.7,27.82,72.8,3.66,77
2026-08-02 11:00:28.000,19.189381,73.193031,45.7,72.3,480.9,27.75,72.2,3.65,76
2026-08-02 11:00:28.080,19.189363,73.192922,46.4,72.9,480.8,27.67,71.8,3.61,77
2026-08-02 11:00:28.160,19.189373,73.192974,46.2,72.3,485.1,27.8,72.2,3.7,77
2026-08-02 11:00:28.240,19.189348,73.192925,45.9,74.5,478.9,27.89,72.2,3.61,76
2026-08-02 11:00:28.320,19.189383,73.192831,46.2,75.2,477.2,27.72,72.0,3.59,77
2026-08-02 11:00:28.400,19.189482,73.192913,47.1,74.6,477.6,27.79,73.1,3.7,78
2026-08-02 11:00:28.480,19.189448,73.192811,47.5,75.9,478.8,27.82,72.4,3.66,79
2026-08-02 11:00:28.560,19.189426,73.1929,47.1,75.0,480.9,27.83,72.8,3.51,78
2026-08-02 11:00:28.640,19.189459,73.19279,47.1,74.9,479.7,27.71,72.6,3.55,78
2026-08-02 11:00:28.720,19.189416,73.192773,46.8,73.6,488.6,27.84,72.1,3.75,78
2026-08-02 11:00:28.800,19.189456,73.192741,47.0,73.9,476.2,27.78,71.9,3.64,78
2026-08-02 11:00:28.880,19.189425,73.192712,45.3,72.6,480.2,27.76,72.5,3.63,76
2026-08-02 11:00:28.960,19.189528,73.192669,46.0,72.8,477.2,27.82,72.8,3.73,77
2026-08-02 11:00:29.040,19.189479,73.19264,47.5,76.7,482.3,27.78,73.2,3.64,79
2026-08-02 11:00:29.120,19.189533,73.192679,46.8,74.4,479.9,27.78,71.8,3.58,78
2026-08-02 11:00:29.200,19.189508,73.192573,45.8,74.4,482.0,27.75,72.0,3.59,76
2026-08-02 11:00:29.280,19.189544,73.192576,47.2,75.8,484.2,27.72,72.8,3.64,79
2026-08-02 11:00:29.360,19.189573,73.192528,46.2,73.8,479.1,27.83,73.0,3.66,77
2026-08-02 11:00:29.440,19.189515,73.192539,46.9,73.2,488.1,27.82,73.1,3.57,78
2026-08-02 11:00:29.520,19.189548,73.192515,48.6,76.8,480.8,27.85,72.2,3.65,81
2026-08-02 11:00:29.600,19.189569,73.192519,46.8,74.5,483.1,27.82,73.1,3.56,78
2026-08-02 11:00:29.680,19.189609,73.192495,46.8,73.2,486.2,27.92,72.9,3.56,78
2026-08-02 11:00:29.760,19.189605,73.192487,47.0,74.9,477.2,27.88,72.7,3.48,78
2026-08-02 11:00:29.840,19.189676,73.192497,47.4,75.6,486.3,27.71,72.5,3.52,79
2026-08-02 11:00:29.920,19.18966,73.192425,47.0,73.4,492.6,27.81,72.9,3.59,78
2026-08-02 11:00:30.000,19.189661,73.192368,47.5,76.9,483.5,27.84,72.8,3.51,79
2026-08-02 11:00:30.080,19.189634,73.192334,47.9,74.9,482.6,27.73,73.0,3.56,80
2026-08-02 11:00:30.160,19.189683,73.192289,47.0,74.4,484.9,27.83,73.1,3.56,78
2026-08-02 11:00:30.240,19.18971,73.192349,48.8,79.6,480.7,27.91,72.8,3.56,81
2026-08-02 11:00:30.320,19.189703,73.192357,48.2,75.2,477.8,27.91,72.1,3.55,80
2026-08-02 11:00:30.400,19.189673,73.192228,47.1,74.5,477.8,27.85,72.4,3.53,78
2026-08-02 11:00:30.480,19.189765,73.192265,46.5,73.3,472.9,27.89,72.9,3.46,78
2026-08-02 11:00:30.560,19.189768,73.192247,48.4,77.4,480.0,27.84,72.8,3.4,81
2026-08-02 11:00:30.640,19.189842,73.192215,48.0,78.3,484.5,27.91,73.4,3.42,80
2026-08-02 11:00:30.720,19.189863,73.192213,47.4,75.2,491.8,27.85,73.1,3.45,79
2026-08-02 11:00:30.800,19.189792,73.192159,46.2,71.4,480.5,27.8,73.0,3.44,77
2026-08-02 11:00:30.880,19.189823,73.19221,47.2,76.3,480.0,27.86,73.5,3.62,79
2026-08-02 11:00:30.960,19.189864,73.192118,47.0,75.4,489.9,27.91,73.2,3.59,78
2026-08-02 11:00:31.040,19.189858,73.192154,48.6,75.8,481.2,27.85,72.6,3.45,81
2026-08-02 11:00:31.120,19.189913,73.192125,48.9,77.4,480.9,27.82,73.3,3.39,82
2026-08-02 11:00:31.200,19.18992,73.192146,48.5,76.3,477.3,27.84,72.6,3.39,81
2026-08-02 11:00:31.280,19.189878,73.192074,49.3,79.9,484.2,27.91,73.0,3.44,82
2026-08-02 11:00:31.360,19.189979,73.192129,48.9,79.4,486.4,27.89,72.7,3.64,82
2026-08-02 11:00:31.440,19.189943,73.192008,48.3,75.4,489.1,27.88,73.3,3.33,80
2026-08-02 11:00:31.520,19.190051,73.192068,46.3,73.5,480.3,27.78,73.4,3.29,77
2026-08-02 11:00:31.600,19.190037,73.191947,48.8,75.8,489.0,27.91,73.0,3.48,81
2026-08-02 11:00:31.680,19.190034,73.191954,48.0,76.3,484.5,27.82,73.2,3.25,80
2026-08-02 11:00:31.760,19.190028,73.192,47.2,73.3,484.2,27.89,73.3,3.37,79
2026-08-02 11:00:31.840,19.190061,73.191943,47.4,72.2,485.4,27.87,72.9,3.39,79
2026-08-02 11:00:31.920,19.190103,73.191854,45.8,73.6,479.7,27.85,73.5,3.5,76
2026-08-02 11:00:32.000,19.190088,73.191882,47.5,76.3,484.7,27.86,72.6,3.47,79
2026-08-02 11:00:32.080,19.190132,73.191912,48.2,76.4,485.8,27.88,73.1,3.32,80
2026-08-02 11:00:32.160,19.190148,73.19188,47.6,73.9,484.1,27.9,72.9,3.28,79
2026-08-02 11:00:32.240,19.190132,73.191808,48.3,77.1,491.9,27.86,73.0,3.42,80
2026-08-02 11:00:32.320,19.190141,73.191819,47.1,74.9,483.0,27.99,73.5,3.34,78
2026-08-02 11:00:32.400,19.190186,73.1918,48.3,76.6,484.4,27.89,73.9,3.41,80
2026-08-02 11:00:32.480,19.190282,73.191818,48.9,75.5,483.8,27.84,73.0,3.28,82
2026-08-02 11:00:32.560,19.19022,73.191772,49.8,77.0,478.5,27.83,73.4,3.4,83
2026-08-02 11:00:32.640,19.19022,73.191765,48.4,76.4,479.4,27.9,73.9,3.31,81
2026-08-02 11:00:32.720,19.190292,73.191722,47.9,75.6,485.6,27.98,73.3,3.3,80
2026-08-02 11:00:32.800,19.190268,73.191722,46.5,72.2,484.7,27.97,73.6,3.27,78
2026-08-02 11:00:32.880,19.190265,73.191716,48.2,74.9,489.5,27.87,73.5,3.27,80
2026-08-02 11:00:32.960,19.190317,73.191714,48.7,76.0,478.7,27.98,73.4,3.39,81
2026-08-02 11:00:33.040,19.190321,73.191629,48.6,75.7,484.6,27.92,73.6,3.23,81
2026-08-02 11:00:33.120,19.190298,73.191657,45.8,71.7,485.8,27.87,73.8,3.37,76
2026-08-02 11:00:33.200,19.190382,73.191606,47.6,74.8,480.4,27.94,73.9,3.47,79
2026-08-02 11:00:33.280,19.190368,73.191612,48.1,76.6,492.6,27.93,73.2,3.19,80
2026-08-02 11:00:33.360,19.190426,73.19169,49.3,76.2,481.9,27.94,73.8,3.13,82
2026-08-02 11:00:33.440,19.190404,73.191607,48.5,76.1,485.5,27.87,73.6,3.29,81
2026-08-02 11:00:33.520,19.190469,73.19159,48.3,76.1,483.5,27.99,73.7,3.35,80
2026-08-02 11:00:33.600,19.190485,73.19152,49.0,78.9,487.5,27.88,73.6,3.18,82
2026-08-02 11:00:33.680,19.190443,73.191545,47.4,73.1,487.2,27.97,73.7,3.31,79
2026-08-02 11:00:33.760,19.190561,73.191468,48.0,75.6,482.4,28.01,73.5,3.15,80
2026-08-02 11:00:33.840,19.190565,73.191534,49.1,76.8,486.6,27.91,73.8,3.22,82
2026-08-02 11:00:33.920,19.190567,73.191522,49.2,78.5,492.0,27.97,73.5,3.41,82
2026-08-02 11:00:34.000,19.190623,73.19153,47.2,76.6,491.8,27.98,73.6,3.32,79
2026-08-02 11:00:34.080,19.190591,73.191478,50.2,78.2,484.4,27.89,74.4,3.16,84
2026-08-02 11:00:34.160,19.190667,73.19146,48.5,76.4,496.4,27.95,73.5,3.18,81
2026-08-02 11:00:34.240,19.190597,73.191458,50.0,79.0,487.7,27.98,73.9,3.04,83
2026-08-02 11:00:34.320,19.190672,73.191417,49.2,77.6,485.2,27.9,73.8,3.23,82
2026-08-02 11:00:34.400,19.1907,73.19145,46.5,73.4,489.4,27.91,74.0,3.14,78
2026-08-02 11:00:34.480,19.190653,73.191421,48.9,76.4,492.8,27.95,74.0,3.22,82
2026-08-02 11:00:34.560,19.190781,73.191344,49.1,75.5,488.7,27.92,73.9,3.06,82
2026-08-02 11:00:34.640,19.190688,73.191379,47.8,76.5,491.6,27.9,74.1,3.23,80
2026-08-02 11:00:34.720,19.19069,73.191322,50.1,78.6,493.2,28.0,74.1,3.12,84
2026-08-02 11:00:34.800,19.190767,73.191335,48.6,75.9,483.0,28.0,73.4,3.2,81
2026-08-02 11:00:34.880,19.190875,73.191383,46.6,75.8,487.4,27.94,73.9,3.12,78
2026-08-02 11:00:34.960,19.1908,73.191397,48.4,73.0,486.0,27.94,73.8,3.0,81
2026-08-02 11:00:35.040,19.190807,73.191311,48.7,76.9,490.4,28.06,73.8,3.12,81
2026-08-02 11:00:35.120,19.190854,73.19127,48.5,75.8,495.5,27.91,73.5,3.15,81
2026-08-02 11:00:35.200,19.190924,73.191327,49.4,76.1,489.3,28.06,73.9,3.0,82
2026-08-02 11:00:35.280,19.190921,73.191328,47.5,74.4,492.4,27.96,74.4,3.08,79
2026-08-02 11:00:35.360,19.190905,73.191295,49.4,77.7,484.9,27.96,74.1,3.03,82
2026-08-02 11:00:35.440,19.190936,73.191289,48.9,77.5,493.6,28.04,74.0,2.96,82
2026-08-02 11:00:35.520,19.190897,73.191219,48.6,75.8,491.3,28.03,74.0,3.04,81
2026-08-02 11:00:35.600,19.190961,73.19128,49.2,75.0,486.5,27.95,74.0,3.0,82
2026-08-02 11:00:35.680,19.190992,73.191195,49.1,76.3,489.0,28.07,74.4,3.12,82
2026-08-02 11:00:35.760,19.191007,73.191194,49.4,77.2,489.0,27.94,74.0,3.0,82
2026-08-02 11:00:35.840,19.191029,73.191229,45.6,72.9,484.7,27.96,74.1,3.01,76
2026-08-02 11:00:35.920,19.191044,73.191198,47.8,73.3,494.4,27.89,74.7,3.02,80
2026-08-02 11:00:36.000,19.191035,73.191219,47.7,72.1,496.4,27.92,74.4,3.05,80
2026-08-02 11:00:36.080,19.191082,73.191177,47.9,74.8,492.7,27.99,74.4,3.06,80
2026-08-02 11:00:36.160,19.191086,73.19118,49.9,75.1,490.5,28.06,74.4,3.04,83
2026-08-02 11:00:36.240,19.191132,73.191181,48.7,77.9,490.2,28.04,73.9,2.92,81
2026-08-02 11:00:36.320,19.191164,73.191203,47.5,73.8,485.1,28.05,74.2,3.0,79
2026-08-02 11:00:36.400,19.191123,73.191179,48.8,74.0,491.9,28.0,74.1,3.01,81
2026-08-02 11:00:36.480,19.191194,73.191153,48.4,73.2,491.5,28.0,74.5,3.1,81
2026-08-02 11:00:36.560,19.191226,73.191071,47.2,73.6,489.2,28.04,74.3,2.93,79
2026-08-02 11:00:36.640,19.191191,73.191123,45.8,73.6,488.8,28.01,74.2,2.91,76
2026-08-02 11:00:36.720,19.191224,73.191128,50.4,76.3,493.4,28.02,74.3,2.99,84
2026-08-02 11:00:36.800,19.191238,73.191101,47.2,74.3,493.4,28.03,74.0,2.95,79
2026-08-02 11:00:36.880,19.191293,73.191137,47.4,73.2,481.7,27.99,74.7,2.99,79
2026-08-02 11:00:36.960,19.191216,73.191177,48.2,74.3,488.6,28.08,74.5,2.95,80
2026-08-02 11:00:37.040,19.191306,73.191084,47.5,74.2,487.2,28.1,74.1,2.86,79
2026-08-02 11:00:37.120,19.191355,73.191079,47.5,72.9,488.7,28.05,74.1,2.93,79
2026-08-02 11:00:37.200,19.191302,73.191092,47.3,73.9,491.0,28.02,74.6,2.92,79
2026-08-02 11:00:37.280,19.191423,73.191043,47.6,74.7,492.6,28.11,73.5,2.97,79
2026-08-02 11:00:37.360,19.191345,73.19107,49.8,74.9,486.2,27.96,74.4,2.85,83
2026-08-02 11:00:37.440,19.191406,73.191049,47.4,75.0,489.8,28.1,74.9,2.84,79
2026-08-02 11:00:37.520,19.191309,73.191077,48.7,71.5,496.3,27.98,74.3,2.99,81
2026-08-02 11:00:37.600,19.191419,73.191018,48.6,75.0,483.5,28.1,74.4,2.98,81
2026-08-02 11:00:37.680,19.191369,73.191032,48.1,74.2,489.4,28.03,74.4,2.95,80
2026-08-02 11:00:37.760,19.191403,73.190953,47.3,75.2,483.8,28.12,74.8,2.89,79
2026-08-02 11:00:37.840,19.191441,73.191,48.2,74.5,491.0,28.06,74.3,3.05,80
2026-08-02 11:00:37.920,19.191439,73.190987,50.2,79.6,484.8,28.14,74.8,2.95,84
2026-08-02 11:00:38.000,19.19144,73.190992,48.9,76.0,489.9,28.04,74.4,2.95,82
2026-08-02 11:00:38.080,19.191516,73.191027,46.6,73.1,487.6,28.13,74.3,2.84,78
2026-08-02 11:00:38.160,19.191546,73.191053,45.9,71.7,487.7,28.05,74.7,2.75,76
2026-08-02 11:00:38.240,19.191456,73.190978,48.5,76.3,491.4,28.08,74.6,2.83,81
2026-08-02 11:00:38.320,19.19151,73.19102,50.5,77.1,492.7,28.16,74.5,2.86,84
2026-08-02 11:00:38.400,19.191573,73.190944,48.6,75.0,489.5,28.13,74.6,2.82,81
2026-08-02 11:00:38.480,19.19156,73.190911,48.3,75.2,491.6,28.04,74.7,2.86,80
2026-08-02 11:00:38.560,19.191587,73.190934,48.2,73.7,486.7,28.11,74.7,2.79,80
2026-08-02 11:00:38.640,19.191655,73.191018,49.7,77.8,488.2,28.2,74.8,2.69,83
2026-08-02 11:00:38.720,19.191612,73.19099,48.1,76.7,486.8,28.14,74.2,2.86,80
2026-08-02 11:00:38.800,19.191629,73.19091,48.1,76.0,485.8,28.16,74.1,2.96,80
2026-08-02 11:00:38.880,19.191648,73.190973,46.2,73.5,489.9,28.05,74.4,2.7,77
2026-08-02 11:00:38.960,19.191654,73.190913,46.6,69.6,491.1,28.04,75.2,2.81,78
2026-08-02 11:00:39.040,19.191656,73.190898,47.9,73.3,484.0,28.11,74.4,2.81,80
2026-08-02 11:00:39.120,19.191619,73.190911,47.9,71.7,485.0,28.07,74.7,2.68,80
2026-08-02 11:00:39.200,19.191757,73.190884,47.0,70.8,483.6,28.14,74.5,2.57,78
2026-08-02 11:00:39.280,19.191669,73.19091,47.0,71.3,491.9,28.16,74.7,2.81,78
2026-08-02 11:00:39.360,19.19173,73.190936,45.6,71.0,476.8,28.1,74.5,2.79,76
2026-08-02 11:00:39.440,19.191672,73.190865,48.2,75.5,484.5,28.04,74.1,2.7,80
2026-08-02 11:00:39.520,19.191693,73.190872,47.9,75.7,486.6,28.08,74.8,2.81,80
2026-08-02 11:00:39.600,19.191747,73.190951,46.7,70.7,489.8,28.1,74.6,2.77,78
2026-08-02 11:00:39.680,19.191752,73.190913,46.8,72.7,495.7,28.09,74.1,2.79,78
2026-08-02 11:00:39.760,19.191745,73.190853,48.0,73.7,482.2,28.19,74.6,2.91,80
2026-08-02 11:00:39.840,19.191754,73.190903,45.1,71.2,493.8,28.08,74.6,2.8,75
2026-08-02 11:00:39.920,19.19176,73.190859,47.0,71.1,487.6,28.19,74.6,2.65,78
2026-08-02 11:00:40.000,19.19176,73.19085,45.8,70.0,485.4,28.08,74.9,2.84,76
2026-08-02 11:00:40.080,19.191714,73.190863,48.4,74.5,489.9,28.07,74.9,2.76,81
2026-08-02 11:00:40.160,19.191789,73.190814,45.8,72.1,488.2,28.11,74.3,2.77,76
2026-08-02 11:00:40.240,19.191787,73.190846,46.6,71.7,478.5,28.07,74.9,2.73,78
2026-08-02 11:00:40.320,19.191788,73.19082,45.0,69.1,489.5,28.23,75.2,2.86,75
2026-08-02 11:00:40.400,19.19178,73.190811,47.1,73.2,492.2,28.18,74.7,2.7,78
2026-08-02 11:00:40.480,19.191804,73.190786,45.9,69.8,487.0,28.08,74.7,2.81,76
2026-08-02 11:00:40.560,19.191817,73.190858,47.6,70.6,482.6,28.16,74.4,2.89,79
2026-08-02 11:00:40.640,19.191857,73.190847,45.7,70.1,484.7,28.08,74.8,2.54,76
2026-08-02 11:00:40.720,19.191842,73.190813,47.2,73.5,488.7,28.17,74.4,2.78,79
2026-08-02 11:00:40.800,19.191862,73.190813,44.8,68.4,485.6,28.07,74.2,2.75,75
2026-08-02 11:00:40.880,19.191794,73.190808,46.0,73.4,488.6,28.1,74.6,2.77,77
2026-08-02 11:00:40.960,19.191797,73.190757,46.8,72.2,497.4,28.1,74.3,2.88,78
2026-08-02 11:00:41.040,19.191771,73.190817,47.0,72.9,487.1,28.11,74.9,2.79,78
2026-08-02 11:00:41.120,19.191846,73.190796,46.4,71.4,492.8,28.09,75.1,2.82,77
2026-08-02 11:00:41.200,19.191868,73.190766,45.6,68.1,486.7,28.03,74.6,2.67,76
2026-08-02 11:00:41.280,19.191898,73.190834,43.3,66.8,478.1,28.13,74.9,2.67,72
2026-08-02 11:00:41.360,19.1918,73.190769,45.7,67.9,487.8,28.21,74.6,2.81,76
2026-08-02 11:00:41.440,19.191885,73.190778,46.4,69.6,483.8,28.11,74.4,2.65,77
2026-08-02 11:00:41.520,19.191853,73.190803,46.1,70.4,487.3,28.05,74.6,2.73,77
2026-08-02 11:00:41.600,19.191875,73.190771,47.8,74.0,487.8,28.09,74.3,2.72,80
2026-08-02 11:00:41.680,19.19185,73.190827,45.8,70.4,489.8,28.12,74.6,2.67,76
2026-08-02 11:00:41.760,19.191908,73.190794,44.4,68.4,486.2,28.14,74.3,2.65,74
2026-08-02 11:00:41.840,19.191867,73.190828,47.6,72.7,478.8,28.09,74.5,2.63,79
2026-08-02 11:00:41.920,19.191809,73.190809,46.1,70.6,480.3,28.07,74.6,2.67,77
2026-08-02 11:00:42.000,19.191851,73.190832,47.3,71.6,482.5,28.16,74.3,2.7,79
2026-08-02 11:00:42.080,19.191855,73.190737,46.4,71.2,484.9,28.08,74.4,2.64,77
2026-08-02 11:00:42.160,19.191847,73.190784,45.5,71.1,483.6,28.22,74.6,2.71,76
2026-08-02 11:00:42.240,19.191791,73.190802,44.4,66.2,482.0,28.18,74.6,2.73,74
2026-08-02 11:00:42.320,19.191897,73.19076,46.2,71.7,483.7,28.16,74.5,2.9,77
2026-08-02 11:00:42.400,19.191799,73.19073,46.5,71.4,479.0,28.16,75.2,2.75,78
2026-08-02 11:00:42.480,19.191818,73.190724,46.2,70.8,483.4,28.13,74.7,2.72,77
2026-08-02 11:00:42.560,19.191829,73.190728,45.7,73.9,480.3,28.09,74.3,2.66,76
2026-08-02 11:00:42.640,19.191817,73.190781,45.1,69.1,484.3,28.22,74.8,2.65,75
2026-08-02 11:00:42.720,19.191824,73.190746,44.7,70.7,480.0,28.24,74.5,2.84,74
2026-08-02 11:00:42.800,19.191858,73.190748,44.8,65.3,480.5,28.21,74.5,2.78,75
2026-08-02 11:00:42.880,19.191842,73.190772,45.7,67.9,479.9,28.15,74.6,2.63,76
2026-08-02 11:00:42.960,19.191808,73.190743,44.0,66.9,486.8,28.15,74.6,2.69,73
2026-08-02 11:00:43.040,19.191844,73.190773,44.4,68.9,476.8,28.12,74.7,2.73,74
2026-08-02 11:00:43.120,19.191852,73.19075,44.4,68.0,487.7,28.21,74.5,2.82,74
2026-08-02 11:00:43.200,19.191827,73.190712,45.3,65.7,479.7,28.08,74.0,2.68,76
2026-08-02 11:00:43.280,19.191831,73.190786,46.6,68.2,482.0,28.03,74.5,2.77,78
2026-08-02 11:00:43.360,19.191838,73.190736,44.6,66.1,483.6,28.17,73.9,2.76,74
2026-08-02 11:00:43.440,19.191762,73.190735,44.3,68.1,487.0,28.21,74.7,2.78,74
2026-08-02 11:00:43.520,19.191812,73.190748,42.9,63.6,478.6,28.08,74.2,2.78,72
2026-08-02 11:00:43.600,19.191778,73.190753,45.6,69.9,485.4,28.11,74.4,2.75,76
2026-08-02 11:00:43.680,19.191755,73.190719,45.1,68.6,481.5,28.2,74.3,2.72,75
2026-08-02 11:00:43.760,19.191786,73.190792,45.0,68.1,485.0,28.09,74.7,2.81,75
2026-08-02 11:00:43.840,19.191793,73.190666,45.1,69.1,480.9,28.16,74.9,2.78,75
2026-08-02 11:00:43.920,19.191763,73.190771,46.2,70.6,484.0,28.22,74.3,2.82,77
2026-08-02 11:00:44.000,19.191732,73.190665,44.6,69.5,482.2,28.1,74.5,2.73,74
2026-08-02 11:00:44.080,19.191788,73.190693,45.9,70.6,480.1,28.07,74.6,2.64,76
2026-08-02 11:00:44.160,19.191695,73.190732,44.4,68.3,480.2,28.22,74.6,2.77,74
2026-08-02 11:00:44.240,19.19172,73.190675,46.4,72.0,484.7,28.08,73.6,2.85,77
2026-08-02 11:00:44.320,19.191724,73.190736,46.0,71.6,486.5,28.2,74.6,2.73,77
2026-08-02 11:00:44.400,19.191757,73.190618,45.4,68.9,486.1,28.08,74.1,2.81,76
2026-08-02 11:00:44.480,19.191649,73.190696,45.9,68.9,479.7,28.19,74.0,2.67,76
2026-08-02 11:00:44.560,19.191712,73.190682,44.3,67.0,480.0,28.16,74.8,2.84,74
2026-08-02 11:00:44.640,19.191667,73.190734,45.1,64.3,481.1,28.12,74.7,2.71,75
2026-08-02 11:00:44.720,19.19167,73.190711,45.0,70.0,486.1,28.21,74.1,2.68,75
2026-08-02 11:00:44.800,19.191596,73.190677,43.0,65.1,481.8,28.12,74.4,2.79,72
2026-08-02 11:00:44.880,19.19164,73.190688,44.2,68.2,481.8,28.15,73.7,2.78,74
2026-08-02 11:00:44.960,19.191583,73.19066,44.5,68.0,479.2,28.13,74.3,2.66,74
2026-08-02 11:00:45.040,19.191565,73.190646,44.1,67.7,478.3,28.1,74.2,2.61,74
2026-08-02 11:00:45.120,19.191656,73.19069,43.0,63.5,473.2,28.1,74.1,2.85,72
2026-08-02 11:00:45.200,19.191599,73.190713,42.6,64.8,474.9,28.15,73.6,2.77,71
2026-08-02 11:00:45.280,19.191576,73.190669,45.6,68.3,477.3,28.18,74.3,2.81,76
2026-08-02 11:00:45.360,19.191517,73.190702,44.6,67.3,476.0,28.1,74.2,2.87,74
2026-08-02 11:00:45.440,19.191524,73.190665,44.7,67.4,473.9,28.19,74.5,2.84,74
2026-08-02 11:00:45.520,19.191543,73.190698,45.6,70.5,469.7,28.05,74.3,2.77,76
2026-08-02 11:00:45.600,19.191532,73.19059,45.7,69.6,480.9,28.17,74.3,2.9,76
2026-08-02 11:00:45.680,19.191506,73.190639,44.2,65.7,479.5,28.1,74.3,2.66,74
2026-08-02 11:00:45.760,19.191418,73.190657,42.6,64.6,477.3,28.16,73.4,2.8,71
2026-08-02 11:00:45.840,19.19145,73.190592,45.2,67.5,478.9,28.07,74.1,2.93,75
2026-08-02 11:00:45.920,19.191423,73.190702,44.9,65.3,476.9,28.11,74.0,2.79,75
2026-08-02 11:00:46.000,19.191369,73.190613,43.6,66.6,481.6,28.21,73.6,2.88,73
2026-08-02 11:00:46.080,19.191407,73.190591,45.5,71.0,480.5,28.18,73.8,2.7,76
2026-08-02 11:00:46.160,19.191361,73.190618,43.7,63.8,480.8,28.08,73.6,2.86,73
2026-08-02 11:00:46.240,19.191344,73.190617,44.4,69.6,481.2,28.14,74.0,2.73,74
2026-08-02 11:00:46.320,19.191299,73.190647,45.3,70.9,482.7,28.15,73.8,2.75,76
2026-08-02 11:00:46.400,19.191311,73.190613,43.9,65.5,473.8,28.11,73.7,2.84,73
2026-08-02 11:00:46.480,19.191271,73.190653,43.8,65.1,468.6,28.04,74.0,2.87,73
2026-08-02 11:00:46.560,19.191283,73.190663,44.2,68.2,478.3,28.21,74.2,2.74,74
2026-08-02 11:00:46.640,19.191265,73.190609,42.4,64.9,471.5,28.12,73.8,2.8,71
2026-08-02 11:00:46.720,19.1912,73.190645,44.3,66.5,472.9,28.25,73.4,2.84,74
2026-08-02 11:00:46.800,19.191215,73.190589,45.0,70.0,479.3,28.09,73.9,2.76,75
2026-08-02 11:00:46.880,19.191201,73.190666,44.3,66.6,475.4,28.12,73.5,2.82,74
2026-08-02 11:00:46.960,19.191254,73.19051,45.7,69.9,473.7,28.22,73.8,2.83,76
2026-08-02 11:00:47.040,19.191142,73.190638,42.9,64.5,471.5,28.08,73.8,2.92,72
2026-08-02 11:00:47.120,19.191123,73.190654,43.7,63.9,472.2,28.12,74.3,2.71,73
2026-08-02 11:00:47.200,19.1911,73.190562,45.0,68.7,473.9,28.16,73.8,2.79,75
2026-08-02 11:00:47.280,19.191108,73.190612,45.8,67.4,477.6,28.03,73.3,2.95,76
2026-08-02 11:00:47.360,19.191159,73.190587,42.8,63.2,471.9,28.15,73.3,2.84,71
2026-08-02 11:00:47.440,19.191081,73.190594,44.0,66.1,474.3,28.03,73.5,2.82,73
2026-08-02 11:00:47.520,19.190994,73.190577,44.2,66.1,471.1,28.15,73.9,2.69,74
2026-08-02 11:00:47.600,19.190946,73.190547,45.0,68.9,476.5,28.02,73.4,2.8,75
2026-08-02 11:00:47.680,19.190993,73.190533,44.5,66.0,475.2,28.09,73.7,2.87,74
2026-08-02 11:00:47.760,19.190999,73.190468,45.3,66.4,482.4,28.12,73.5,2.8,76
2026-08-02 11:00:47.840,19.190851,73.190474,42.0,65.4,472.4,28.1,73.5,2.96,70
2026-08-02 11:00:47.920,19.190867,73.190516,42.3,62.2,477.6,28.07,73.0,2.8,70
2026-08-02 11:00:48.000,19.190826,73.19053,43.2,63.9,474.2,28.1,73.3,2.86,72
2026-08-02 11:00:48.080,19.190815,73.190568,43.2,66.5,473.0,28.16,73.5,2.79,72
2026-08-02 11:00:48.160,19.19074,73.190557,42.1,60.6,474.4,28.05,73.6,2.84,70
2026-08-02 11:00:48.240,19.190804,73.190457,41.0,61.0,474.5,28.03,73.1,2.8,68
2026-08-02 11:00:48.320,19.190752,73.190521,43.8,65.4,470.7,28.12,73.0,2.78,73
2026-08-02 11:00:48.400,19.190806,73.190446,43.3,64.1,472.8,28.07,73.0,2.9,72
2026-08-02 11:00:48.480,19.190683,73.190475,43.4,64.1,473.8,28.13,73.0,2.89,72
2026-08-02 11:00:48.560,19.190702,73.190532,41.9,63.8,480.3,28.02,73.4,3.04,70
2026-08-02 11:00:48.640,19.190631,73.190501,42.8,63.8,469.8,28.11,73.2,2.82,71
2026-08-02 11:00:48.720,19.190647,73.190532,44.4,67.0,465.0,28.18,72.7,2.81,74
2026-08-02 11:00:48.800,19.190606,73.190524,42.3,63.3,470.2,28.07,73.1,2.7,70
2026-08-02 11:00:48.880,19.190546,73.190392,43.2,64.5,472.2,28.03,72.7,2.79,72
2026-08-02 11:00:48.960,19.190428,73.190495,43.9,64.7,466.1,28.04,72.6,2.96,73
2026-08-02 11:00:49.040,19.190498,73.190468,42.8,66.1,468.8,28.14,73.4,3.01,71
2026-08-02 11:00:49.120,19.190427,73.190422,44.6,66.6,476.5,28.06,73.4,3.0,74
2026-08-02 11:00:49.200,19.190465,73.190341,43.9,63.6,470.9,27.97,73.2,2.95,73
2026-08-02 11:00:49.280,19.19039,73.190352,43.4,63.5,471.0,27.93,73.2,2.82,72
2026-08-02 11:00:49.360,19.190381,73.190431,43.7,66.4,470.0,28.04,73.2,2.99,73
2026-08-02 11:00:49.440,19.190329,73.190375,43.2,63.2,467.7,28.05,73.1,2.87,72
2026-08-02 11:00:49.520,19.190271,73.190405,43.4,64.6,467.6,28.05,73.0,2.85,72
2026-08-02 11:00:49.600,19.190345,73.190408,43.9,65.1,468.8,28.1,73.1,2.9,73
2026-08-02 11:00:49.680,19.190258,73.190385,41.7,62.8,473.5,27.97,72.8,2.92,70
2026-08-02 11:00:49.760,19.190223,73.190346,45.8,71.2,468.5,27.99,73.0,2.84,76
2026-08-02 11:00:49.840,19.190256,73.190335,43.9,64.6,470.9,28.0,73.1,2.83,73
2026-08-02 11:00:49.920,19.190183,73.190366,43.3,68.1,470.1,28.07,72.5,2.81,72
2026-08-02 11:00:50.000,19.19017,73.190317,44.2,66.7,467.5,28.0,73.7,2.77,74
2026-08-02 11:00:50.080,19.19012,73.190294,44.5,68.4,467.8,28.05,73.0,2.98,74
2026-08-02 11:00:50.160,19.190053,73.190332,44.3,68.2,468.9,28.0,73.1,2.89,74
2026-08-02 11:00:50.240,19.190047,73.190362,45.3,69.5,469.8,28.08,72.5,2.68,76
2026-08-02 11:00:50.320,19.190034,73.190316,43.4,63.2,465.8,27.98,72.4,2.77,72
2026-08-02 11:00:50.400,19.18995,73.190344,44.0,66.7,467.5,28.07,72.8,2.8,73
2026-08-02 11:00:50.480,19.189929,73.190296,43.8,66.9,477.8,28.09,73.2,2.9,73
2026-08-02 11:00:50.560,19.189919,73.190235,43.0,64.9,468.4,27.98,72.7,2.86,72
2026-08-02 11:00:50.640,19.189866,73.190335,44.7,65.2,471.7,28.08,73.3,2.83,74
2026-08-02 11:00:50.720,19.189808,73.190299,43.2,63.7,469.8,28.03,72.4,2.96,72
2026-08-02 11:00:50.800,19.18984,73.190276,43.5,66.7,466.2,27.92,72.8,2.99,72
2026-08-02 11:00:50.880,19.189794,73.190254,42.9,63.7,468.7,28.06,72.5,2.84,72
2026-08-02 11:00:50.960,19.189734,73.190257,44.2,65.9,468.8,28.01,72.3,2.81,74
2026-08-02 11:00:51.040,19.189771,73.190246,42.4,60.8,470.0,28.02,72.5,2.76,71
2026-08-02 11:00:51.120,19.189713,73.190267,44.9,66.1,466.7,28.05,72.5,2.87,75
2026-08-02 11:00:51.200,19.189656,73.190221,44.3,67.8,466.9,27.92,72.6,2.77,74
2026-08-02 11:00:51.280,19.189612,73.190208,43.5,65.0,471.7,27.98,72.3,2.89,72
2026-08-02 11:00:51.360,19.18958,73.19018,42.9,63.8,468.4,28.01,73.5,2.81,72
2026-08-02 11:00:51.440,19.189549,73.190138,41.5,61.2,467.4,27.96,72.6,2.78,69
2026-08-02 11:00:51.520,19.189533,73.190162,44.4,65.2,464.4,27.94,71.7,2.71,74
2026-08-02 11:00:51.600,19.189483,73.190135,44.2,63.9,464.7,27.97,72.4,2.78,74
2026-08-02 11:00:51.680,19.189486,73.190172,44.3,66.3,472.3,28.04,72.5,2.84,74
2026-08-02 11:00:51.760,19.189355,73.190131,43.4,66.4,465.4,27.96,72.1,2.85,72
2026-08-02 11:00:51.840,19.189389,73.19007,45.3,65.8,465.6,28.08,72.6,2.73,76
2026-08-02 11:00:51.920,19.189313,73.190106,43.3,64.6,467.8,27.98,72.9,2.79,72
2026-08-02 11:00:52.000,19.189268,73.190099,42.9,64.3,473.6,28.03,71.9,2.67,72
2026-08-02 11:00:52.080,19.189302,73.190052,44.8,65.8,465.9,27.96,71.8,2.83,75
2026-08-02 11:00:52.160,19.189249,73.19004,42.2,61.4,460.5,27.95,72.5,2.69,70
2026-08-02 11:00:52.240,19.189256,73.190067,45.3,68.2,470.2,28.05,71.9,2.7,76
2026-08-02 11:00:52.320,19.189231,73.190103,42.9,64.4,467.8,27.91,72.2,2.7,72
2026-08-02 11:00:52.400,19.1891,73.190064,43.7,62.6,463.4,28.0,72.4,2.79,73
2026-08-02 11:00:52.480,19.189084,73.190009,45.2,66.3,464.7,27.81,72.1,2.68,75
2026-08-02 11:00:52.560,19.189075,73.190027,45.2,67.9,470.7,27.99,71.8,2.57,75
2026-08-02 11:00:52.640,19.189048,73.189967,43.6,62.6,475.9,27.95,71.9,2.82,73
2026-08-02 11:00:52.720,19.188929,73.189951,43.4,62.8,472.3,27.96,72.6,2.79,72
2026-08-02 11:00:52.800,19.188967,73.189937,43.2,64.9,464.5,27.92,72.4,2.74,72
2026-08-02 11:00:52.880,19.188848,73.189961,44.3,66.5,468.0,27.95,71.9,2.63,74
2026-08-02 11:00:52.960,19.188956,73.189959,45.7,66.9,467.1,27.96,71.2,2.68,76
2026-08-02 11:00:53.040,19.188818,73.189895,43.1,64.2,465.7,28.08,72.2,2.7,72
2026-08-02 11:00:53.120,19.188813,73.190071,44.3,66.1,467.9,27.95,72.2,2.66,74
2026-08-02 11:00:53.200,19.18872,73.18984,43.6,66.0,468.8,27.94,71.5,2.87,73
2026-08-02 11:00:53.280,19.188811,73.189879,45.8,68.7,467.3,28.01,72.1,2.58,76
2026-08-02 11:00:53.360,19.1887,73.189865,44.3,65.5,470.4,27.88,72.4,2.56,74
2026-08-02 11:00:53.440,19.188649,73.189882,43.7,64.3,462.5,27.96,72.0,2.73,73
2026-08-02 11:00:53.520,19.188721,73.189764,43.9,64.4,464.2,27.91,71.1,2.63,73
2026-08-02 11:00:53.600,19.188577,73.189868,44.1,66.3,462.3,27.81,71.8,2.74,74
2026-08-02 11:00:53.680,19.188584,73.189832,44.0,66.8,469.3,27.81,71.1,2.65,73
2026-08-02 11:00:53.760,19.188485,73.189823,42.7,63.2,466.0,27.76,71.6,2.58,71
2026-08-02 11:00:53.840,19.188474,73.189713,45.0,68.5,472.0,27.85,71.6,2.52,75
2026-08-02 11:00:53.920,19.188421,73.18977,44.7,68.0,465.4,27.85,71.7,2.48,74
2026-08-02 11:00:54.000,19.18842,73.18973,45.2,70.2,456.0,27.91,71.7,2.78,75
2026-08-02 11:00:54.080,19.188402,73.189715,42.5,63.7,467.1,27.95,72.0,2.63,71
2026-08-02 11:00:54.160,19.188339,73.189686,44.5,64.8,469.0,27.92,71.8,2.52,74
2026-08-02 11:00:54.240,19.188223,73.189691,44.7,65.1,466.9,27.8,72.2,2.44,74
2026-08-02 11:00:54.320,19.188302,73.189684,44.2,66.0,467.3,27.93,71.8,2.53,74
2026-08-02 11:00:54.400,19.188202,73.18961,44.7,64.8,465.7,27.87,71.9,2.48,74
2026-08-02 11:00:54.480,19.188232,73.189652,45.5,66.1,463.9,27.86,71.4,2.46,76
2026-08-02 11:00:54.560,19.188157,73.189635,43.5,64.6,463.3,27.86,71.8,2.6,72
2026-08-02 11:00:54.640,19.188123,73.18965,44.8,66.7,462.9,27.86,72.1,2.44,75
2026-08-02 11:00:54.720,19.18809,73.189526,45.3,66.6,468.1,27.83,72.0,2.63,76
2026-08-02 11:00:54.800,19.188083,73.189564,43.3,65.9,463.5,27.87,71.5,2.54,72
2026-08-02 11:00:54.880,19.188017,73.189562,45.0,67.7,466.2,27.77,71.5,2.55,75
2026-08-02 11:00:54.960,19.187992,73.189528,45.9,69.3,462.0,27.88,71.3,2.63,76
2026-08-02 11:00:55.040,19.187951,73.189563,43.5,65.6,463.6,27.89,71.6,2.52,72
2026-08-02 11:00:55.120,19.187897,73.18955,45.3,68.3,462.1,27.87,71.2,2.36,76
2026-08-02 11:00:55.200,19.187878,73.189517,44.2,64.7,460.1,27.8,72.0,2.5,74
2026-08-02 11:00:55.280,19.18786,73.189517,45.5,66.8,465.3,27.8,71.6,2.48,76
2026-08-02 11:00:55.360,19.18786,73.18945,45.7,66.5,464.4,27.84,70.9,2.51,76
2026-08-02 11:00:55.440,19.187773,73.1894,42.6,62.9,462.5,27.83,71.5,2.52,71
2026-08-02 11:00:55.520,19.187728,73.189361,45.6,67.9,466.5,27.94,71.4,2.53,76
2026-08-02 11:00:55.600,19.187719,73.18938,44.5,66.4,466.1,27.88,71.7,2.36,74
2026-08-02 11:00:55.680,19.187725,73.18939,45.7,69.3,467.4,27.95,71.1,2.39,76
2026-08-02 11:00:55.760,19.187636,73.189375,45.4,69.7,465.5,27.91,71.3,2.48,76
2026-08-02 11:00:55.840,19.187636,73.189357,44.8,68.4,469.7,27.92,70.8,2.42,75
2026-08-02 11:00:55.920,19.187555,73.189352,43.7,64.9,467.9,27.83,71.2,2.38,73
2026-08-02 11:00:56.000,19.187532,73.189313,44.7,67.7,466.5,27.79,71.3,2.47,74
2026-08-02 11:00:56.080,19.187525,73.189289,46.4,70.1,468.9,27.89,71.0,2.42,77
2026-08-02 11:00:56.160,19.187462,73.189231,46.3,70.6,463.9,27.84,71.6,2.46,77
2026-08-02 11:00:56.240,19.187487,73.189271,44.8,66.6,464.8,27.76,71.7,2.44,75
2026-08-02 11:00:56.320,19.187463,73.189201,45.2,71.8,468.0,27.75,70.6,2.57,75
2026-08-02 11:00:56.400,19.187355,73.189231,47.1,72.9,459.4,27.7,71.2,2.48,78
2026-08-02 11:00:56.480,19.187336,73.189218,44.3,67.1,462.8,27.85,71.6,2.44,74
2026-08-02 11:00:56.560,19.187261,73.189188,44.9,65.3,459.5,27.84,71.2,2.64,75
2026-08-02 11:00:56.640,19.187332,73.189146,45.0,66.5,461.5,27.85,71.2,2.37,75
2026-08-02 11:00:56.720,19.187222,73.189158,44.5,66.3,469.2,27.87,71.6,2.36,74
2026-08-02 11:00:56.800,19.18724,73.189138,45.6,69.3,466.3,27.86,71.2,2.26,76
2026-08-02 11:00:56.880,19.187123,73.189112,44.4,66.3,466.2,27.85,71.5,2.23,74
2026-08-02 11:00:56.960,19.18719,73.189109,44.4,66.9,461.0,27.74,71.6,2.33,74
2026-08-02 11:00:57.040,19.187087,73.189034,46.5,69.2,463.0,27.86,71.3,2.39,78
2026-08-02 11:00:57.120,19.187024,73.189027,45.9,67.0,464.8,27.81,71.4,2.3,76
2026-08-02 11:00:57.200,19.187106,73.189016,45.0,68.3,463.3,27.76,71.4,2.28,75
2026-08-02 11:00:57.280,19.187057,73.188989,44.3,64.4,465.6,27.84,71.3,2.35,74
2026-08-02 11:00:57.360,19.187025,73.188886,43.7,64.1,469.5,27.81,70.9,2.38,73
2026-08-02 11:00:57.440,19.186999,73.188924,45.2,66.1,469.8,27.72,71.2,2.26,75
2026-08-02 11:00:57.520,19.187001,73.188916,44.6,64.7,465.5,27.75,71.6,2.2,74
2026-08-02 11:00:57.600,19.186829,73.188882,44.8,68.6,470.0,27.84,70.4,2.26,75
2026-08-02 11:00:57.680,19.186861,73.188869,45.6,68.5,464.9,27.75,71.4,2.28,76
2026-08-02 11:00:57.760,19.186886,73.188843,46.0,71.0,465.2,27.78,71.5,2.23,77
2026-08-02 11:00:57.840,19.186795,73.18886,43.7,66.0,470.5,27.81,71.1,2.15,73
2026-08-02 11:00:57.920,19.186788,73.188836,47.4,69.4,460.5,27.69,71.8,2.27,79
2026-08-02 11:00:58.000,19.1867,73.188814,44.8,67.3,469.1,27.74,71.3,2.25,75
2026-08-02 11:00:58.080,19.186749,73.188796,44.2,64.6,461.5,27.76,71.6,2.26,74
2026-08-02 11:00:58.160,19.186658,73.188705,43.0,63.3,464.1,27.76,70.4,2.16,72
2026-08-02 11:00:58.240,19.186634,73.18871,46.0,68.9,465.1,27.73,70.5,2.18,77
2026-08-02 11:00:58.320,19.186672,73.188742,45.1,67.3,467.5,27.74,70.8,2.19,75
2026-08-02 11:00:58.400,19.186638,73.188615,46.0,69.5,466.9,27.84,71.5,2.12,77
2026-08-02 11:00:58.480,19.186634,73.188729,47.0,68.1,466.9,27.65,71.0,2.42,78
2026-08-02 11:00:58.560,19.186548,73.188631,43.9,63.2,462.3,27.71,71.1,2.34,73
2026-08-02 11:00:58.640,19.186501,73.188618,43.6,62.7,469.1,27.71,71.4,2.22,73
2026-08-02 11:00:58.720,19.186579,73.188532,44.8,68.6,464.0,27.68,71.1,2.28,75
2026-08-02 11:00:58.800,19.186473,73.188607,46.1,71.0,468.7,27.72,71.6,2.2,77
2026-08-02 11:00:58.880,19.186431,73.188584,47.0,71.0,466.5,27.73,71.3,2.25,78
2026-08-02 11:00:58.960,19.186424,73.188573,46.0,70.5,462.1,27.71,71.0,1.98,77
2026-08-02 11:00:59.040,19.186412,73.188461,46.3,71.8,464.6,27.78,71.0,2.33,77
2026-08-02 11:00:59.120,19.186377,73.188524,43.6,64.4,466.9,27.76,70.6,2.16,73
2026-08-02 11:00:59.200,19.186253,73.188497,45.7,68.6,465.2,27.77,70.9,2.27,76
2026-08-02 11:00:59.280,19.186336,73.188429,46.8,69.6,463.8,27.65,70.7,2.03,78
2026-08-02 11:00:59.360,19.186257,73.188409,44.8,67.1,468.1,27.77,70.8,2.15,75
2026-08-02 11:00:59.440,19.186325,73.188387,45.8,69.3,468.5,27.73,70.8,2.07,76
2026-08-02 11:00:59.520,19.186295,73.188389,45.6,69.4,460.7,27.68,70.6,2.36,76
2026-08-02 11:00:59.600,19.186204,73.188323,45.4,70.9,469.1,27.65,70.8,2.13,76
2026-08-02 11:00:59.680,19.186136,73.18828,46.6,68.4,471.1,27.7,71.5,2.1,78
2026-08-02 11:00:59.760,19.186177,73.188332,44.8,68.4,465.6,27.73,71.2,2.11,75
2026-08-02 11:00:59.840,19.18606,73.188287,45.6,66.5,465.5,27.72,70.8,2.19,76
2026-08-02 11:00:59.920,19.186181,73.188216,46.2,70.6,474.0,27.76,70.8,2.12,77
2026-08-02 11:01:00.000,19.186093,73.188275,45.9,68.4,476.0,27.74,71.4,2.05,76
2026-08-02 11:01:00.080,19.185965,73.188232,44.6,67.6,466.8,27.71,71.1,2.13,74
2026-08-02 11:01:00.160,19.18607,73.1882,45.8,70.2,466.3,27.73,71.6,2.08,76
2026-08-02 11:01:00.240,19.186088,73.188186,45.5,67.2,464.3,27.75,70.8,2.06,76
2026-08-02 11:01:00.320,19.186016,73.188168,46.7,72.2,466.6,27.67,71.2,2.04,78
2026-08-02 11:01:00.400,19.185973,73.188162,44.8,68.4,462.9,27.63,71.1,2.01,75
2026-08-02 11:01:00.480,19.185931,73.18809,45.2,66.6,463.2,27.72,71.5,2.19,75
2026-08-02 11:01:00.560,19.185964,73.188114,45.2,68.2,466.0,27.72,71.3,2.07,75
2026-08-02 11:01:00.640,19.185982,73.188059,44.6,66.7,466.4,27.68,71.0,2.23,74
2026-08-02 11:01:00.720,19.18592,73.187999,46.4,69.1,472.2,27.69,71.1,1.98,77
2026-08-02 11:01:00.800,19.185906,73.188025,44.6,67.0,471.7,27.7,70.7,2.02,74
2026-08-02 11:01:00.880,19.185881,73.18797,44.9,65.2,472.0,27.74,71.0,2.03,75
2026-08-02 11:01:00.960,19.185881,73.188014,44.2,65.4,472.4,27.81,70.8,2.11,74
2026-08-02 11:01:01.040,19.18583,73.18795,47.4,72.9,460.2,27.65,71.7,1.79,79
2026-08-02 11:01:01.120,19.185838,73.187893,46.3,67.9,466.6,27.68,71.1,1.99,77
2026-08-02 11:01:01.200,19.185828,73.18784,44.5,65.2,464.2,27.68,71.4,2.08,74
2026-08-02 11:01:01.280,19.18578,73.187866,47.0,70.8,469.3,27.61,70.8,1.99,78
2026-08-02 11:01:01.360,19.185704,73.187804,45.4,68.6,465.0,27.64,71.0,2.04,76
2026-08-02 11:01:01.440,19.185752,73.187767,46.9,70.2,466.0,27.66,71.4,2.05,78
2026-08-02 11:01:01.520,19.18577,73.187751,45.1,68.2,467.5,27.76,70.7,2.03,75
2026-08-02 11:01:01.600,19.185629,73.187715,44.4,65.4,472.4,27.69,70.6,2.12,74
2026-08-02 11:01:01.680,19.18568,73.187755,43.6,66.1,467.0,27.65,71.0,2.09,73
2026-08-02 11:01:01.760,19.185648,73.187677,45.5,68.7,466.6,27.72,71.5,2.06,76
2026-08-02 11:01:01.840,19.185665,73.187619,46.8,71.7,459.7,27.6,71.2,2.1,78
2026-08-02 11:01:01.920,19.185583,73.187662,45.4,68.7,469.8,27.62,70.4,2.02,76
2026-08-02 11:01:02.000,19.185624,73.187659,44.9,68.0,469.4,27.61,71.3,2.09,75
2026-08-02 11:01:02.080,19.185585,73.18761,46.8,71.1,470.0,27.69,71.2,2.04,78
2026-08-02 11:01:02.160,19.185586,73.187571,45.2,69.0,463.4,27.63,70.8,1.99,75
2026-08-02 11:01:02.240,19.18561,73.187576,44.9,68.4,466.8,27.69,71.4,2.03,75
2026-08-02 11:01:02.320,19.185636,73.187511,46.0,68.4,461.5,27.67,71.5,1.99,77
2026-08-02 11:01:02.400,19.185549,73.187507,45.3,66.0,469.6,27.68,71.5,1.96,76
2026-08-02 11:01:02.480,19.185522,73.187518,45.5,68.1,470.1,27.64,71.9,2.01,76
2026-08-02 11:01:02.560,19.185579,73.187408,45.8,66.8,473.1,27.64,71.4,1.95,76
2026-08-02 11:01:02.640,19.185477,73.187442,45.2,66.4,466.3,27.75,71.4,2.05,75
2026-08-02 11:01:02.720,19.185506,73.187473,46.1,68.6,463.7,27.76,71.1,2.13,77
2026-08-02 11:01:02.800,19.18543,73.187395,47.7,71.4,457.3,27.6,71.7,1.89,80
2026-08-02 11:01:02.880,19.185516,73.187403,44.4,67.3,462.9,27.62,71.0,2.05,74
2026-08-02 11:01:02.960,19.185431,73.187373,46.0,71.5,465.0,27.66,71.0,1.92,77
2026-08-02 11:01:03.040,19.185433,73.187274,46.4,71.9,465.5,27.66,71.0,2.14,77
2026-08-02 11:01:03.120,19.185466,73.187237,44.6,67.4,466.9,27.66,70.6,1.85,74
2026-08-02 11:01:03.200,19.185425,73.187271,46.1,71.3,470.3,27.66,71.2,1.9,77
2026-08-02 11:01:03.280,19.185378,73.187184,45.7,67.2,469.3,27.7,71.3,1.91,76
2026-08-02 11:01:03.360,19.185396,73.187234,46.2,68.1,466.1,27.63,71.1,2.01,77
2026-08-02 11:01:03.440,19.18536,73.187287,46.2,67.3,473.0,27.72,71.6,1.87,77
2026-08-02 11:01:03.520,19.185333,73.187164,46.2,69.8,468.8,27.63,71.6,2.06,77
2026-08-02 11:01:03.600,19.185391,73.187167,43.9,66.7,464.6,27.62,71.5,1.93,73
2026-08-02 11:01:03.680,19.185378,73.187106,45.4,67.7,463.5,27.68,71.1,1.99,76
2026-08-02 11:01:03.760,19.185332,73.187072,43.6,64.5,472.5,27.66,70.6,1.9,73
2026-08-02 11:01:03.840,19.18535,73.187057,44.1,66.3,467.6,27.7,72.1,1.92,74
2026-08-02 11:01:03.920,19.185337,73.187077,45.3,70.7,476.1,27.63,71.1,1.93,76
2026-08-02 11:01:04.000,19.185344,73.186976,44.1,67.0,471.0,27.73,70.9,2.05,74
2026-08-02 11:01:04.080,19.185318,73.186949,44.3,68.6,473.4,27.69,71.8,1.87,74
2026-08-02 11:01:04.160,19.185337,73.186982,43.4,60.4,468.4,27.64,71.0,2.05,72
2026-08-02 11:01:04.240,19.18528,73.186899,45.1,67.2,467.0,27.73,71.1,2.12,75
2026-08-02 11:01:04.320,19.185261,73.186901,44.6,69.1,465.1,27.69,71.2,2.25,74
2026-08-02 11:01:04.400,19.185295,73.1869,43.6,68.3,474.2,27.68,71.8,1.96,73
2026-08-02 11:01:04.480,19.185304,73.186855,46.2,71.0,465.4,27.66,71.3,1.99,77
2026-08-02 11:01:04.560,19.185239,73.186837,45.9,69.3,468.0,27.74,71.1,2.0,76
2026-08-02 11:01:04.640,19.18519,73.186823,44.9,67.2,466.3,27.65,70.8,2.11,75
2026-08-02 11:01:04.720,19.185292,73.18677,46.2,67.5,465.1,27.53,70.8,2.12,77
2026-08-02 11:01:04.800,19.185258,73.186691,44.6,66.2,473.1,27.63,71.6,2.07,74
2026-08-02 11:01:04.880,19.185261,73.18683,45.3,69.9,462.9,27.7,71.7,1.95,76
2026-08-02 11:01:04.960,19.185184,73.186724,44.7,67.0,466.2,27.61,71.6,2.04,74
2026-08-02 11:01:05.040,19.185247,73.186745,44.5,66.4,472.0,27.71,71.7,2.04,74
2026-08-02 11:01:05.120,19.185262,73.186752,45.1,68.9,469.3,27.63,71.0,2.03,75
2026-08-02 11:01:05.200,19.185197,73.186695,45.4,67.9,468.5,27.57,71.6,2.06,76
2026-08-02 11:01:05.280,19.185247,73.186635,44.8,66.7,467.4,27.67,71.2,2.09,75
2026-08-02 11:01:05.360,19.185189,73.186617,43.8,63.9,474.5,27.71,71.6,1.98,73
2026-08-02 11:01:05.440,19.185212,73.186563,43.9,63.8,460.1,27.68,71.3,2.23,73
2026-08-02 11:01:05.520,19.185185,73.186537,44.7,66.3,469.2,27.72,71.3,2.0,74
2026-08-02 11:01:05.600,19.185173,73.186554,43.6,68.4,465.6,27.62,71.2,2.04,73
2026-08-02 11:01:05.680,19.185258,73.186463,46.7,68.0,470.6,27.64,71.6,2.15,78
2026-08-02 11:01:05.760,19.185182,73.186568,43.6,64.9,468.2,27.56,71.5,2.2,73
2026-08-02 11:01:05.840,19.185175,73.186468,42.7,64.4,471.0,27.59,71.5,2.17,71
2026-08-02 11:01:05.920,19.18522,73.186486,43.3,63.0,464.7,27.61,72.1,1.96,72
2026-08-02 11:01:06.000,19.185209,73.186425,45.6,66.4,463.2,27.77,71.2,1.95,76
2026-08-02 11:01:06.080,19.185194,73.186457,43.8,66.4,466.8,27.65,71.0,2.01,73
2026-08-02 11:01:06.160,19.185199,73.186446,43.5,67.1,469.4,27.65,71.6,1.94,72
2026-08-02 11:01:06.240,19.185222,73.186369,44.3,66.6,468.3,27.65,71.6,2.09,74
2026-08-02 11:01:06.320,19.185197,73.186402,42.1,64.1,471.9,27.71,71.8,2.17,70
2026-08-02 11:01:06.400,19.185176,73.186318,43.3,64.4,475.8,27.71,71.3,2.05,72
2026-08-02 11:01:06.480,19.185165,73.186321,43.1,65.7,466.6,27.61,71.1,2.09,72
2026-08-02 11:01:06.560,19.185188,73.186337,42.2,61.9,472.2,27.63,71.5,2.1,70
2026-08-02 11:01:06.640,19.18525,73.186227,43.2,63.4,471.7,27.63,71.5,2.22,72
2026-08-02 11:01:06.720,19.185182,73.186277,45.3,70.0,470.7,27.59,71.1,2.12,76
2026-08-02 11:01:06.800,19.185197,73.186241,42.6,64.9,463.8,27.69,71.0,2.13,71
2026-08-02 11:01:06.880,19.185188,73.186215,43.9,66.6,463.7,27.65,71.7,2.23,73
2026-08-02 11:01:06.960,19.185191,73.186112,45.2,65.3,469.9,27.67,71.2,2.21,75
2026-08-02 11:01:07.040,19.18521,73.186177,44.4,65.5,471.0,27.5,71.7,2.19,74
2026-08-02 11:01:07.120,19.185202,73.186214,43.3,65.5,460.7,27.63,71.7,2.12,72
2026-08-02 11:01:07.200,19.185209,73.186134,44.0,68.2,468.9,27.62,71.0,2.15,73
2026-08-02 11:01:07.280,19.185126,73.1861,45.0,67.6,466.5,27.63,71.5,2.15,75
2026-08-02 11:01:07.360,19.185183,73.186118,42.5,64.9,466.1,27.66,71.9,2.16,71
2026-08-02 11:01:07.440,19.185196,73.186078,43.7,64.8,467.8,27.59,71.7,2.17,73
2026-08-02 11:01:07.520,19.185208,73.186035,42.2,64.8,471.6,27.72,71.5,2.14,70
2026-08-02 11:01:07.600,19.185212,73.186034,42.9,62.1,472.3,27.67,71.9,2.09,72
2026-08-02 11:01:07.680,19.185198,73.185952,44.0,63.8,470.3,27.71,72.1,2.25,73
2026-08-02 11:01:07.760,19.185233,73.185956,42.9,65.1,468.9,27.67,71.9,2.23,72
2026-08-02 11:01:07.840,19.185209,73.185939,43.7,66.1,464.6,27.76,71.8,2.28,73
2026-08-02 11:01:07.920,19.185252,73.186043,43.4,67.1,466.7,27.62,72.0,2.27,72
2026-08-02 11:01:08.000,19.185223,73.185948,43.6,66.6,462.8,27.67,71.5,2.12,73
2026-08-02 11:01:08.080,19.185231,73.185939,42.5,64.2,469.1,27.7,71.7,2.29,71
2026-08-02 11:01:08.160,19.185228,73.185904,41.8,65.6,459.6,27.68,71.2,2.24,70
2026-08-02 11:01:08.240,19.185201,73.185933,41.4,61.2,464.3,27.67,71.5,2.22,69
2026-08-02 11:01:08.320,19.185215,73.18587,43.5,64.5,462.3,27.7,71.5,2.36,72
2026-08-02 11:01:08.400,19.185223,73.185902,42.9,67.3,465.9,27.61,71.5,2.13,72
2026-08-02 11:01:08.480,19.185233,73.185918,43.4,65.8,473.7,27.68,72.3,2.25,72
2026-08-02 11:01:08.560,19.185248,73.185834,42.5,63.1,469.2,27.77,72.2,2.16,71
2026-08-02 11:01:08.640,19.185271,73.185858,42.1,62.4,464.7,27.74,72.1,2.32,70
2026-08-02 11:01:08.720,19.185248,73.185832,42.0,62.4,468.3,27.62,71.7,2.18,70
2026-08-02 11:01:08.800,19.185256,73.185759,40.7,62.0,469.9,27.7,71.9,2.28,68
2026-08-02 11:01:08.880,19.185236,73.185759,43.5,63.5,466.8,27.65,71.8,2.24,72
2026-08-02 11:01:08.960,19.185244,73.18571,42.0,62.4,466.8,27.73,71.7,2.25,70
2026-08-02 11:01:09.040,19.18527,73.18571,42.1,64.0,464.6,27.65,71.7,2.38,70
2026-08-02 11:01:09.120,19.18517,73.185729,42.7,64.1,465.3,27.63,72.0,2.22,71
2026-08-02 11:01:09.200,19.185184,73.185625,42.9,66.4,465.7,27.64,72.1,2.25,72
2026-08-02 11:01:09.280,19.18525,73.185671,41.0,62.6,465.3,27.65,71.5,2.42,68
2026-08-02 11:01:09.360,19.185312,73.185653,42.9,66.6,467.4,27.68,71.8,2.34,72
2026-08-02 11:01:09.440,19.185292,73.185645,41.4,64.4,466.7,27.76,72.1,2.38,69
2026-08-02 11:01:09.520,19.185218,73.185663,43.2,67.6,466.4,27.57,72.2,2.31,72
2026-08-02 11:01:09.600,19.18523,73.185645,42.3,62.3,460.2,27.58,71.6,2.42,70
2026-08-02 11:01:09.680,19.185237,73.185586,40.4,62.3,465.1,27.66,72.1,2.44,67
2026-08-02 11:01:09.760,19.185243,73.185609,42.1,62.7,463.2,27.57,72.0,2.35,70
2026-08-02 11:01:09.840,19.185317,73.185575,41.4,64.6,466.4,27.64,71.4,2.3,69
2026-08-02 11:01:09.920,19.185324,73.185536,43.2,64.4,468.1,27.68,71.7,2.3,72
2026-08-02 11:01:10.000,19.185358,73.18554,41.0,66.0,465.2,27.65,72.2,2.3,68
2026-08-02 11:01:10.080,19.185319,73.185469,42.0,65.5,464.5,27.7,71.3,2.31,70
2026-08-02 11:01:10.160,19.185347,73.185484,39.3,57.4,460.6,27.73,71.9,2.29,66
2026-08-02 11:01:10.240,19.185288,73.18548,43.2,64.3,465.4,27.59,71.8,2.34,72
2026-08-02 11:01:10.320,19.185343,73.185515,41.1,62.6,462.3,27.75,71.5,2.38,68
2026-08-02 11:01:10.400,19.185307,73.1855,40.1,61.0,463.9,27.65,72.3,2.48,67
2026-08-02 11:01:10.480,19.185324,73.185485,40.5,60.8,467.1,27.7,71.9,2.28,68
2026-08-02 11:01:10.560,19.185344,73.185431,41.6,63.1,470.7,27.74,71.4,2.37,69
2026-08-02 11:01:10.640,19.185329,73.185432,40.8,61.9,461.1,27.72,71.6,2.36,68
2026-08-02 11:01:10.720,19.185352,73.185467,42.8,65.3,462.6,27.7,71.7,2.49,71
2026-08-02 11:01:10.800,19.185351,73.185418,40.5,62.8,470.1,27.66,71.5,2.47,68
2026-08-02 11:01:10.880,19.185386,73.185359,40.2,60.8,467.2,27.64,71.7,2.54,67
2026-08-02 11:01:10.960,19.185375,73.185494,38.9,61.6,464.8,27.71,71.7,2.48,65
2026-08-02 11:01:11.040,19.185336,73.185367,40.9,65.3,462.9,27.69,71.6,2.34,68
2026-08-02 11:01:11.120,19.185363,73.185392,41.6,64.2,466.4,27.66,71.8,2.39,69
2026-08-02 11:01:11.200,19.1854,73.185364,37.6,57.0,467.7,27.75,71.5,2.37,63
2026-08-02 11:01:11.280,19.185331,73.185363,40.8,61.5,464.9,27.65,71.4,2.52,68
2026-08-02 11:01:11.360,19.18537,73.18532,41.5,65.1,465.2,27.74,71.2,2.36,69
2026-08-02 11:01:11.440,19.185394,73.185268,40.3,61.0,463.7,27.66,71.7,2.48,67
2026-08-02 11:01:11.520,19.185369,73.185349,42.5,65.3,464.3,27.62,71.5,2.59,71
2026-08-02 11:01:11.600,19.185424,73.185335,41.0,61.5,465.8,27.79,71.6,2.35,68
2026-08-02 11:01:11.680,19.185378,73.185237,42.2,64.5,466.3,27.65,72.1,2.41,70
2026-08-02 11:01:11.760,19.185337,73.18526,40.1,60.0,464.8,27.74,71.2,2.36,67
2026-08-02 11:01:11.840,19.185393,73.185281,41.4,61.9,464.3,27.76,72.1,2.55,69
2026-08-02 11:01:11.920,19.18543,73.185278,39.0,61.4,461.5,27.67,72.1,2.53,65
2026-08-02 11:01:12.000,19.185413,73.185246,40.0,59.9,465.9,27.7,71.6,2.54,67
2026-08-02 11:01:12.080,19.18541,73.185192,40.4,63.6,454.1,27.7,71.7,2.53,67
2026-08-02 11:01:12.160,19.185373,73.185265,41.4,63.9,466.4,27.68,71.1,2.51,69
2026-08-02 11:01:12.240,19.185384,73.185268,40.5,62.7,465.9,27.74,72.0,2.45,68
2026-08-02 11:01:12.320,19.185445,73.185296,40.8,62.7,465.2,27.61,71.5,2.42,68
2026-08-02 11:01:12.400,19.18548,73.185232,40.3,62.4,460.9,27.69,72.4,2.65,67
2026-08-02 11:01:12.480,19.185466,73.185256,40.4,63.1,457.2,27.71,71.8,2.34,67
2026-08-02 11:01:12.560,19.185389,73.185189,40.6,61.0,461.0,27.76,72.4,2.5,68
2026-08-02 11:01:12.640,19.185451,73.185201,40.3,63.2,460.4,27.66,72.0,2.43,67
2026-08-02 11:01:12.720,19.185524,73.185196,41.0,64.0,458.8,27.65,71.5,2.4,68
2026-08-02 11:01:12.800,19.185375,73.185164,40.6,60.5,458.3,27.72,71.5,2.48,68
2026-08-02 11:01:12.880,19.185431,73.185206,40.5,63.0,462.0,27.62,71.1,2.43,68
2026-08-02 11:01:12.960,19.185505,73.185174,39.1,60.8,462.7,27.69,71.1,2.38,65
2026-08-02 11:01:13.040,19.185468,73.185167,40.0,62.9,461.1,27.74,71.7,2.34,67
2026-08-02 11:01:13.120,19.185484,73.185171,41.2,62.2,458.5,27.66,71.4,2.54,69
2026-08-02 11:01:13.200,19.185419,73.185195,41.0,64.4,463.2,27.7,71.3,2.43,68
2026-08-02 11:01:13.280,19.185437,73.185155,39.0,61.4,451.3,27.74,71.3,2.37,65
2026-08-02 11:01:13.360,19.185456,73.185137,39.8,61.9,462.8,27.68,71.8,2.49,66
2026-08-02 11:01:13.440,19.185469,73.185183,39.4,59.9,459.3,27.72,71.6,2.58,66
2026-08-02 11:01:13.520,19.185501,73.185134,38.1,58.7,457.3,27.67,71.8,2.37,64
2026-08-02 11:01:13.600,19.185482,73.185121,41.7,65.3,460.4,27.61,72.4,2.45,70
2026-08-02 11:01:13.680,19.185512,73.185157,40.4,62.7,462.4,27.74,71.3,2.49,67
2026-08-02 11:01:13.760,19.185472,73.185157,39.1,62.0,456.8,27.75,72.2,2.39,65
2026-08-02 11:01:13.840,19.185506,73.185104,39.3,60.0,464.3,27.71,71.3,2.58,66
2026-08-02 11:01:13.920,19.185517,73.18516,40.9,64.0,453.6,27.69,71.4,2.5,68
2026-08-02 11:01:14.000,19.185486,73.185094,39.5,60.5,457.8,27.71,71.5,2.55,66
2026-08-02 11:01:14.080,19.185474,73.18511,40.1,60.0,456.3,27.63,71.7,2.46,67
2026-08-02 11:01:14.160,19.185451,73.185067,39.7,62.4,460.8,27.75,71.2,2.49,66
2026-08-02 11:01:14.240,19.185484,73.185109,38.6,61.3,455.2,27.72,71.1,2.45,64
2026-08-02 11:01:14.320,19.185518,73.185044,38.7,59.6,458.9,27.6,70.9,2.64,64
2026-08-02 11:01:14.400,19.185494,73.185104,39.0,60.0,456.5,27.69,71.7,2.55,65
2026-08-02 11:01:14.480,19.185475,73.185079,40.7,65.3,455.0,27.63,71.8,2.39,68
2026-08-02 11:01:14.560,19.185434,73.185106,39.0,61.9,455.0,27.68,71.6,2.55,65
2026-08-02 11:01:14.640,19.185476,73.185111,38.6,59.8,454.2,27.7,70.8,2.55,64
2026-08-02 11:01:14.720,19.185464,73.185114,39.3,63.1,457.6,27.67,71.3,2.46,66
2026-08-02 11:01:14.800,19.185495,73.1851,38.9,57.6,459.5,27.76,70.9,2.39,65
2026-08-02 11:01:14.880,19.185477,73.185055,38.4,57.8,458.3,27.72,71.6,2.66,64
2026-08-02 11:01:14.960,19.185554,73.185051,40.9,65.0,460.7,27.63,71.3,2.45,68
2026-08-02 11:01:15.040,19.185517,73.185078,38.1,59.5,455.4,27.64,71.2,2.51,64
2026-08-02 11:01:15.120,19.185545,73.185122,39.8,61.6,452.6,27.75,71.3,2.51,66
2026-08-02 11:01:15.200,19.185476,73.185066,39.0,59.4,455.6,27.69,71.7,2.61,65
2026-08-02 11:01:15.280,19.185464,73.185045,40.1,63.7,458.0,27.66,71.2,2.54,67
2026-08-02 11:01:15.360,19.185481,73.18511,39.4,62.3,455.0,27.69,71.2,2.58,66
2026-08-02 11:01:15.440,19.185435,73.185083,41.0,62.7,448.9,27.73,71.1,2.5,68
2026-08-02 11:01:15.520,19.185424,73.185127,39.9,62.7,453.9,27.76,71.0,2.56,66
2026-08-02 11:01:15.600,19.185476,73.185093,38.8,58.4,458.7,27.7,70.5,2.61,65
2026-08-02 11:01:15.680,19.185476,73.185147,38.1,58.8,453.5,27.69,71.0,2.49,64
2026-08-02 11:01:15.760,19.185423,73.185192,40.1,64.5,451.1,27.64,71.6,2.59,67
2026-08-02 11:01:15.840,19.185466,73.185041,39.8,63.7,451.6,27.67,70.9,2.43,66
2026-08-02 11:01:15.920,19.185446,73.185106,40.5,63.1,455.5,27.73,71.0,2.54,68
2026-08-02 11:01:16.000,19.185454,73.185148,40.2,62.0,447.2,27.73,71.3,2.42,67
2026-08-02 11:01:16.080,19.185417,73.185132,38.6,61.4,453.4,27.77,71.5,2.56,64
2026-08-02 11:01:16.160,19.1854,73.185111,39.6,64.5,456.2,27.68,71.0,2.46,66
2026-08-02 11:01:16.240,19.185431,73.18517,40.3,64.7,452.2,27.7,71.1,2.48,67
2026-08-02 11:01:16.320,19.185476,73.1851,38.4,62.2,447.7,27.64,71.2,2.39,64
2026-08-02 11:01:16.400,19.185409,73.185132,39.1,60.4,455.6,27.65,70.6,2.45,65
2026-08-02 11:01:16.480,19.185482,73.185145,39.5,60.1,451.1,27.64,70.9,2.41,66
2026-08-02 11:01:16.560,19.185394,73.185176,40.5,61.4,452.1,27.6,71.0,2.44,68
2026-08-02 11:01:16.640,19.185407,73.185169,38.6,62.3,450.9,27.7,70.5,2.38,64
2026-08-02 11:01:16.720,19.185462,73.185213,38.0,59.5,454.4,27.64,70.6,2.44,63
2026-08-02 11:01:16.800,19.185428,73.18515,38.3,59.5,450.5,27.62,71.2,2.51,64
2026-08-02 11:01:16.880,19.18541,73.185244,38.4,59.4,452.5,27.7,71.1,2.55,64
2026-08-02 11:01:16.960,19.185408,73.185166,37.8,57.1,450.7,27.6,70.2,2.36,63
2026-08-02 11:01:17.040,19.185367,73.185171,38.0,59.8,452.3,27.66,70.6,2.44,63
2026-08-02 11:01:17.120,19.185364,73.185218,37.0,57.2,449.5,27.63,70.6,2.57,62
2026-08-02 11:01:17.200,19.185355,73.185197,38.8,60.5,451.8,27.64,70.2,2.51,65
2026-08-02 11:01:17.280,19.185382,73.185115,39.3,59.2,448.2,27.69,70.9,2.4,66
2026-08-02 11:01:17.360,19.185418,73.185276,39.3,63.1,455.3,27.73,70.3,2.37,66
2026-08-02 11:01:17.440,19.185354,73.185243,41.0,63.3,449.3,27.67,70.6,2.46,68
2026-08-02 11:01:17.520,19.18532,73.1852,39.7,58.8,448.1,27.67,70.8,2.49,66
2026-08-02 11:01:17.600,19.185361,73.185192,38.5,59.3,448.3,27.65,70.5,2.4,64
2026-08-02 11:01:17.680,19.185311,73.185255,39.7,67.2,451.5,27.71,70.2,2.43,66
2026-08-02 11:01:17.760,19.185306,73.185265,40.0,62.5,450.7,27.75,70.0,2.38,67
2026-08-02 11:01:17.840,19.185269,73.185233,39.7,62.7,448.1,27.68,70.4,2.37,66
2026-08-02 11:01:17.920,19.185222,73.18524,39.3,60.2,449.6,27.63,70.0,2.47,66
2026-08-02 11:01:18.000,19.185239,73.185195,36.2,58.1,451.5,27.65,70.5,2.42,60
2026-08-02 11:01:18.080,19.185312,73.185212,37.8,58.9,444.2,27.59,70.4,2.46,63
2026-08-02 11:01:18.160,19.185274,73.185314,38.1,59.8,447.4,27.66,69.9,2.47,64
2026-08-02 11:01:18.240,19.185283,73.185276,37.8,60.3,452.0,27.65,70.2,2.53,63
2026-08-02 11:01:18.320,19.185265,73.18534,39.0,61.8,442.5,27.63,70.6,2.36,65
2026-08-02 11:01:18.400,19.185261,73.185341,37.1,54.4,448.1,27.59,70.1,2.37,62
2026-08-02 11:01:18.480,19.185287,73.185292,38.0,59.2,448.3,27.68,70.0,2.4,63
2026-08-02 11:01:18.560,19.185255,73.185343,39.8,63.1,450.3,27.62,70.2,2.46,66
2026-08-02 11:01:18.640,19.185203,73.185341,39.1,61.1,454.7,27.57,70.3,2.4,65
2026-08-02 11:01:18.720,19.185218,73.185381,38.1,61.5,444.5,27.62,69.9,2.34,64
2026-08-02 11:01:18.800,19.185195,73.18536,37.9,56.8,446.6,27.65,70.3,2.4,63
2026-08-02 11:01:18.880,19.185129,73.185388,39.7,62.9,445.7,27.57,70.0,2.49,66
2026-08-02 11:01:18.960,19.185107,73.185421,38.9,61.6,444.6,27.62,69.8,2.57,65
2026-08-02 11:01:19.040,19.185118,73.185459,38.5,61.5,446.4,27.62,70.0,2.37,64
2026-08-02 11:01:19.120,19.185154,73.185443,38.2,60.4,450.3,27.65,70.1,2.48,64
2026-08-02 11:01:19.200,19.185128,73.185462,38.8,60.1,447.2,27.57,70.0,2.31,65
2026-08-02 11:01:19.280,19.185061,73.185462,37.2,60.7,448.4,27.61,69.6,2.25,62
2026-08-02 11:01:19.360,19.185059,73.185431,39.1,62.3,443.6,27.6,69.7,2.39,65
2026-08-02 11:01:19.440,19.185106,73.185474,38.1,57.8,440.3,27.69,70.2,2.45,64
2026-08-02 11:01:19.520,19.1851,73.185471,38.6,63.0,449.6,27.62,69.5,2.42,64
2026-08-02 11:01:19.600,19.185061,73.185547,38.4,60.2,446.2,27.62,69.5,2.31,64
2026-08-02 11:01:19.680,19.185036,73.185499,38.0,61.0,450.8,27.62,69.8,2.45,63
2026-08-02 11:01:19.760,19.185072,73.185568,39.8,64.4,445.7,27.64,69.8,2.41,66
2026-08-02 11:01:19.840,19.185001,73.185558,39.9,61.0,447.3,27.68,69.2,2.49,66
2026-08-02 11:01:19.920,19.185013,73.18549,40.1,65.5,447.8,27.61,69.9,2.34,67
2026-08-02 11:01:20.000,19.184982,73.185589,38.6,61.2,435.9,27.63,69.5,2.38,64
2026-08-02 11:01:20.080,19.184911,73.185567,38.1,59.2,445.0,27.67,69.7,2.32,64
2026-08-02 11:01:20.160,19.184939,73.185579,38.8,62.1,442.7,27.59,69.2,2.34,65
2026-08-02 11:01:20.240,19.184965,73.185615,38.2,59.2,446.7,27.67,69.1,2.31,64
2026-08-02 11:01:20.320,19.184884,73.18565,39.2,62.6,446.1,27.56,69.9,2.28,65
2026-08-02 11:01:20.400,19.184809,73.185691,37.5,60.5,443.4,27.66,69.7,2.37,62
2026-08-02 11:01:20.480,19.184827,73.18572,38.4,59.4,447.7,27.45,68.9,2.26,64
2026-08-02 11:01:20.560,19.184842,73.185713,37.7,61.4,442.3,27.59,69.4,2.19,63
2026-08-02 11:01:20.640,19.184875,73.185662,38.7,61.8,441.1,27.57,69.5,2.26,64
2026-08-02 11:01:20.720,19.184872,73.185712,38.4,61.0,451.1,27.62,69.3,2.25,64
2026-08-02 11:01:20.800,19.184821,73.185682,37.5,60.4,444.6,27.59,70.0,2.29,62
2026-08-02 11:01:20.880,19.184756,73.185734,40.1,62.7,439.1,27.58,69.6,2.42,67
2026-08-02 11:01:20.960,19.184743,73.185732,40.3,62.8,449.7,27.58,68.8,2.38,67
2026-08-02 11:01:21.040,19.184805,73.185761,40.7,64.8,439.3,27.53,69.7,2.23,68
2026-08-02 11:01:21.120,19.184728,73.185817,40.2,63.4,444.2,27.61,69.3,2.22,67
2026-08-02 11:01:21.200,19.184706,73.185833,37.8,61.0,448.7,27.61,69.3,2.42,63
2026-08-02 11:01:21.280,19.184697,73.185812,39.1,62.7,444.8,27.6,69.2,2.32,65
2026-08-02 11:01:21.360,19.184641,73.185863,39.7,62.4,447.2,27.54,69.6,2.41,66
2026-08-02 11:01:21.440,19.184676,73.185837,40.1,63.3,439.8,27.56,69.4,2.14,67
2026-08-02 11:01:21.520,19.184711,73.185887,38.3,59.4,441.9,27.51,69.0,2.06,64
2026-08-02 11:01:21.600,19.1846,73.185873,40.1,62.8,444.0,27.55,69.0,2.38,67
2026-08-02 11:01:21.680,19.184558,73.185857,39.2,61.1,441.1,27.47,69.1,2.47,65
2026-08-02 11:01:21.760,19.184573,73.185905,40.1,64.2,441.2,27.53,69.1,2.33,67
2026-08-02 11:01:21.840,19.184542,73.185925,40.2,64.8,439.7,27.58,69.2,2.32,67
2026-08-02 11:01:21.920,19.184425,73.185946,40.8,64.4,443.0,27.41,68.8,2.2,68
2026-08-02 11:01:22.000,19.184485,73.186003,41.5,64.2,440.0,27.6,69.2,2.31,69
2026-08-02 11:01:22.080,19.184482,73.186002,40.0,65.8,443.3,27.57,69.2,2.28,67
2026-08-02 11:01:22.160,19.184502,73.185955,40.4,63.5,445.2,27.61,68.8,2.21,67
2026-08-02 11:01:22.240,19.184469,73.186082,40.8,62.4,449.3,27.53,68.8,2.23,68
2026-08-02 11:01:22.320,19.184394,73.186075,39.5,61.7,437.7,27.59,68.5,2.24,66
2026-08-02 11:01:22.400,19.184322,73.186017,39.3,60.7,442.2,27.55,68.9,2.25,66
2026-08-02 11:01:22.480,19.184286,73.186097,40.0,64.1,439.4,27.53,68.6,2.19,67
2026-08-02 11:01:22.560,19.184281,73.186153,39.3,63.0,446.3,27.45,69.0,2.26,66
2026-08-02 11:01:22.640,19.184296,73.1861,40.3,64.3,444.0,27.52,69.0,2.29,67
2026-08-02 11:01:22.720,19.184246,73.186165,40.0,61.3,438.9,27.48,68.7,2.4,67
2026-08-02 11:01:22.800,19.18433,73.186174,39.8,59.8,442.2,27.51,69.3,2.27,66
2026-08-02 11:01:22.880,19.184262,73.186154,39.8,61.2,446.5,27.52,68.9,2.41,66
2026-08-02 11:01:22.960,19.184231,73.186275,40.3,63.3,439.0,27.47,68.4,2.42,67
2026-08-02 11:01:23.040,19.184226,73.186223,39.2,60.4,444.7,27.58,68.9,2.28,65
2026-08-02 11:01:23.120,19.184068,73.186188,38.3,60.7,441.3,27.46,68.6,2.39,64
2026-08-02 11:01:23.200,19.184172,73.186202,39.0,59.8,438.8,27.52,68.7,2.34,65
2026-08-02 11:01:23.280,19.184117,73.186229,37.8,59.5,445.9,27.54,69.0,2.45,63
2026-08-02 11:01:23.360,19.184054,73.186335,40.3,66.1,443.3,27.58,68.3,2.3,67
2026-08-02 11:01:23.440,19.184032,73.186361,39.7,62.2,439.3,27.53,69.2,2.39,66
2026-08-02 11:01:23.520,19.184004,73.186319,40.0,62.3,441.5,27.47,68.6,2.13,67
2026-08-02 11:01:23.600,19.183951,73.18637,40.8,63.1,429.8,27.49,67.9,2.18,68
2026-08-02 11:01:23.680,19.184011,73.186371,40.1,63.1,441.0,27.53,68.4,2.22,67
2026-08-02 11:01:23.760,19.183957,73.186385,41.1,65.0,441.7,27.52,68.3,2.34,68
2026-08-02 11:01:23.840,19.183887,73.186375,39.4,62.7,444.4,27.48,68.1,2.33,66
2026-08-02 11:01:23.920,19.183883,73.186513,39.6,63.2,440.5,27.48,68.7,2.32,66
2026-08-02 11:01:24.000,19.183886,73.186451,39.7,63.9,441.7,27.38,68.1,2.38,66
2026-08-02 11:01:24.080,19.183792,73.186551,39.3,62.3,439.9,27.56,68.3,2.29,66
2026-08-02 11:01:24.160,19.18379,73.186493,39.6,62.7,440.9,27.48,67.9,2.32,66
2026-08-02 11:01:24.240,19.183739,73.186503,39.4,64.2,445.5,27.51,68.2,2.26,66
2026-08-02 11:01:24.320,19.183713,73.186504,40.6,66.4,439.4,27.48,68.0,2.32,68
2026-08-02 11:01:24.400,19.183766,73.186588,41.0,65.2,443.0,27.39,68.1,2.33,68
2026-08-02 11:01:24.480,19.183671,73.186606,39.5,62.7,437.1,27.41,68.0,2.43,66
2026-08-02 11:01:24.560,19.18371,73.186576,38.8,61.3,440.7,27.49,67.8,2.36,65
2026-08-02 11:01:24.640,19.183624,73.186663,38.0,62.0,443.3,27.48,67.9,2.29,63
2026-08-02 11:01:24.720,19.183582,73.186654,39.3,60.7,441.1,27.38,67.5,2.41,66
2026-08-02 11:01:24.800,19.183594,73.186662,39.9,63.8,441.5,27.41,67.8,2.32,66
2026-08-02 11:01:24.880,19.183524,73.186724,39.8,61.7,441.7,27.52,67.5,2.37,66
2026-08-02 11:01:24.960,19.183539,73.186747,39.1,61.6,440.7,27.39,68.0,2.27,65
2026-08-02 11:01:25.040,19.183501,73.186772,42.3,67.0,439.8,27.42,68.0,2.3,70
2026-08-02 11:01:25.120,19.183486,73.186755,40.3,66.5,441.6,27.4,67.8,2.37,67
2026-08-02 11:01:25.200,19.183457,73.186789,41.2,66.9,446.3,27.41,67.9,2.4,69
2026-08-02 11:01:25.280,19.183415,73.186807,39.0,64.6,442.7,27.36,67.7,2.29,65
2026-08-02 11:01:25.360,19.183426,73.186857,41.8,64.6,441.3,27.43,67.9,2.29,70
2026-08-02 11:01:25.440,19.18337,73.186893,41.4,64.4,441.2,27.37,67.3,2.27,69
2026-08-02 11:01:25.520,19.183353,73.186897,40.1,66.4,443.3,27.43,68.0,2.41,67
2026-08-02 11:01:25.600,19.183363,73.186902,40.4,61.5,443.6,27.3,68.0,2.33,67
2026-08-02 11:01:25.680,19.183282,73.186952,39.1,62.6,441.8,27.39,68.1,2.48,65
2026-08-02 11:01:25.760,19.183218,73.186952,40.8,61.9,442.8,27.44,68.0,2.29,68
2026-08-02 11:01:25.840,19.183251,73.186977,40.9,65.5,442.6,27.36,66.9,2.41,68
2026-08-02 11:01:25.920,19.183113,73.187043,41.9,67.7,440.6,27.49,68.1,2.33,70
2026-08-02 11:01:26.000,19.183144,73.186997,39.4,64.4,449.1,27.42,67.7,2.2,66
2026-08-02 11:01:26.080,19.18311,73.187081,39.7,64.4,448.6,27.38,67.3,2.41,66
2026-08-02 11:01:26.160,19.183081,73.187018,41.5,66.4,443.4,27.34,67.3,2.3,69
2026-08-02 11:01:26.240,19.183098,73.187182,41.1,66.7,443.3,27.44,67.8,2.49,68
2026-08-02 11:01:26.320,19.183003,73.187072,41.3,65.7,438.2,27.35,67.4,2.33,69
2026-08-02 11:01:26.400,19.182994,73.187144,39.8,62.9,447.1,27.32,67.6,2.4,66
2026-08-02 11:01:26.480,19.182991,73.187181,40.1,62.3,444.5,27.26,67.2,2.41,67
2026-08-02 11:01:26.560,19.182871,73.187175,41.3,64.8,443.8,27.37,67.5,2.4,69
2026-08-02 11:01:26.640,19.182908,73.187182,40.5,66.7,447.0,27.44,67.1,2.42,68
2026-08-02 11:01:26.720,19.182984,73.18718,40.7,68.5,441.1,27.35,67.2,2.54,68
2026-08-02 11:01:26.800,19.182805,73.187264,40.6,66.2,444.5,27.41,67.6,2.3,68
2026-08-02 11:01:26.880,19.182833,73.187292,40.6,66.0,439.9,27.39,67.4,2.42,68
2026-08-02 11:01:26.960,19.182867,73.187305,40.3,66.2,440.2,27.42,67.6,2.48,67
2026-08-02 11:01:27.040,19.182747,73.187358,39.6,61.9,446.3,27.35,67.4,2.37,66
2026-08-02 11:01:27.120,19.182678,73.187356,40.1,66.7,444.0,27.37,67.5,2.48,67
2026-08-02 11:01:27.200,19.182735,73.187332,40.1,63.5,444.5,27.23,67.1,2.48,67
2026-08-02 11:01:27.280,19.182731,73.187425,40.3,65.9,444.7,27.3,67.7,2.44,67
2026-08-02 11:01:27.360,19.182616,73.187432,42.0,67.9,446.5,27.22,66.9,2.52,70
2026-08-02 11:01:27.440,19.18258,73.187481,39.5,61.6,447.1,27.22,67.3,2.51,66
2026-08-02 11:01:27.520,19.182628,73.187482,42.6,68.6,438.1,27.26,66.9,2.65,71
2026-08-02 11:01:27.600,19.182525,73.187503,38.4,61.2,446.1,27.33,66.9,2.64,64
2026-08-02 11:01:27.680,19.182552,73.187498,40.3,64.9,444.3,27.2,67.0,2.58,67
2026-08-02 11:01:27.760,19.182505,73.187537,39.0,59.9,444.2,27.22,66.7,2.54,65
2026-08-02 11:01:27.840,19.182486,73.187572,40.1,64.8,446.3,27.23,67.4,2.57,67
2026-08-02 11:01:27.920,19.182398,73.187575,39.8,64.2,449.8,27.27,67.2,2.51,66
2026-08-02 11:01:28.000,19.182432,73.187583,41.2,65.2,451.5,27.26,67.2,2.48,69
2026-08-02 11:01:28.080,19.182406,73.187578,41.7,67.1,441.9,27.36,67.2,2.55,70
2026-08-02 11:01:28.160,19.182329,73.187602,40.7,63.0,453.3,27.3,67.0,2.58,68
2026-08-02 11:01:28.240,19.182357,73.187628,39.6,64.3,448.7,27.29,67.0,2.52,66
2026-08-02 11:01:28.320,19.182235,73.187776,40.6,64.6,447.7,27.25,66.6,2.59,68
2026-08-02 11:01:28.400,19.182293,73.187727,40.8,67.1,442.5,27.23,67.5,2.6,68
2026-08-02 11:01:28.480,19.18219,73.187766,40.8,67.5,442.2,27.17,67.1,2.53,68
2026-08-02 11:01:28.560,19.182236,73.187795,40.3,65.1,441.1,27.18,67.4,2.59,67
2026-08-02 11:01:28.640,19.182154,73.187802,41.6,65.6,450.7,27.22,66.9,2.63,69
2026-08-02 11:01:28.720,19.18217,73.187799,39.7,63.9,446.6,27.26,67.3,2.6,66
2026-08-02 11:01:28.800,19.182134,73.187863,40.6,65.0,449.9,27.25,67.2,2.64,68
2026-08-02 11:01:28.880,19.182022,73.187881,40.9,66.7,445.8,27.3,67.2,2.59,68
2026-08-02 11:01:28.960,19.182023,73.187895,39.7,62.2,444.8,27.16,66.9,2.7,66
2026-08-02 11:01:29.040,19.182051,73.187887,40.8,64.8,449.0,27.23,67.3,2.71,68
2026-08-02 11:01:29.120,19.182007,73.187942,39.6,63.6,445.6,27.27,67.5,2.62,66
2026-08-02 11:01:29.200,19.181968,73.187892,41.6,65.4,443.1,27.31,67.5,2.77,69
2026-08-02 11:01:29.280,19.181944,73.187941,42.3,68.1,447.2,27.14,66.3,2.9,70
2026-08-02 11:01:29.360,19.18186,73.188023,39.8,62.2,443.9,27.16,66.9,2.66,66
2026-08-02 11:01:29.440,19.181904,73.188064,41.3,67.4,443.9,27.29,67.1,2.69,69
2026-08-02 11:01:29.520,19.181812,73.188054,41.4,68.4,442.2,27.21,66.6,2.59,69
2026-08-02 11:01:29.600,19.181819,73.188048,40.5,64.6,451.0,27.2,66.9,2.77,68
2026-08-02 11:01:29.680,19.181821,73.18807,40.4,65.2,449.6,27.26,66.7,2.63,67
2026-08-02 11:01:29.760,19.181759,73.188133,40.3,62.6,444.5,27.17,66.8,2.66,67
2026-08-02 11:01:29.840,19.181791,73.188144,41.3,66.5,449.1,27.19,66.8,2.67,69
2026-08-02 11:01:29.920,19.181737,73.188151,39.7,64.3,445.7,27.18,67.3,2.76,66
2026-08-02 11:01:30.000,19.181687,73.188188,40.8,65.5,454.0,27.21,66.6,2.76,68
2026-08-02 11:01:30.080,19.181634,73.188251,40.8,62.4,444.0,27.16,66.8,2.68,68
2026-08-02 11:01:30.160,19.181605,73.188283,40.3,64.2,447.0,27.2,67.1,2.81,67
2026-08-02 11:01:30.240,19.181556,73.188232,39.7,66.1,439.2,27.22,66.8,2.76,66
2026-08-02 11:01:30.320,19.181613,73.188266,42.6,68.1,442.3,27.24,67.0,2.72,71
2026-08-02 11:01:30.400,19.181544,73.188286,39.0,62.5,448.2,27.1,66.7,2.76,65
2026-08-02 11:01:30.480,19.181581,73.188353,38.9,65.4,447.2,27.12,66.4,2.71,65
2026-08-02 11:01:30.560,19.181515,73.188371,38.8,62.7,448.9,27.09,66.6,2.9,65
2026-08-02 11:01:30.640,19.181446,73.18834,41.0,64.5,449.4,27.13,67.5,2.77,68
2026-08-02 11:01:30.720,19.181506,73.188446,39.0,60.7,450.2,27.1,66.6,2.64,65
2026-08-02 11:01:30.800,19.181484,73.188437,40.4,64.3,447.1,27.15,67.2,2.86,67
2026-08-02 11:01:30.880,19.181446,73.188446,40.6,64.9,441.8,27.11,66.7,2.75,68
2026-08-02 11:01:30.960,19.181434,73.188461,41.9,69.5,453.2,27.15,66.2,2.9,70
2026-08-02 11:01:31.040,19.181374,73.18844,41.9,69.7,443.5,27.14,66.6,2.94,70
2026-08-02 11:01:31.120,19.181339,73.188534,40.3,65.3,450.7,27.17,66.6,2.81,67
2026-08-02 11:01:31.200,19.181332,73.188518,38.9,62.4,454.7,27.2,66.7,2.92,65
2026-08-02 11:01:31.280,19.181313,73.188597,38.9,64.2,450.5,27.13,66.7,2.75,65
2026-08-02 11:01:31.360,19.181256,73.188564,37.6,60.7,444.5,27.05,66.9,2.95,63
2026-08-02 11:01:31.440,19.181223,73.18858,39.6,64.1,448.0,27.14,66.8,2.87,66
2026-08-02 11:01:31.520,19.181167,73.188575,42.1,68.4,444.9,27.14,67.2,3.0,70
2026-08-02 11:01:31.600,19.181235,73.188625,38.6,60.5,446.2,27.15,66.2,2.9,64
2026-08-02 11:01:31.680,19.181184,73.188624,38.0,61.1,446.0,27.06,66.7,2.91,63
2026-08-02 11:01:31.760,19.18121,73.188618,40.2,64.4,447.9,26.98,65.8,3.09,67
2026-08-02 11:01:31.840,19.181149,73.188689,40.4,62.6,449.0,27.1,66.7,2.9,67
2026-08-02 11:01:31.920,19.181108,73.188718,38.5,64.2,450.8,27.09,66.7,2.99,64
2026-08-02 11:01:32.000,19.18115,73.188748,40.0,62.4,450.9,27.05,66.8,2.92,67
2026-08-02 11:01:32.080,19.181109,73.188788,40.8,65.0,445.7,26.99,66.5,3.05,68
2026-08-02 11:01:32.160,19.181044,73.188767,40.6,65.3,443.0,27.14,66.4,2.86,68
2026-08-02 11:01:32.240,19.180966,73.188835,40.5,64.2,451.3,27.05,66.8,3.11,68
2026-08-02 11:01:32.320,19.18101,73.188848,42.5,68.5,442.3,27.1,66.7,3.03,71
2026-08-02 11:01:32.400,19.181011,73.188868,40.6,67.1,451.9,27.06,66.7,2.96,68
2026-08-02 11:01:32.480,19.180979,73.188905,38.5,61.3,449.4,27.13,66.6,3.01,64
2026-08-02 11:01:32.560,19.180974,73.18885,38.7,61.9,449.5,27.08,66.1,3.08,64
2026-08-02 11:01:32.640,19.180908,73.188935,38.5,62.0,449.8,27.12,66.4,3.14,64
2026-08-02 11:01:32.720,19.180923,73.18889,40.7,63.0,450.7,26.92,66.9,2.97,68
2026-08-02 11:01:32.800,19.180871,73.188923,41.2,65.8,459.8,27.07,66.7,3.17,69
2026-08-02 11:01:32.880,19.18082,73.188985,40.0,62.5,455.2,27.07,66.8,3.08,67
2026-08-02 11:01:32.960,19.180875,73.188939,40.1,63.9,451.3,27.05,67.7,3.09,67
2026-08-02 11:01:33.040,19.180889,73.188988,41.2,64.2,439.6,27.01,66.6,3.05,69
2026-08-02 11:01:33.120,19.180862,73.188981,42.2,69.3,447.8,27.01,66.9,3.18,70
2026-08-02 11:01:33.200,19.180878,73.189001,38.2,60.5,447.3,27.01,66.9,3.2,64
2026-08-02 11:01:33.280,19.180784,73.189032,38.0,59.4,453.1,27.1,67.3,3.17,63
2026-08-02 11:01:33.360,19.180748,73.189097,38.8,62.6,455.6,27.08,66.9,3.09,65
2026-08-02 11:01:33.440,19.180762,73.189081,40.0,65.6,446.1,27.09,67.0,3.15,67
2026-08-02 11:01:33.520,19.180728,73.18912,38.6,60.5,450.5,27.02,67.2,3.11,64
2026-08-02 11:01:33.600,19.180685,73.189124,38.5,61.8,450.5,27.06,66.4,3.22,64
2026-08-02 11:01:33.680,19.180684,73.189136,36.8,60.7,454.9,26.99,67.0,3.24,61
2026-08-02 11:01:33.760,19.180788,73.189139,40.1,63.8,457.9,27.04,66.9,3.15,67
2026-08-02 11:01:33.840,19.180772,73.189174,39.1,65.3,456.9,27.07,66.8,3.09,65
2026-08-02 11:01:33.920,19.180706,73.189191,39.9,65.3,449.9,27.06,66.7,3.18,66
2026-08-02 11:01:34.000,19.18063,73.189209,38.2,61.9,452.2,27.0,66.5,3.19,64
2026-08-02 11:01:34.080,19.180621,73.189264,39.0,61.3,457.0,26.89,67.5,3.17,65
2026-08-02 11:01:34.160,19.180605,73.189221,38.8,61.4,458.2,27.03,66.6,3.28,65
2026-08-02 11:01:34.240,19.180601,73.189292,38.3,62.3,450.3,27.03,67.0,3.17,64
2026-08-02 11:01:34.320,19.180593,73.189271,38.2,61.1,445.4,27.14,66.4,3.21,64
2026-08-02 11:01:34.400,19.18064,73.189324,38.1,61.6,453.7,27.03,66.6,3.12,64
2026-08-02 11:01:34.480,19.180528,73.189305,37.7,61.4,446.2,26.96,66.6,3.23,63
2026-08-02 11:01:34.560,19.180616,73.189384,39.5,62.7,453.4,26.97,67.3,3.16,66
2026-08-02 11:01:34.640,19.180575,73.189383,39.4,64.2,450.6,27.05,67.2,3.25,66
2026-08-02 11:01:34.720,19.18058,73.189403,38.2,59.4,456.1,27.05,67.1,3.22,64
2026-08-02 11:01:34.800,19.180515,73.189356,39.4,64.0,450.3,27.0,66.8,3.24,66
2026-08-02 11:01:34.880,19.180458,73.189404,38.3,62.6,452.6,27.06,66.3,3.07,64
2026-08-02 11:01:34.960,19.180527,73.189377,37.9,60.9,453.0,27.04,66.4,3.21,63
2026-08-02 11:01:35.040,19.180486,73.189457,36.9,59.3,455.3,27.04,66.9,3.19,62
2026-08-02 11:01:35.120,19.180512,73.189402,37.8,61.9,455.7,26.98,66.9,3.17,63
2026-08-02 11:01:35.200,19.180471,73.189441,36.2,60.5,451.1,26.99,66.7,3.23,60
2026-08-02 11:01:35.280,19.180434,73.189476,37.2,60.0,457.1,27.0,67.4,3.34,62
2026-08-02 11:01:35.360,19.180462,73.189474,38.8,59.9,461.3,27.0,66.6,3.28,65
2026-08-02 11:01:35.440,19.180464,73.189554,39.6,64.4,452.5,26.96,66.6,3.14,66
2026-08-02 11:01:35.520,19.180485,73.189535,37.9,62.3,454.6,27.0,66.7,3.31,63
2026-08-02 11:01:35.600,19.180453,73.189591,36.9,58.1,451.0,27.01,66.8,3.29,62
2026-08-02 11:01:35.680,19.180453,73.189565,39.3,63.8,455.9,27.02,67.0,3.13,66
2026-08-02 11:01:35.760,19.180532,73.189523,36.5,59.4,458.1,26.97,66.4,3.37,61
2026-08-02 11:01:35.840,19.180488,73.18956,39.3,63.8,454.8,27.01,67.3,3.3,66
2026-08-02 11:01:35.920,19.180482,73.189581,38.1,62.3,449.7,27.02,66.7,3.37,64
2026-08-02 11:01:36.000,19.180426,73.18965,39.9,64.7,454.4,27.02,67.1,3.4,66
2026-08-02 11:01:36.080,19.180463,73.189709,38.8,61.7,461.5,26.86,66.4,3.13,65
2026-08-02 11:01:36.160,19.180464,73.18963,37.0,60.4,453.3,26.92,66.9,3.21,62
2026-08-02 11:01:36.240,19.180462,73.189664,40.2,65.5,449.2,26.95,67.0,3.3,67
2026-08-02 11:01:36.320,19.180457,73.189557,37.3,59.5,452.1,26.93,66.6,3.16,62
2026-08-02 11:01:36.400,19.180371,73.189642,36.3,60.1,448.2,26.98,66.7,3.26,60
2026-08-02 11:01:36.480,19.180368,73.189663,38.8,60.4,452.4,26.99,66.9,3.38,65
2026-08-02 11:01:36.560,19.18045,73.189677,38.1,61.2,453.2,26.89,67.0,3.34,64
2026-08-02 11:01:36.640,19.180455,73.189677,39.5,61.3,454.5,26.89,67.0,3.32,66
2026-08-02 11:01:36.720,19.180436,73.189717,38.2,62.8,456.3,26.9,67.4,3.22,64
2026-08-02 11:01:36.800,19.180423,73.189692,38.4,61.6,453.1,26.89,67.0,3.29,64
2026-08-02 11:01:36.880,19.180434,73.189774,37.3,59.9,453.8,26.92,66.7,3.39,62
2026-08-02 11:01:36.960,19.180353,73.189813,37.9,58.4,457.9,26.98,67.2,3.23,63
2026-08-02 11:01:37.040,19.180431,73.189829,37.9,59.2,451.7,26.92,66.7,3.48,63
2026-08-02 11:01:37.120,19.180367,73.189828,35.2,54.2,454.4,26.99,67.6,3.4,59
2026-08-02 11:01:37.200,19.180408,73.189853,39.1,62.6,452.3,26.91,66.8,3.26,65
2026-08-02 11:01:37.280,19.180408,73.1898,37.5,61.0,456.5,26.95,67.3,3.23,62
2026-08-02 11:01:37.360,19.180316,73.18983,36.4,58.5,452.1,26.95,67.0,3.33,61
2026-08-02 11:01:37.440,19.180405,73.189791,37.1,57.3,455.7,26.97,66.7,3.37,62
2026-08-02 11:01:37.520,19.180394,73.189899,36.5,59.9,454.2,26.88,66.7,3.33,61
2026-08-02 11:01:37.600,19.180377,73.189896,39.9,64.0,451.4,27.03,67.2,3.43,66
2026-08-02 11:01:37.680,19.180445,73.189855,36.9,59.1,458.5,26.96,67.2,3.27,62
2026-08-02 11:01:37.760,19.180416,73.189925,36.1,58.7,448.1,26.94,67.4,3.37,60
2026-08-02 11:01:37.840,19.180454,73.189852,37.2,59.5,450.3,26.96,67.0,3.3,62
2026-08-02 11:01:37.920,19.180459,73.189978,36.5,59.9,453.8,26.89,67.0,3.28,61
2026-08-02 11:01:38.000,19.180444,73.1899,38.1,60.2,449.1,26.96,67.0,3.36,64
2026-08-02 11:01:38.080,19.180442,73.189956,37.0,57.8,452.8,26.88,67.1,3.32,62
2026-08-02 11:01:38.160,19.180421,73.189984,38.3,59.7,458.4,26.93,67.0,3.44,64
2026-08-02 11:01:38.240,19.180438,73.189931,35.3,57.2,453.6,26.9,67.4,3.25,59
2026-08-02 11:01:38.320,19.180492,73.189959,38.0,62.3,456.5,26.91,67.6,3.23,63
2026-08-02 11:01:38.400,19.180435,73.189981,36.8,58.5,451.2,26.98,67.1,3.25,61
2026-08-02 11:01:38.480,19.180494,73.189944,37.1,59.4,454.2,26.87,67.1,3.26,62
2026-08-02 11:01:38.560,19.180526,73.190023,36.2,57.0,451.4,26.91,67.2,3.32,60
2026-08-02 11:01:38.640,19.180497,73.189962,38.0,61.3,457.2,26.97,67.4,3.32,63
2026-08-02 11:01:38.720,19.180459,73.190025,35.6,57.4,455.1,26.97,67.3,3.3,59
2026-08-02 11:01:38.800,19.180515,73.190053,36.8,60.2,451.3,26.9,67.6,3.28,61
2026-08-02 11:01:38.880,19.180532,73.190035,36.9,55.9,460.1,26.91,67.5,3.27,62
2026-08-02 11:01:38.960,19.180537,73.190054,36.3,59.8,451.0,26.86,67.6,3.28,60
2026-08-02 11:01:39.040,19.180554,73.189977,37.0,58.1,454.3,26.91,67.6,3.24,62
2026-08-02 11:01:39.120,19.180575,73.190036,37.3,60.1,456.0,26.87,67.5,3.4,62
2026-08-02 11:01:39.200,19.180562,73.190127,37.0,59.1,450.0,26.91,67.2,3.29,62
2026-08-02 11:01:39.280,19.180548,73.190035,36.9,58.5,449.0,26.92,67.4,3.29,62
2026-08-02 11:01:39.360,19.180556,73.190109,38.4,61.4,452.3,27.03,67.3,3.23,64
2026-08-02 11:01:39.440,19.180603,73.190085,35.3,55.4,456.5,26.99,67.4,3.27,59
2026-08-02 11:01:39.520,19.180566,73.190051,34.8,56.2,455.7,26.92,66.6,3.27,58
2026-08-02 11:01:39.600,19.180613,73.190131,34.4,52.7,453.7,26.98,67.0,3.24,57
2026-08-02 11:01:39.680,19.180639,73.190126,37.0,61.5,460.2,26.93,67.2,3.28,62
2026-08-02 11:01:39.760,19.180647,73.190125,36.9,58.8,460.7,26.9,67.0,3.37,62
2026-08-02 11:01:39.840,19.180629,73.190104,36.5,58.6,456.3,26.95,67.6,3.27,61
2026-08-02 11:01:39.920,19.180633,73.190097,37.8,60.3,453.3,26.93,67.3,3.21,63
2026-08-02 11:01:40.000,19.180679,73.190176,35.4,55.5,453.1,26.96,67.8,3.28,59
2026-08-02 11:01:40.080,19.180612,73.190112,36.0,58.9,454.6,26.92,67.5,3.21,60
2026-08-02 11:01:40.160,19.180672,73.190174,37.2,58.6,450.3,26.89,67.3,3.11,62
2026-08-02 11:01:40.240,19.180725,73.190188,35.3,58.8,451.1,26.83,67.8,3.27,59
2026-08-02 11:01:40.320,19.180766,73.190185,36.3,59.3,454.2,27.01,68.0,3.3,60
2026-08-02 11:01:40.400,19.180739,73.190134,36.2,54.3,453.1,26.84,67.7,3.23,60
2026-08-02 11:01:40.480,19.180748,73.190133,35.3,55.1,456.1,26.88,67.9,3.23,59
2026-08-02 11:01:40.560,19.180798,73.190197,36.8,59.3,456.6,26.92,67.0,3.4,61
2026-08-02 11:01:40.640,19.1808,73.190205,35.7,59.0,454.5,26.88,67.5,3.36,60
2026-08-02 11:01:40.720,19.180821,73.190204,36.3,57.1,449.0,26.85,67.3,3.16,60
2026-08-02 11:01:40.800,19.180816,73.190199,36.1,58.6,451.3,26.96,67.5,3.38,60
2026-08-02 11:01:40.880,19.180881,73.190148,34.3,54.9,453.7,26.85,67.5,3.12,57
2026-08-02 11:01:40.960,19.18083,73.190206,36.3,56.8,457.0,26.94,67.3,3.11,60
2026-08-02 11:01:41.040,19.180869,73.1902,34.5,52.6,445.5,26.96,67.3,3.19,58
2026-08-02 11:01:41.120,19.18083,73.190183,35.1,58.3,451.7,27.0,67.6,3.38,58
2026-08-02 11:01:41.200,19.180853,73.19026,36.8,60.2,451.8,26.88,67.7,3.27,61
2026-08-02 11:01:41.280,19.180962,73.190267,36.7,57.0,460.6,26.87,67.0,3.12,61
2026-08-02 11:01:41.360,19.180975,73.19023,36.1,59.0,454.1,26.93,67.3,3.35,60
2026-08-02 11:01:41.440,19.180949,73.190236,35.0,57.0,454.7,26.95,67.7,3.14,58
2026-08-02 11:01:41.520,19.180973,73.190269,37.6,61.0,455.2,26.94,67.6,3.22,63
2026-08-02 11:01:41.600,19.180981,73.190297,36.0,59.4,450.5,26.84,67.4,3.19,60
2026-08-02 11:01:41.680,19.181005,73.19033,34.6,56.3,452.3,26.94,67.6,3.19,58
2026-08-02 11:01:41.760,19.18103,73.190267,34.5,55.4,452.5,26.97,67.8,3.38,58
2026-08-02 11:01:41.840,19.181048,73.190226,35.3,55.8,453.3,26.92,67.7,3.25,59
2026-08-02 11:01:41.920,19.181112,73.190243,34.7,54.6,459.0,26.97,67.8,3.2,58
2026-08-02 11:01:42.000,19.181139,73.190288,34.8,55.6,454.0,26.97,67.5,3.17,58
2026-08-02 11:01:42.080,19.181132,73.190288,35.6,54.9,455.9,26.88,67.8,3.06,59
2026-08-02 11:01:42.160,19.18112,73.190308,36.3,57.8,455.5,26.93,67.9,3.21,60
2026-08-02 11:01:42.240,19.181214,73.190323,35.9,58.9,457.7,26.93,67.5,3.24,60
2026-08-02 11:01:42.320,19.181178,73.19028,35.2,55.4,454.1,26.89,68.0,3.33,59
2026-08-02 11:01:42.400,19.181219,73.19035,33.5,55.7,457.1,26.9,68.0,3.05,56
2026-08-02 11:01:42.480,19.181155,73.190403,34.4,53.1,455.3,26.93,67.7,3.25,57
2026-08-02 11:01:42.560,19.18126,73.190375,37.1,56.4,452.1,26.92,67.7,3.18,62
2026-08-02 11:01:42.640,19.181205,73.190319,36.5,56.9,455.4,26.9,68.0,3.14,61
2026-08-02 11:01:42.720,19.181209,73.190403,33.6,53.4,452.1,26.93,67.7,3.19,56
2026-08-02 11:01:42.800,19.181256,73.190312,33.9,53.0,456.8,26.84,68.0,3.1,56
2026-08-02 11:01:42.880,19.181314,73.190373,35.1,56.5,453.3,26.95,68.0,2.92,58
2026-08-02 11:01:42.960,19.181324,73.190329,35.6,55.9,451.8,26.92,67.9,3.08,59
2026-08-02 11:01:43.040,19.181449,73.190396,36.1,56.9,452.0,26.99,67.5,3.21,60
2026-08-02 11:01:43.120,19.181418,73.190348,35.3,58.2,451.4,26.9,67.7,3.2,59
2026-08-02 11:01:43.200,19.18133,73.190351,36.6,59.0,449.5,26.94,68.1,3.1,61
2026-08-02 11:01:43.280,19.181501,73.190372,35.2,57.5,444.6,26.88,67.5,3.13,59
2026-08-02 11:01:43.360,19.181436,73.190374,33.5,51.5,449.4,26.94,67.5,3.24,56
2026-08-02 11:01:43.440,19.18151,73.190421,35.6,55.2,452.0,26.88,67.8,3.25,59
2026-08-02 11:01:43.520,19.181529,73.190338,36.4,58.8,455.1,27.02,67.5,3.15,61
2026-08-02 11:01:43.600,19.181566,73.190409,36.7,59.2,449.7,26.93,67.8,3.22,61
2026-08-02 11:01:43.680,19.181592,73.190387,36.0,57.9,454.7,26.96,67.6,3.06,60
2026-08-02 11:01:43.760,19.181693,73.190353,34.2,54.1,447.1,26.99,68.3,3.11,57
2026-08-02 11:01:43.840,19.181575,73.190359,36.6,58.1,454.6,26.88,67.9,3.22,61
2026-08-02 11:01:43.920,19.181647,73.19043,36.2,56.9,448.2,26.92,67.5,3.13,60
2026-08-02 11:01:44.000,19.181608,73.190353,35.4,60.0,449.6,26.93,67.8,3.09,59
2026-08-02 11:01:44.080,19.181686,73.190379,35.8,55.8,454.2,26.85,67.4,3.04,60
2026-08-02 11:01:44.160,19.181695,73.190349,35.0,55.7,454.1,26.92,67.9,3.06,58
2026-08-02 11:01:44.240,19.18177,73.190435,34.5,54.1,445.8,26.91,68.0,3.09,58
2026-08-02 11:01:44.320,19.18178,73.190341,35.5,57.9,445.8,26.88,67.4,2.98,59
2026-08-02 11:01:44.400,19.181858,73.1904,35.8,53.1,447.4,26.88,67.9,3.28,60
2026-08-02 11:01:44.480,19.181898,73.190447,35.7,57.9,447.7,26.89,67.4,3.13,60
2026-08-02 11:01:44.560,19.181838,73.190331,35.4,55.3,452.2,26.88,67.8,3.0,59
2026-08-02 11:01:44.640,19.181901,73.190446,37.0,61.0,456.1,26.95,68.1,3.23,62
2026-08-02 11:01:44.720,19.181906,73.190366,37.2,57.0,451.7,26.94,67.7,3.15,62
2026-08-02 11:01:44.800,19.181917,73.190424,33.3,54.6,443.1,26.95,67.9,3.18,55
2026-08-02 11:01:44.880,19.181992,73.19038,37.9,61.1,450.9,26.83,68.0,3.1,63
2026-08-02 11:01:44.960,19.181996,73.190459,37.3,59.6,449.4,26.98,67.5,3.04,62
2026-08-02 11:01:45.040,19.181972,73.190371,36.9,59.7,449.0,26.99,67.2,3.19,62
2026-08-02 11:01:45.120,19.182125,73.190419,36.6,57.3,448.4,26.99,67.9,3.19,61
2026-08-02 11:01:45.200,19.182092,73.190468,36.0,57.0,448.8,26.96,68.1,2.99,60
2026-08-02 11:01:45.280,19.182124,73.190418,36.0,58.5,449.0,26.91,68.2,3.15,60
2026-08-02 11:01:45.360,19.182066,73.190456,36.3,57.7,454.9,27.01,68.2,3.01,60
2026-08-02 11:01:45.440,19.18217,73.190381,35.9,57.6,446.3,26.93,67.9,2.95,60
2026-08-02 11:01:45.520,19.182166,73.190398,37.3,59.0,449.6,26.91,67.7,3.03,62
2026-08-02 11:01:45.600,19.182225,73.190413,35.8,55.8,451.0,26.88,67.7,3.04,60
2026-08-02 11:01:45.680,19.182317,73.19049,36.2,59.0,451.6,26.89,68.3,3.06,60
2026-08-02 11:01:45.760,19.182275,73.190445,36.5,56.7,444.4,26.87,67.8,3.15,61
2026-08-02 11:01:45.840,19.182274,73.190405,36.2,55.5,448.4,26.9,67.7,3.03,60
2026-08-02 11:01:45.920,19.182348,73.190414,36.5,58.2,447.9,26.93,67.8,3.05,61
2026-08-02 11:01:46.000,19.182404,73.190474,35.0,55.7,446.2,27.0,67.6,3.11,58
2026-08-02 11:01:46.080,19.182325,73.190426,35.3,54.7,453.1,26.91,67.7,3.2,59
2026-08-02 11:01:46.160,19.182418,73.190494,36.5,60.4,451.7,27.07,67.8,3.08,61
2026-08-02 11:01:46.240,19.182452,73.190544,36.8,57.9,445.8,26.97,67.9,3.2,61
2026-08-02 11:01:46.320,19.182436,73.190402,36.1,58.6,451.4,26.86,68.0,3.02,60
2026-08-02 11:01:46.400,19.182534,73.190519,35.8,58.1,451.4,26.98,68.2,3.11,60
2026-08-02 11:01:46.480,19.182497,73.190456,35.4,54.9,448.7,26.98,68.0,3.13,59
2026-08-02 11:01:46.560,19.182577,73.190504,36.6,57.3,452.4,26.96,67.2,3.06,61
2026-08-02 11:01:46.640,19.182595,73.190536,35.6,54.4,441.7,26.87,68.0,3.17,59
2026-08-02 11:01:46.720,19.182625,73.190462,37.0,58.3,446.6,27.01,67.2,3.0,62
2026-08-02 11:01:46.800,19.18272,73.190504,36.6,57.4,449.5,27.02,68.3,3.16,61
2026-08-02 11:01:46.880,19.182652,73.190526,35.9,57.1,445.4,27.09,68.0,3.21,60
2026-08-02 11:01:46.960,19.182686,73.190445,35.7,56.0,445.2,26.96,67.9,3.1,60
2026-08-02 11:01:47.040,19.182717,73.190525,36.5,56.4,454.6,26.95,67.7,3.06,61
2026-08-02 11:01:47.120,19.182762,73.190457,37.4,60.1,452.2,26.94,68.0,3.08,62
2026-08-02 11:01:47.200,19.182772,73.190537,35.7,57.3,459.0,26.91,68.2,3.2,60
2026-08-02 11:01:47.280,19.18275,73.190489,34.0,51.0,447.6,26.92,67.6,3.0,57
2026-08-02 11:01:47.360,19.182807,73.190498,36.1,55.9,446.1,26.93,68.1,3.21,60
2026-08-02 11:01:47.440,19.182901,73.190507,36.7,59.3,448.3,26.92,68.0,2.97,61
2026-08-02 11:01:47.520,19.182924,73.19052,34.6,56.7,444.5,27.11,68.0,3.03,58
2026-08-02 11:01:47.600,19.182864,73.190545,34.6,53.8,441.8,26.93,68.3,3.2,58
2026-08-02 11:01:47.680,19.183004,73.190518,36.8,56.0,441.7,26.97,67.8,3.23,61
2026-08-02 11:01:47.760,19.182943,73.190535,36.1,57.2,452.0,26.92,67.6,3.03,60
2026-08-02 11:01:47.840,19.182971,73.190489,36.4,56.7,451.4,27.02,67.6,3.07,61
2026-08-02 11:01:47.920,19.183048,73.190539,36.4,59.3,447.0,26.89,67.5,3.16,61
2026-08-02 11:01:48.000,19.183055,73.190497,36.3,57.1,448.8,27.05,67.6,3.18,60
2026-08-02 11:01:48.080,19.183082,73.190498,36.0,58.6,450.0,26.99,67.7,3.12,60
2026-08-02 11:01:48.160,19.183088,73.190475,36.9,57.6,447.6,27.06,67.4,3.11,62
2026-08-02 11:01:48.240,19.183037,73.19049,37.5,58.3,451.0,27.02,67.3,3.18,62
2026-08-02 11:01:48.320,19.183133,73.190549,37.9,60.9,445.8,26.88,66.9,3.28,63
2026-08-02 11:01:48.400,19.183207,73.190485,36.9,56.9,447.9,26.94,67.4,3.29,62
2026-08-02 11:01:48.480,19.1832,73.190495,36.7,58.7,448.6,26.94,67.7,3.05,61
2026-08-02 11:01:48.560,19.183286,73.190534,35.9,56.7,451.6,26.99,67.9,3.21,60
2026-08-02 11:01:48.640,19.183231,73.190519,35.1,55.1,444.5,26.89,68.0,3.06,58
2026-08-02 11:01:48.720,19.183309,73.190567,34.7,52.4,446.1,26.97,67.7,3.08,58
2026-08-02 11:01:48.800,19.183329,73.190542,36.1,58.9,451.0,27.03,67.6,3.16,60
2026-08-02 11:01:48.880,19.183401,73.190548,38.3,61.4,448.2,26.89,67.6,3.28,64
2026-08-02 11:01:48.960,19.183355,73.190568,36.9,56.6,454.4,26.94,68.1,3.14,62
2026-08-02 11:01:49.040,19.183328,73.190565,36.6,59.4,448.0,26.88,67.5,3.16,61
2026-08-02 11:01:49.120,19.18334,73.19057,37.9,60.1,454.0,26.94,67.6,3.01,63
2026-08-02 11:01:49.200,19.18344,73.190583,35.5,55.4,448.1,27.0,67.5,3.05,59
2026-08-02 11:01:49.280,19.183476,73.190521,37.4,61.4,450.1,26.94,67.3,3.37,62
2026-08-02 11:01:49.360,19.183516,73.190638,36.1,58.0,442.5,27.07,67.5,3.27,60
2026-08-02 11:01:49.440,19.183599,73.190559,36.9,57.4,449.8,27.02,67.4,3.21,62
2026-08-02 11:01:49.520,19.183494,73.190587,35.3,54.7,446.8,26.93,67.5,3.12,59
2026-08-02 11:01:49.600,19.183566,73.190601,37.5,59.2,447.9,27.1,67.8,2.98,62
2026-08-02 11:01:49.680,19.18362,73.190569,37.9,60.2,446.5,26.95,67.7,3.18,63
2026-08-02 11:01:49.760,19.183629,73.190575,39.0,62.5,438.3,26.93,67.2,3.17,65
2026-08-02 11:01:49.840,19.18365,73.190603,35.0,55.1,447.0,27.0,66.8,3.21,58
2026-08-02 11:01:49.920,19.183671,73.190612,38.2,59.9,445.6,26.88,67.5,3.18,64
2026-08-02 11:01:50.000,19.183677,73.190654,35.8,57.3,449.5,27.09,67.5,3.18,60
2026-08-02 11:01:50.080,19.183726,73.190606,36.1,58.8,444.7,27.02,67.3,3.18,60
2026-08-02 11:01:50.160,19.183798,73.190533,36.6,58.6,443.9,26.88,67.7,3.18,61
2026-08-02 11:01:50.240,19.183768,73.190621,35.9,54.9,443.3,27.11,67.5,3.12,60
2026-08-02 11:01:50.320,19.183847,73.190673,39.9,64.6,447.1,26.98,67.5,3.15,66
2026-08-02 11:01:50.400,19.183795,73.190643,38.0,59.0,448.9,26.96,67.5,3.19,63
2026-08-02 11:01:50.480,19.18382,73.190626,37.6,58.2,448.9,26.95,67.8,3.28,63
2026-08-02 11:01:50.560,19.183901,73.190693,37.2,58.8,446.2,27.01,67.1,3.38,62
2026-08-02 11:01:50.640,19.183897,73.190611,36.7,60.2,442.0,27.01,67.0,3.25,61
2026-08-02 11:01:50.720,19.183926,73.190664,38.8,60.1,441.9,26.92,67.3,3.26,65
2026-08-02 11:01:50.800,19.183909,73.190659,36.7,59.2,446.4,26.99,67.0,3.3,61
2026-08-02 11:01:50.880,19.183949,73.190654,37.4,58.7,442.6,27.01,67.5,3.21,62
2026-08-02 11:01:50.960,19.183992,73.19068,37.9,57.9,447.9,27.08,67.8,3.18,63
2026-08-02 11:01:51.040,19.183959,73.190688,39.5,62.2,449.8,27.04,67.7,3.38,66
2026-08-02 11:01:51.120,19.183992,73.190681,39.0,62.1,447.5,27.01,67.5,3.38,65
2026-08-02 11:01:51.200,19.184059,73.190621,36.7,56.8,446.3,27.01,67.6,3.33,61
2026-08-02 11:01:51.280,19.184077,73.190698,37.4,58.6,446.5,27.0,66.9,3.13,62
2026-08-02 11:01:51.360,19.18406,73.190704,38.5,59.6,446.8,27.01,67.0,3.41,64
2026-08-02 11:01:51.440,19.184139,73.190667,39.4,64.4,445.0,26.97,66.7,3.32,66
2026-08-02 11:01:51.520,19.184102,73.190714,36.5,56.4,448.3,26.9,66.8,3.15,61
2026-08-02 11:01:51.600,19.184102,73.190717,37.8,59.1,446.6,27.05,66.5,3.2,63
2026-08-02 11:01:51.680,19.184163,73.190711,40.8,65.3,443.5,27.02,66.8,3.29,68
2026-08-02 11:01:51.760,19.184201,73.190645,37.0,59.3,445.8,26.96,67.3,3.14,62
2026-08-02 11:01:51.840,19.184275,73.190692,37.8,58.2,448.9,27.02,66.6,3.33,63
2026-08-02 11:01:51.920,19.184211,73.190771,37.8,58.7,450.6,27.0,67.1,3.23,63
2026-08-02 11:01:52.000,19.184226,73.190824,36.8,59.5,446.3,26.98,67.3,3.41,61
2026-08-02 11:01:52.080,19.184239,73.190711,37.3,57.6,438.5,27.02,67.5,3.29,62
2026-08-02 11:01:52.160,19.184315,73.190759,38.5,60.4,447.1,26.99,66.9,3.36,64
2026-08-02 11:01:52.240,19.184297,73.190816,39.2,59.4,450.0,27.0,66.9,3.27,65
2026-08-02 11:01:52.320,19.184316,73.190735,37.6,60.1,452.4,26.99,66.7,3.33,63
2026-08-02 11:01:52.400,19.184361,73.190829,38.1,58.3,448.6,27.06,66.5,3.21,64
2026-08-02 11:01:52.480,19.184402,73.190831,39.0,63.0,442.9,26.98,67.1,3.38,65
2026-08-02 11:01:52.560,19.184439,73.190768,39.4,61.6,442.0,27.07,66.5,3.46,66
2026-08-02 11:01:52.640,19.184387,73.19082,40.4,64.9,445.6,26.94,67.5,3.15,67
2026-08-02 11:01:52.720,19.184414,73.190835,39.4,60.2,447.5,26.95,66.9,3.33,66
2026-08-02 11:01:52.800,19.184455,73.190808,37.0,57.0,448.6,27.02,66.8,3.42,62
2026-08-02 11:01:52.880,19.184447,73.190875,40.9,62.4,448.3,26.96,66.4,3.53,68
2026-08-02 11:01:52.960,19.18444,73.190791,40.3,61.9,441.0,27.02,66.9,3.34,67
2026-08-02 11:01:53.040,19.18446,73.190829,39.5,60.1,444.6,27.05,66.3,3.4,66
2026-08-02 11:01:53.120,19.184468,73.190901,39.2,60.3,451.8,26.97,66.9,3.43,65
2026-08-02 11:01:53.200,19.184582,73.190869,39.6,62.3,452.0,27.1,66.4,3.38,66
2026-08-02 11:01:53.280,19.184494,73.190864,39.9,60.2,445.0,26.91,66.4,3.39,66
2026-08-02 11:01:53.360,19.184595,73.190886,39.5,61.0,448.5,26.96,66.8,3.41,66
2026-08-02 11:01:53.440,19.184562,73.190923,40.1,61.4,448.4,26.95,66.8,3.43,67
2026-08-02 11:01:53.520,19.184583,73.190859,38.5,57.1,449.6,27.0,67.0,3.44,64
2026-08-02 11:01:53.600,19.184595,73.190905,39.1,59.5,450.4,27.01,67.0,3.52,65
2026-08-02 11:01:53.680,19.184606,73.190914,39.5,61.4,443.9,27.05,66.6,3.34,66
2026-08-02 11:01:53.760,19.184618,73.190947,38.8,58.8,440.6,26.99,66.5,3.33,65
2026-08-02 11:01:53.840,19.184632,73.190981,41.3,62.4,445.5,27.07,66.5,3.49,69
2026-08-02 11:01:53.920,19.184617,73.190941,38.5,57.7,452.8,26.92,66.3,3.39,64
2026-08-02 11:01:54.000,19.184655,73.19095,39.2,61.3,445.5,27.07,66.3,3.35,65
2026-08-02 11:01:54.080,19.184644,73.190949,39.3,59.9,447.6,26.98,67.2,3.44,66
2026-08-02 11:01:54.160,19.184683,73.191007,38.1,58.8,448.9,26.98,67.0,3.33,64
2026-08-02 11:01:54.240,19.184714,73.191013,38.7,58.7,449.7,26.99,66.3,3.53,64
2026-08-02 11:01:54.320,19.184765,73.191031,39.6,62.8,440.4,26.99,66.0,3.59,66
2026-08-02 11:01:54.400,19.184753,73.191049,40.5,64.8,451.1,26.99,66.7,3.55,68
2026-08-02 11:01:54.480,19.184705,73.191038,37.8,58.2,447.5,26.96,66.9,3.57,63
2026-08-02 11:01:54.560,19.184742,73.191035,39.6,59.9,444.6,27.01,66.3,3.53,66
2026-08-02 11:01:54.640,19.184701,73.191081,40.6,59.6,445.6,26.96,66.5,3.54,68
2026-08-02 11:01:54.720,19.184785,73.191079,39.7,60.0,451.3,26.91,66.4,3.5,66
2026-08-02 11:01:54.800,19.184754,73.191104,37.6,57.4,447.8,27.03,66.3,3.57,63
2026-08-02 11:01:54.880,19.184787,73.191089,38.6,57.4,442.7,26.84,66.6,3.52,64
2026-08-02 11:01:54.960,19.184788,73.191135,40.3,62.6,447.8,26.92,66.7,3.45,67
2026-08-02 11:01:55.040,19.184773,73.191123,39.9,62.9,445.7,26.99,66.5,3.65,66
2026-08-02 11:01:55.120,19.184781,73.191166,38.9,57.9,448.0,26.98,66.3,3.51,65
2026-08-02 11:01:55.200,19.184846,73.191161,39.7,56.4,457.6,27.02,66.4,3.37,66
2026-08-02 11:01:55.280,19.184809,73.191209,41.4,62.3,447.8,26.98,66.8,3.56,69
2026-08-02 11:01:55.360,19.18484,73.191167,39.9,62.7,451.5,26.93,65.8,3.65,66
2026-08-02 11:01:55.440,19.184856,73.191178,40.2,62.5,453.2,26.96,66.2,3.39,67
2026-08-02 11:01:55.520,19.184863,73.191188,40.5,62.2,448.2,26.98,65.2,3.24,68
2026-08-02 11:01:55.600,19.184906,73.191228,39.4,63.4,447.9,26.99,65.7,3.48,66
2026-08-02 11:01:55.680,19.184868,73.191252,39.5,60.9,455.5,26.98,65.8,3.71,66
2026-08-02 11:01:55.760,19.18486,73.191265,39.5,63.6,448.0,26.94,66.0,3.64,66
2026-08-02 11:01:55.840,19.184878,73.191276,41.8,63.1,456.5,27.0,66.6,3.59,70
2026-08-02 11:01:55.920,19.184975,73.191341,36.7,55.3,451.1,26.92,65.9,3.6,61
2026-08-02 11:01:56.000,19.184959,73.191277,39.0,60.1,454.2,26.91,66.2,3.59,65
2026-08-02 11:01:56.080,19.184887,73.191281,38.3,60.4,451.8,26.93,65.9,3.63,64
2026-08-02 11:01:56.160,19.184893,73.191324,39.8,63.6,451.9,26.84,66.3,3.63,66
2026-08-02 11:01:56.240,19.184911,73.191372,40.1,63.4,449.0,27.05,65.9,3.56,67
2026-08-02 11:01:56.320,19.18488,73.191368,39.6,60.1,453.4,26.97,66.3,3.48,66
2026-08-02 11:01:56.400,19.184974,73.191411,39.0,60.9,445.4,26.93,66.4,3.61,65
2026-08-02 11:01:56.480,19.184939,73.191446,40.6,63.6,449.5,26.89,65.9,3.62,68
2026-08-02 11:01:56.560,19.184985,73.191414,40.8,63.4,450.9,26.87,65.8,3.56,68
2026-08-02 11:01:56.640,19.184969,73.191382,40.8,61.5,455.1,27.03,65.5,3.59,68
2026-08-02 11:01:56.720,19.184946,73.19147,39.7,58.8,449.9,26.95,66.3,3.67,66
2026-08-02 11:01:56.800,19.185006,73.191433,40.4,63.7,451.7,27.0,65.9,3.55,67
2026-08-02 11:01:56.880,19.184926,73.191504,40.3,61.4,452.6,27.03,65.9,3.55,67
2026-08-02 11:01:56.960,19.185013,73.191488,40.1,61.3,448.3,26.91,66.3,3.61,67
2026-08-02 11:01:57.040,19.184971,73.19151,40.5,61.8,450.2,26.96,66.2,3.55,68
2026-08-02 11:01:57.120,19.184982,73.191484,39.8,57.2,460.3,26.92,65.6,3.74,66
2026-08-02 11:01:57.200,19.184987,73.191524,41.9,67.2,452.7,26.96,66.1,3.63,70
2026-08-02 11:01:57.280,19.185038,73.191525,39.7,58.2,451.2,26.91,65.9,3.61,66
2026-08-02 11:01:57.360,19.185,73.191545,41.5,61.9,450.9,26.92,65.4,3.68,69
2026-08-02 11:01:57.440,19.184999,73.191655,39.9,60.5,453.2,26.92,65.9,3.51,66
2026-08-02 11:01:57.520,19.185015,73.191609,39.5,59.4,450.8,26.96,65.7,3.62,66
2026-08-02 11:01:57.600,19.185025,73.191651,39.8,62.5,458.1,26.98,65.6,3.66,66
2026-08-02 11:01:57.680,19.184964,73.191638,40.1,63.2,454.7,26.89,66.0,3.5,67
2026-08-02 11:01:57.760,19.184983,73.191738,40.2,60.3,452.1,26.97,65.5,3.57,67
2026-08-02 11:01:57.840,19.184986,73.191665,40.3,64.3,454.2,26.99,65.8,3.6,67
2026-08-02 11:01:57.920,19.185043,73.191632,41.8,62.9,457.7,26.89,66.2,3.59,70
2026-08-02 11:01:58.000,19.185018,73.19175,39.5,60.2,454.7,26.97,65.9,3.61,66
2026-08-02 11:01:58.080,19.18497,73.191651,39.1,60.6,455.4,26.92,66.1,3.51,65
2026-08-02 11:01:58.160,19.185049,73.191678,40.1,60.2,455.0,26.95,65.2,3.69,67
2026-08-02 11:01:58.240,19.185037,73.191721,39.3,59.2,456.9,26.99,65.7,3.61,66
2026-08-02 11:01:58.320,19.184977,73.191851,39.5,61.1,454.9,26.96,65.6,3.59,66
2026-08-02 11:01:58.400,19.184987,73.191872,39.7,58.9,453.5,26.88,65.7,3.64,66
2026-08-02 11:01:58.480,19.18498,73.19185,40.9,67.3,457.6,27.0,65.7,3.54,68
2026-08-02 11:01:58.560,19.185024,73.191851,40.2,62.3,459.3,26.96,65.5,3.62,67
2026-08-02 11:01:58.640,19.185106,73.191902,40.4,62.3,456.8,26.91,65.3,3.72,67
2026-08-02 11:01:58.720,19.185004,73.191903,42.2,62.0,463.1,26.93,65.5,3.74,70
2026-08-02 11:01:58.800,19.18501,73.191862,38.9,58.3,457.3,26.88,65.9,3.64,65
2026-08-02 11:01:58.880,19.185028,73.191855,40.3,62.2,451.9,26.9,65.6,3.71,67
2026-08-02 11:01:58.960,19.185025,73.191947,41.5,61.1,463.0,26.92,65.1,3.8,69
2026-08-02 11:01:59.040,19.185012,73.191971,38.4,59.2,458.4,26.89,66.1,3.49,64
2026-08-02 11:01:59.120,19.185059,73.191955,41.2,59.8,452.2,26.92,66.1,3.51,69
2026-08-02 11:01:59.200,19.18502,73.192017,40.7,63.6,466.2,26.98,65.7,3.64,68
2026-08-02 11:01:59.280,19.18495,73.19206,39.9,59.7,454.2,26.85,65.0,3.53,66
2026-08-02 11:01:59.360,19.184962,73.192113,40.3,61.2,449.4,26.94,65.2,3.63,67
2026-08-02 11:01:59.440,19.184956,73.1921,39.8,60.0,463.1,26.91,65.4,3.61,66
2026-08-02 11:01:59.520,19.184985,73.192054,41.6,60.4,458.4,26.88,65.6,3.5,69
2026-08-02 11:01:59.600,19.184979,73.19217,41.6,64.3,457.9,26.91,65.4,3.76,69
2026-08-02 11:01:59.680,19.184992,73.192166,39.1,59.1,458.2,26.9,65.5,3.54,65
2026-08-02 11:01:59.760,19.184967,73.192157,41.5,63.9,455.0,26.81,65.4,3.56,69
2026-08-02 11:01:59.840,19.185028,73.192196,42.4,64.4,460.1,26.83,65.6,3.57,71
2026-08-02 11:01:59.920,19.184946,73.192192,40.1,64.4,463.2,26.87,65.2,3.49,67
