timestamp,latitude,longitude,pm2_5_ug_m3,pm10_ug_m3,co2_ppm,temperature_c,humidity_percent,wind_speed_m_s,aqi_demo
2026-07-26 10:00:00.000,18.483527,73.828473,14.3,25.2,435.5,24.13,82.0,2.73,50
2026-07-26 10:00:00.600,18.483519,73.828506,15.6,25.7,433.2,24.22,82.0,2.77,52
2026-07-26 10:00:01.200,18.483588,73.828533,15.2,25.2,428.6,24.24,82.0,2.67,50
2026-07-26 10:00:01.800,18.483604,73.828524,14.8,25.8,427.0,24.2,82.0,2.79,49
2026-07-26 10:00:02.400,18.483617,73.828513,15.0,24.6,429.1,24.3,82.5,2.88,50
2026-07-26 10:00:03.000,18.483682,73.828548,14.8,24.4,431.3,24.21,82.5,2.76,50
2026-07-26 10:00:03.600,18.483719,73.828647,15.1,25.4,433.0,24.15,81.9,2.78,52
2026-07-26 10:00:04.200,18.483787,73.82861,15.9,25.7,434.5,24.23,82.1,2.83,51
2026-07-26 10:00:04.800,18.483815,73.828603,15.6,24.7,427.6,24.23,82.3,2.89,53
2026-07-26 10:00:05.400,18.483861,73.828628,14.7,24.7,436.6,24.27,82.2,2.71,50
2026-07-26 10:00:06.000,18.483872,73.828622,14.2,24.8,427.2,24.29,82.6,2.91,49
2026-07-26 10:00:06.600,18.483905,73.82871,15.1,24.6,433.1,24.39,81.7,2.83,51
2026-07-26 10:00:07.200,18.483986,73.828696,14.7,24.5,430.6,24.23,82.4,2.94,50
2026-07-26 10:00:07.800,18.484018,73.828693,15.6,26.1,433.0,24.38,82.3,2.87,52
2026-07-26 10:00:08.400,18.484005,73.828746,15.7,26.1,431.6,24.23,83.0,2.95,53
2026-07-26 10:00:09.000,18.484045,73.828741,15.6,25.2,434.2,24.24,82.2,2.92,52
2026-07-26 10:00:09.600,18.48412,73.828756,15.1,24.5,434.7,24.33,82.5,3.02,50
2026-07-26 10:00:10.200,18.484142,73.828811,15.9,25.9,431.2,24.25,82.7,2.86,52
2026-07-26 10:00:10.800,18.48423,73.828813,16.1,24.9,434.4,24.3,82.9,2.93,54
2026-07-26 10:00:11.400,18.48422,73.82878,15.6,24.1,438.5,24.2,82.7,2.82,52
2026-07-26 10:00:12.000,18.484262,73.828817,15.2,24.4,434.4,24.39,82.3,2.97,52
2026-07-26 10:00:12.600,18.484288,73.828845,16.3,24.7,435.1,24.32,82.4,2.94,53
2026-07-26 10:00:13.200,18.484328,73.828876,16.1,25.5,435.6,24.33,82.7,2.97,54
2026-07-26 10:00:13.800,18.484376,73.828869,15.0,26.1,437.6,24.3,82.6,3.04,50
2026-07-26 10:00:14.400,18.484413,73.828864,14.9,26.4,437.1,24.26,82.0,3.05,50
2026-07-26 10:00:15.000,18.484483,73.828906,15.7,26.1,427.7,24.3,82.2,2.93,52
2026-07-26 10:00:15.600,18.484462,73.828935,14.8,26.5,432.0,24.26,83.2,2.95,50
2026-07-26 10:00:16.200,18.484473,73.828914,15.6,25.0,432.5,24.27,83.2,3.07,52
2026-07-26 10:00:16.800,18.484527,73.828928,15.1,25.4,433.6,24.35,82.6,3.01,50
2026-07-26 10:00:17.400,18.484572,73.828988,15.3,25.9,435.0,24.37,81.9,3.15,52
2026-07-26 10:00:18.000,18.48464,73.828966,16.4,25.3,431.3,24.31,82.8,3.0,55
2026-07-26 10:00:18.600,18.484659,73.829018,16.0,26.5,434.3,24.32,82.7,2.95,53
2026-07-26 10:00:19.200,18.48466,73.82907,15.8,25.7,428.3,24.37,82.6,2.94,52
2026-07-26 10:00:19.800,18.484755,73.829029,16.4,25.8,437.9,24.42,82.5,3.17,55
2026-07-26 10:00:20.400,18.484723,73.829076,16.0,25.0,436.0,24.39,83.3,2.99,53
2026-07-26 10:00:21.000,18.484823,73.829037,15.5,26.9,432.5,24.39,82.9,3.11,52
2026-07-26 10:00:21.600,18.484807,73.829083,15.6,25.4,429.9,24.21,83.1,3.0,52
2026-07-26 10:00:22.200,18.484904,73.829106,14.9,26.5,433.4,24.39,83.0,3.07,50
2026-07-26 10:00:22.800,18.484939,73.829085,15.5,25.0,437.3,24.43,82.6,3.0,51
2026-07-26 10:00:23.400,18.48499,73.829125,16.0,25.5,437.6,24.4,83.1,2.93,52
2026-07-26 10:00:24.000,18.485001,73.829088,15.4,24.2,437.4,24.39,83.0,2.99,50
2026-07-26 10:00:24.600,18.485026,73.829135,15.5,26.5,434.3,24.31,82.8,3.2,51
2026-07-26 10:00:25.200,18.485061,73.829127,15.8,27.0,434.9,24.46,82.5,3.08,52
2026-07-26 10:00:25.800,18.485078,73.829103,15.4,25.9,440.1,24.46,83.3,3.13,51
2026-07-26 10:00:26.400,18.485107,73.829171,16.5,24.4,435.3,24.46,82.9,3.07,53
2026-07-26 10:00:27.000,18.485139,73.829189,15.7,25.2,439.6,24.27,82.6,3.12,51
2026-07-26 10:00:27.600,18.485175,73.829243,16.0,26.2,436.4,24.52,83.1,3.04,51
2026-07-26 10:00:28.200,18.485228,73.829174,15.5,26.1,435.6,24.41,83.2,3.12,51
2026-07-26 10:00:28.800,18.485276,73.829246,16.3,26.7,434.2,24.38,83.8,3.1,55
2026-07-26 10:00:29.400,18.485295,73.82922,16.1,26.2,432.3,24.34,82.9,3.26,53
2026-07-26 10:00:30.000,18.485322,73.829253,15.0,27.0,438.2,24.43,82.7,3.14,51
2026-07-26 10:00:30.600,18.485364,73.829246,15.4,25.4,437.4,24.49,82.9,3.18,50
2026-07-26 10:00:31.200,18.48543,73.829308,16.0,26.1,433.5,24.44,82.9,3.03,54
2026-07-26 10:00:31.800,18.485432,73.829307,15.9,25.4,434.5,24.39,83.2,3.12,53
2026-07-26 10:00:32.400,18.485465,73.829323,16.5,26.4,441.4,24.47,83.3,3.17,53
2026-07-26 10:00:33.000,18.485489,73.829373,15.7,26.6,435.0,24.59,83.8,3.2,52
2026-07-26 10:00:33.600,18.485568,73.82928,16.2,25.7,440.0,24.44,83.3,3.24,53
2026-07-26 10:00:34.200,18.485538,73.829291,16.3,26.4,440.3,24.45,83.3,3.18,54
2026-07-26 10:00:34.800,18.485576,73.829377,15.2,27.1,440.4,24.48,83.7,3.3,51
2026-07-26 10:00:35.400,18.485649,73.82941,16.5,26.6,438.3,24.51,82.8,3.14,55
2026-07-26 10:00:36.000,18.485691,73.829405,15.9,26.0,437.8,24.49,83.5,3.09,51
2026-07-26 10:00:36.600,18.485724,73.829416,16.0,25.8,438.3,24.43,83.5,3.2,53
2026-07-26 10:00:37.200,18.485783,73.829409,15.9,26.6,444.6,24.47,84.0,3.09,53
2026-07-26 10:00:37.800,18.485819,73.829433,16.2,26.0,437.7,24.44,83.4,3.14,53
2026-07-26 10:00:38.400,18.485774,73.829446,16.3,25.9,441.7,24.47,83.5,3.09,53
2026-07-26 10:00:39.000,18.485839,73.829436,16.2,26.9,437.5,24.42,83.3,3.1,52
2026-07-26 10:00:39.600,18.485853,73.829475,16.4,28.0,438.0,24.5,83.5,3.2,54
2026-07-26 10:00:40.200,18.485916,73.82943,16.6,26.4,438.3,24.42,83.0,3.15,54
2026-07-26 10:00:40.800,18.485927,73.829532,15.9,26.5,439.1,24.52,83.1,3.17,52
2026-07-26 10:00:41.400,18.486003,73.829502,16.4,26.1,439.3,24.5,83.1,3.18,53
2026-07-26 10:00:42.000,18.486006,73.829499,16.1,26.3,437.7,24.48,83.6,3.34,54
2026-07-26 10:00:42.600,18.48607,73.829523,16.4,27.0,442.3,24.44,83.8,3.25,53
2026-07-26 10:00:43.200,18.486069,73.82948,16.3,27.2,435.8,24.54,83.1,3.29,52
2026-07-26 10:00:43.800,18.486109,73.829533,16.4,27.5,439.3,24.54,83.9,3.31,53
2026-07-26 10:00:44.400,18.486113,73.829528,16.7,26.2,440.7,24.42,84.0,3.25,54
2026-07-26 10:00:45.000,18.486158,73.829572,16.6,26.7,441.1,24.56,84.4,3.29,55
2026-07-26 10:00:45.600,18.486219,73.829562,16.2,26.5,440.6,24.56,83.1,3.18,54
2026-07-26 10:00:46.200,18.486204,73.829581,16.4,26.1,441.7,24.47,84.0,3.19,53
2026-07-26 10:00:46.800,18.48629,73.829604,16.6,27.4,436.6,24.62,83.7,3.06,53
2026-07-26 10:00:47.400,18.48629,73.82956,16.3,25.8,446.3,24.59,83.2,3.22,54
2026-07-26 10:00:48.000,18.486348,73.829618,16.3,27.2,438.4,24.63,84.2,3.25,54
2026-07-26 10:00:48.600,18.486357,73.829582,16.3,26.5,444.3,24.53,83.2,3.24,54
2026-07-26 10:00:49.200,18.48636,73.829619,16.5,26.2,436.6,24.51,83.7,3.31,54
2026-07-26 10:00:49.800,18.486394,73.829656,16.7,26.8,439.6,24.6,84.0,3.38,55
2026-07-26 10:00:50.400,18.486464,73.829643,16.5,27.4,443.8,24.58,83.9,3.09,51
2026-07-26 10:00:51.000,18.486484,73.829647,16.7,28.3,439.5,24.55,84.2,3.25,56
2026-07-26 10:00:51.600,18.486473,73.829645,16.3,27.4,439.3,24.54,84.1,3.36,51
2026-07-26 10:00:52.200,18.486524,73.829668,16.3,27.1,442.2,24.6,84.2,3.22,53
2026-07-26 10:00:52.800,18.486512,73.829674,16.1,28.6,438.3,24.58,84.2,3.5,54
2026-07-26 10:00:53.400,18.486566,73.829652,16.4,26.6,437.9,24.56,84.1,3.18,56
2026-07-26 10:00:54.000,18.486651,73.829727,16.3,26.7,434.9,24.43,83.9,3.33,54
2026-07-26 10:00:54.600,18.486636,73.82974,16.8,27.0,438.8,24.58,84.3,3.37,53
2026-07-26 10:00:55.200,18.486675,73.82972,16.9,27.2,445.9,24.52,84.3,3.4,55
2026-07-26 10:00:55.800,18.486675,73.829716,16.0,28.2,440.2,24.63,84.0,3.31,53
2026-07-26 10:00:56.400,18.486707,73.829744,17.2,28.1,438.7,24.56,83.7,3.36,54
2026-07-26 10:00:57.000,18.486749,73.829735,16.7,27.1,440.6,24.69,84.0,3.23,56
2026-07-26 10:00:57.600,18.486771,73.829725,17.8,26.8,439.6,24.55,83.8,3.37,56
2026-07-26 10:00:58.200,18.486799,73.829793,15.7,26.7,438.8,24.68,84.4,3.28,51
2026-07-26 10:00:58.800,18.486824,73.829722,16.3,26.8,438.6,24.65,83.3,3.36,54
2026-07-26 10:00:59.400,18.486872,73.829749,17.4,27.9,443.5,24.54,83.7,3.16,57
2026-07-26 10:01:00.000,18.486842,73.829739,16.5,27.6,442.6,24.62,84.3,3.26,53
2026-07-26 10:01:00.600,18.486933,73.829779,16.7,27.5,440.6,24.57,84.2,3.17,53
2026-07-26 10:01:01.200,18.4869,73.829767,16.4,28.1,444.0,24.54,83.1,3.24,52
2026-07-26 10:01:01.800,18.486993,73.829823,17.0,27.3,443.9,24.59,84.0,3.34,56
2026-07-26 10:01:02.400,18.486996,73.829801,16.8,28.5,442.1,24.64,84.3,3.46,54
2026-07-26 10:01:03.000,18.487012,73.829814,16.9,26.1,445.6,24.67,83.8,3.25,54
2026-07-26 10:01:03.600,18.487038,73.829872,16.8,27.6,436.4,24.53,83.5,3.4,54
2026-07-26 10:01:04.200,18.487066,73.829815,16.5,27.2,443.6,24.61,84.2,3.23,53
2026-07-26 10:01:04.800,18.487075,73.829798,17.0,30.1,442.7,24.57,84.3,3.23,56
2026-07-26 10:01:05.400,18.487069,73.829843,15.9,27.7,440.5,24.68,83.7,3.26,53
2026-07-26 10:01:06.000,18.487115,73.829824,17.1,27.7,443.7,24.66,84.5,3.4,55
2026-07-26 10:01:06.600,18.487133,73.829841,17.2,27.3,439.7,24.6,84.2,3.49,56
2026-07-26 10:01:07.200,18.48718,73.829851,17.1,26.2,439.5,24.64,84.8,3.37,57
2026-07-26 10:01:07.800,18.487212,73.82986,17.3,27.6,445.1,24.66,84.3,3.38,57
2026-07-26 10:01:08.400,18.487197,73.829872,17.5,27.3,437.2,24.64,83.9,3.21,58
2026-07-26 10:01:09.000,18.487229,73.829847,16.6,26.8,440.6,24.7,84.2,3.26,56
2026-07-26 10:01:09.600,18.487287,73.829849,16.5,27.9,444.5,24.65,84.1,3.31,54
2026-07-26 10:01:10.200,18.487308,73.829874,16.5,26.8,440.2,24.59,84.0,3.34,54
2026-07-26 10:01:10.800,18.487324,73.829859,16.6,27.0,439.5,24.54,84.7,3.52,54
2026-07-26 10:01:11.400,18.487309,73.829882,16.9,27.2,442.3,24.72,84.9,3.23,54
2026-07-26 10:01:12.000,18.487364,73.829897,16.8,28.5,440.0,24.54,84.3,3.4,56
2026-07-26 10:01:12.600,18.487395,73.829916,17.0,27.2,440.7,24.58,84.5,3.2,54
2026-07-26 10:01:13.200,18.487414,73.829857,17.0,28.9,445.1,24.56,84.3,3.57,53
2026-07-26 10:01:13.800,18.487428,73.829945,17.2,28.3,438.9,24.72,84.0,3.19,54
2026-07-26 10:01:14.400,18.487448,73.829879,16.7,28.2,441.6,24.73,84.7,3.23,54
2026-07-26 10:01:15.000,18.487478,73.829879,16.8,27.9,442.8,24.63,83.9,3.32,54
2026-07-26 10:01:15.600,18.487486,73.82993,17.6,27.4,443.5,24.68,84.2,3.48,55
2026-07-26 10:01:16.200,18.487546,73.829931,17.0,28.3,439.3,24.68,84.7,3.44,54
2026-07-26 10:01:16.800,18.487529,73.829911,17.1,27.9,444.2,24.72,84.4,3.19,55
2026-07-26 10:01:17.400,18.48758,73.829872,17.2,27.2,446.5,24.79,84.2,3.32,56
2026-07-26 10:01:18.000,18.487621,73.829936,17.1,30.1,439.7,24.67,84.4,3.48,55
2026-07-26 10:01:18.600,18.48764,73.829901,17.9,27.5,443.0,24.71,84.9,3.4,57
2026-07-26 10:01:19.200,18.48759,73.829942,16.7,27.7,443.2,24.65,84.6,3.25,55
2026-07-26 10:01:19.800,18.48764,73.82995,17.1,27.1,445.5,24.71,84.5,3.39,54
2026-07-26 10:01:20.400,18.487656,73.829899,17.4,26.9,443.5,24.78,84.7,3.3,55
2026-07-26 10:01:21.000,18.487645,73.829919,17.0,28.1,445.8,24.7,84.6,3.43,54
2026-07-26 10:01:21.600,18.487689,73.829911,17.4,27.6,441.5,24.71,84.9,3.37,54
2026-07-26 10:01:22.200,18.487729,73.829995,17.4,27.3,439.1,24.67,84.5,3.48,56
2026-07-26 10:01:22.800,18.487721,73.829979,16.1,26.6,444.3,24.73,84.0,3.43,53
2026-07-26 10:01:23.400,18.487777,73.829983,16.1,27.4,439.2,24.73,84.7,3.13,53
2026-07-26 10:01:24.000,18.487759,73.829941,16.7,27.6,439.8,24.56,83.9,3.3,54
2026-07-26 10:01:24.600,18.487801,73.829929,17.4,27.6,440.2,24.7,84.2,3.26,57
2026-07-26 10:01:25.200,18.487785,73.829962,17.3,27.5,439.2,24.74,85.0,3.4,55
2026-07-26 10:01:25.800,18.487815,73.829976,17.1,28.3,444.6,24.7,84.3,3.31,54
2026-07-26 10:01:26.400,18.487819,73.82991,17.6,27.9,443.2,24.64,83.8,3.19,56
2026-07-26 10:01:27.000,18.48785,73.829917,16.2,27.4,444.5,24.77,84.1,3.57,53
2026-07-26 10:01:27.600,18.487861,73.829902,17.0,27.9,441.1,24.63,84.6,3.25,55
2026-07-26 10:01:28.200,18.487938,73.829926,17.4,27.2,446.1,24.67,84.4,3.26,56
2026-07-26 10:01:28.800,18.487925,73.829922,17.8,27.8,441.4,24.75,85.1,3.36,57
2026-07-26 10:01:29.400,18.487906,73.829914,17.1,28.1,445.1,24.76,85.2,3.32,54
2026-07-26 10:01:30.000,18.487913,73.82991,16.4,27.0,443.4,24.6,84.3,3.15,55
2026-07-26 10:01:30.600,18.487949,73.829925,16.0,27.6,438.0,24.79,84.8,3.46,52
2026-07-26 10:01:31.200,18.487945,73.82992,17.9,27.3,442.2,24.81,84.4,3.3,57
2026-07-26 10:01:31.800,18.487985,73.829927,17.1,26.5,445.1,24.69,84.3,3.32,54
2026-07-26 10:01:32.400,18.488008,73.829906,17.5,28.8,442.6,24.71,84.8,3.31,56
2026-07-26 10:01:33.000,18.487994,73.829947,17.3,27.6,442.5,24.79,84.5,3.3,54
2026-07-26 10:01:33.600,18.488097,73.829894,16.3,26.9,446.8,24.74,84.1,3.35,50
2026-07-26 10:01:34.200,18.48799,73.829912,16.8,29.1,439.8,24.73,84.6,3.27,54
2026-07-26 10:01:34.800,18.488032,73.829978,16.6,28.1,438.6,24.84,83.8,3.52,53
2026-07-26 10:01:35.400,18.488018,73.829907,16.7,27.1,438.4,24.9,84.5,3.42,55
2026-07-26 10:01:36.000,18.488135,73.829912,16.6,27.0,441.4,24.81,84.7,3.27,55
2026-07-26 10:01:36.600,18.488107,73.829949,17.3,26.8,441.5,24.72,84.4,3.41,56
2026-07-26 10:01:37.200,18.488111,73.829948,17.1,27.1,439.5,24.74,84.9,3.36,55
2026-07-26 10:01:37.800,18.488095,73.829937,17.2,28.0,438.6,25.03,84.4,3.41,54
2026-07-26 10:01:38.400,18.488069,73.829918,17.7,28.8,446.2,24.74,84.6,3.3,58
2026-07-26 10:01:39.000,18.488172,73.829897,17.0,26.9,445.2,24.82,85.3,3.37,54
2026-07-26 10:01:39.600,18.488126,73.829885,17.2,28.0,438.8,24.72,84.4,3.2,56
2026-07-26 10:01:40.200,18.488129,73.829922,17.2,29.5,442.2,24.69,84.5,3.31,57
2026-07-26 10:01:40.800,18.488197,73.829927,16.6,28.3,440.7,24.78,84.5,3.44,54
2026-07-26 10:01:41.400,18.488203,73.829896,16.3,27.0,443.0,24.71,84.0,3.3,54
2026-07-26 10:01:42.000,18.488188,73.829928,16.6,27.2,440.3,24.8,84.7,3.27,53
2026-07-26 10:01:42.600,18.488172,73.829923,16.7,28.6,439.8,24.77,84.0,3.37,53
2026-07-26 10:01:43.200,18.488223,73.829912,17.6,27.2,441.1,24.72,84.6,3.32,58
2026-07-26 10:01:43.800,18.488243,73.829848,16.9,28.1,443.3,24.8,83.9,3.27,55
2026-07-26 10:01:44.400,18.488216,73.829862,15.4,27.2,443.8,24.79,84.8,3.29,50
2026-07-26 10:01:45.000,18.488255,73.829856,17.3,26.4,444.0,24.71,84.6,3.26,56
2026-07-26 10:01:45.600,18.488224,73.829877,16.4,28.0,442.7,24.84,84.8,3.18,54
2026-07-26 10:01:46.200,18.488255,73.829875,17.2,28.3,441.7,24.77,84.5,3.1,54
2026-07-26 10:01:46.800,18.488259,73.829844,16.7,27.6,440.2,24.85,84.6,3.33,56
2026-07-26 10:01:47.400,18.488255,73.829806,17.5,28.9,437.6,24.93,84.4,3.13,56
2026-07-26 10:01:48.000,18.488284,73.829845,17.0,28.2,435.4,24.81,84.4,3.34,54
2026-07-26 10:01:48.600,18.488266,73.829761,17.6,28.7,441.6,24.78,84.9,3.4,57
2026-07-26 10:01:49.200,18.488258,73.829806,17.5,29.1,438.8,24.87,85.1,3.29,57
2026-07-26 10:01:49.800,18.488302,73.829808,17.3,28.7,438.0,24.85,84.9,3.37,56
2026-07-26 10:01:50.400,18.488315,73.829823,16.7,29.0,442.9,24.83,84.9,3.4,53
2026-07-26 10:01:51.000,18.488305,73.829717,16.1,27.2,440.1,24.73,83.8,3.36,52
2026-07-26 10:01:51.600,18.488316,73.829798,17.1,29.3,445.4,24.86,83.9,3.23,54
2026-07-26 10:01:52.200,18.488307,73.829796,16.9,27.7,439.3,24.76,84.6,3.26,53
2026-07-26 10:01:52.800,18.488316,73.829773,17.6,27.7,435.2,24.86,84.1,3.18,56
2026-07-26 10:01:53.400,18.488375,73.829801,15.9,27.7,440.4,24.84,84.3,3.24,53
2026-07-26 10:01:54.000,18.488366,73.829757,16.6,27.3,444.2,24.82,85.1,3.11,52
2026-07-26 10:01:54.600,18.488357,73.829746,17.0,28.4,436.2,24.74,84.2,3.35,53
2026-07-26 10:01:55.200,18.488355,73.829756,16.6,26.7,441.4,24.81,84.3,3.35,54
2026-07-26 10:01:55.800,18.488358,73.829751,16.2,26.9,438.7,24.8,84.5,3.22,52
2026-07-26 10:01:56.400,18.488305,73.829682,17.6,29.0,442.4,24.87,84.8,3.35,56
2026-07-26 10:01:57.000,18.48837,73.829713,16.3,28.4,445.4,24.72,84.2,3.04,56
2026-07-26 10:01:57.600,18.488348,73.829709,15.9,27.5,448.0,24.72,84.0,3.34,53
2026-07-26 10:01:58.200,18.488389,73.829717,17.0,28.6,438.1,24.77,84.4,3.27,58
2026-07-26 10:01:58.800,18.48839,73.829725,16.7,27.9,448.1,24.87,84.3,3.29,54
2026-07-26 10:01:59.400,18.488401,73.829658,16.8,27.3,433.8,24.78,84.9,3.2,55
2026-07-26 10:02:00.000,18.488389,73.829684,17.6,28.4,435.7,24.8,84.3,3.21,57
2026-07-26 10:02:00.600,18.488405,73.829686,16.8,27.6,439.0,24.82,83.8,3.36,53
2026-07-26 10:02:01.200,18.488371,73.829644,16.6,27.6,440.9,24.76,84.0,3.08,54
2026-07-26 10:02:01.800,18.488358,73.829623,16.9,27.5,439.1,24.81,84.4,3.19,56
2026-07-26 10:02:02.400,18.488382,73.829611,17.2,29.0,439.9,24.79,84.2,3.2,55
2026-07-26 10:02:03.000,18.488422,73.829628,16.3,28.0,438.9,24.85,84.8,3.25,53
2026-07-26 10:02:03.600,18.488418,73.829584,15.7,27.9,443.3,24.74,84.6,3.18,53
2026-07-26 10:02:04.200,18.48841,73.829583,17.1,27.5,439.0,24.85,84.4,3.17,52
2026-07-26 10:02:04.800,18.488392,73.829638,16.7,28.4,437.2,24.65,84.2,3.25,54
2026-07-26 10:02:05.400,18.488486,73.829579,16.4,29.6,443.6,24.78,84.2,3.28,53
2026-07-26 10:02:06.000,18.488466,73.82954,16.5,28.2,441.5,24.84,85.2,3.27,55
2026-07-26 10:02:06.600,18.488403,73.829558,15.9,27.9,441.7,24.8,84.2,3.42,52
2026-07-26 10:02:07.200,18.488429,73.829565,17.0,27.2,441.2,24.83,84.4,3.23,55
2026-07-26 10:02:07.800,18.488419,73.829491,16.8,29.1,440.4,24.91,84.9,3.23,55
2026-07-26 10:02:08.400,18.488386,73.82952,16.1,28.8,438.2,24.86,84.4,3.2,52
2026-07-26 10:02:09.000,18.488427,73.829497,16.3,27.5,439.0,24.87,84.4,3.14,53
2026-07-26 10:02:09.600,18.488398,73.829438,16.3,26.9,432.7,24.81,83.9,3.12,55
2026-07-26 10:02:10.200,18.488395,73.829496,16.9,28.8,440.2,24.82,84.5,3.36,55
2026-07-26 10:02:10.800,18.48838,73.829492,16.2,25.9,437.4,24.81,84.4,3.13,52
2026-07-26 10:02:11.400,18.488455,73.829466,16.2,28.3,434.1,24.86,84.5,3.19,54
2026-07-26 10:02:12.000,18.488387,73.82943,17.0,28.1,444.4,24.84,84.6,3.11,56
2026-07-26 10:02:12.600,18.488398,73.829438,15.5,26.9,436.3,24.83,84.1,3.25,52
2026-07-26 10:02:13.200,18.488469,73.829401,16.7,28.0,441.5,24.77,84.0,3.21,55
2026-07-26 10:02:13.800,18.488413,73.829424,16.6,27.7,435.8,24.84,84.9,3.21,55
2026-07-26 10:02:14.400,18.488395,73.829431,17.3,29.0,445.3,24.86,84.4,3.13,53
2026-07-26 10:02:15.000,18.4884,73.829364,16.8,27.9,440.1,24.83,84.6,3.15,55
2026-07-26 10:02:15.600,18.488358,73.829325,17.1,27.4,437.2,24.78,85.1,3.38,55
2026-07-26 10:02:16.200,18.488431,73.829318,16.1,26.9,441.6,24.79,83.6,3.12,51
2026-07-26 10:02:16.800,18.488395,73.829329,15.5,27.9,442.4,24.79,84.2,3.18,50
2026-07-26 10:02:17.400,18.48836,73.829374,17.1,28.3,442.3,24.8,84.4,3.06,56
2026-07-26 10:02:18.000,18.488405,73.829322,16.3,27.4,435.1,24.82,84.4,3.15,53
2026-07-26 10:02:18.600,18.488409,73.829321,15.1,27.9,435.7,24.81,85.0,3.02,51
2026-07-26 10:02:19.200,18.488429,73.829268,16.7,26.6,436.4,24.76,84.5,3.24,55
2026-07-26 10:02:19.800,18.488377,73.829295,15.8,27.9,439.1,24.8,84.7,3.33,50
2026-07-26 10:02:20.400,18.488382,73.829233,16.4,28.3,442.0,24.74,84.5,3.05,54
2026-07-26 10:02:21.000,18.488353,73.829252,15.5,27.3,440.4,24.75,84.9,3.42,50
2026-07-26 10:02:21.600,18.488403,73.829232,15.2,27.6,439.1,24.86,84.4,3.16,48
2026-07-26 10:02:22.200,18.4884,73.829169,16.3,27.2,439.7,24.87,83.9,3.19,54
2026-07-26 10:02:22.800,18.48839,73.829206,16.3,27.7,435.6,24.94,84.6,3.09,53
2026-07-26 10:02:23.400,18.48832,73.829136,16.0,27.8,437.0,24.78,83.6,3.33,53
2026-07-26 10:02:24.000,18.488306,73.829153,16.5,28.2,439.9,24.8,83.8,3.22,55
2026-07-26 10:02:24.600,18.48833,73.829105,16.7,28.6,442.6,24.86,84.2,3.07,54
2026-07-26 10:02:25.200,18.488361,73.829088,16.0,27.8,439.1,24.82,84.5,3.17,54
2026-07-26 10:02:25.800,18.488402,73.829136,15.4,27.1,441.6,24.75,85.4,3.2,51
2026-07-26 10:02:26.400,18.488382,73.829079,15.8,27.5,438.6,24.83,83.9,3.19,54
2026-07-26 10:02:27.000,18.488347,73.829089,16.6,26.3,440.2,24.86,84.6,3.12,53
2026-07-26 10:02:27.600,18.488352,73.829021,16.2,27.6,441.2,24.81,83.6,3.18,52
2026-07-26 10:02:28.200,18.488337,73.829025,16.5,28.8,434.5,24.86,84.0,3.22,53
2026-07-26 10:02:28.800,18.488298,73.82902,16.7,27.9,440.0,24.74,83.9,3.17,55
2026-07-26 10:02:29.400,18.488353,73.828994,16.2,27.3,438.0,24.68,84.8,3.23,53
2026-07-26 10:02:30.000,18.488322,73.828942,15.8,28.3,441.3,24.91,84.4,3.14,52
2026-07-26 10:02:30.600,18.488278,73.828918,16.4,28.1,436.8,24.8,84.1,3.21,53
2026-07-26 10:02:31.200,18.488361,73.828958,16.2,28.6,434.2,24.85,84.2,2.99,51
2026-07-26 10:02:31.800,18.488349,73.828961,16.2,27.9,439.7,24.78,84.3,3.21,53
2026-07-26 10:02:32.400,18.48831,73.828886,15.9,27.6,437.4,24.83,85.2,3.22,50
2026-07-26 10:02:33.000,18.488281,73.828869,16.0,27.7,437.3,24.82,84.7,3.21,51
2026-07-26 10:02:33.600,18.48825,73.828883,16.1,26.9,440.0,24.79,84.5,3.09,54
2026-07-26 10:02:34.200,18.488227,73.828881,15.4,26.4,441.4,24.91,83.8,3.28,50
2026-07-26 10:02:34.800,18.488273,73.828829,16.5,26.6,440.0,24.75,83.8,3.02,53
2026-07-26 10:02:35.400,18.488275,73.828792,16.4,26.4,440.0,24.73,84.1,2.96,54
2026-07-26 10:02:36.000,18.488267,73.828773,15.8,26.2,435.8,24.88,84.4,3.19,53
2026-07-26 10:02:36.600,18.488198,73.828759,15.7,27.4,446.6,24.85,84.0,3.14,53
2026-07-26 10:02:37.200,18.488226,73.828808,15.7,27.1,437.7,24.82,84.0,3.23,51
2026-07-26 10:02:37.800,18.48828,73.828738,16.2,28.4,437.1,24.85,83.7,3.1,53
2026-07-26 10:02:38.400,18.488256,73.828704,16.3,26.6,436.2,24.79,84.6,3.21,54
2026-07-26 10:02:39.000,18.488228,73.828681,15.8,26.3,434.6,24.88,84.0,3.08,51
2026-07-26 10:02:39.600,18.48818,73.828678,15.9,28.8,438.4,24.75,84.5,3.17,54
2026-07-26 10:02:40.200,18.488219,73.828692,16.1,28.0,435.3,24.83,84.0,3.15,51
2026-07-26 10:02:40.800,18.488187,73.828658,16.8,28.3,435.5,24.88,83.6,3.13,54
2026-07-26 10:02:41.400,18.488147,73.828552,15.9,27.9,436.1,24.82,84.9,3.14,51
2026-07-26 10:02:42.000,18.488211,73.828618,15.7,28.0,433.6,24.88,84.5,3.06,52
2026-07-26 10:02:42.600,18.488168,73.828589,16.2,27.0,433.1,24.92,84.5,3.24,51
2026-07-26 10:02:43.200,18.488182,73.828579,15.8,26.8,433.8,24.85,84.0,3.07,52
2026-07-26 10:02:43.800,18.488157,73.828548,16.0,28.2,436.3,24.65,84.0,3.33,53
2026-07-26 10:02:44.400,18.488136,73.82847,15.1,28.6,438.6,24.92,83.7,3.21,50
2026-07-26 10:02:45.000,18.4882,73.828486,16.5,27.6,435.9,24.78,83.9,3.14,55
2026-07-26 10:02:45.600,18.488173,73.82848,16.1,28.5,437.5,24.76,83.9,3.2,52
2026-07-26 10:02:46.200,18.488122,73.828469,15.8,27.1,434.7,24.82,83.4,3.15,53
2026-07-26 10:02:46.800,18.48808,73.828407,16.4,28.1,437.7,24.94,83.8,3.09,55
2026-07-26 10:02:47.400,18.488058,73.82843,16.2,27.5,432.0,24.79,84.1,3.25,52
2026-07-26 10:02:48.000,18.488049,73.82837,15.0,26.2,436.8,24.91,83.9,3.23,49
2026-07-26 10:02:48.600,18.488048,73.828364,16.0,25.2,441.4,24.87,83.8,3.06,51
2026-07-26 10:02:49.200,18.488003,73.828318,16.0,28.9,435.0,24.8,84.1,3.14,53
2026-07-26 10:02:49.800,18.488082,73.828314,16.6,26.1,434.8,24.91,84.2,3.18,56
2026-07-26 10:02:50.400,18.488058,73.828292,15.1,28.2,440.8,24.85,84.8,3.22,51
2026-07-26 10:02:51.000,18.488042,73.828286,16.4,27.3,435.8,24.83,83.6,3.08,54
2026-07-26 10:02:51.600,18.488035,73.828257,15.5,27.4,438.9,24.87,83.6,3.08,52
2026-07-26 10:02:52.200,18.487989,73.828183,16.0,27.1,445.6,24.76,84.3,3.25,52
2026-07-26 10:02:52.800,18.488008,73.828144,15.2,26.8,434.3,24.77,83.7,3.3,52
2026-07-26 10:02:53.400,18.488018,73.828194,15.2,27.4,435.9,24.69,83.6,3.26,52
2026-07-26 10:02:54.000,18.48804,73.828174,15.5,27.2,437.5,24.8,83.9,3.25,51
2026-07-26 10:02:54.600,18.488,73.828179,16.5,27.5,435.2,24.83,83.6,3.1,53
2026-07-26 10:02:55.200,18.488053,73.828117,15.5,27.7,440.6,24.79,84.3,3.15,50
2026-07-26 10:02:55.800,18.487981,73.828072,16.2,28.1,434.5,24.79,83.8,3.13,53
2026-07-26 10:02:56.400,18.487964,73.828058,15.9,27.1,440.7,24.87,84.1,3.13,52
2026-07-26 10:02:57.000,18.487937,73.827996,15.7,27.9,436.7,24.87,83.3,3.32,52
2026-07-26 10:02:57.600,18.487988,73.828012,16.5,27.0,439.4,24.74,84.0,3.19,55
2026-07-26 10:02:58.200,18.487939,73.827976,16.1,26.5,437.9,24.82,83.5,3.41,54
2026-07-26 10:02:58.800,18.487907,73.827955,15.9,27.7,437.8,24.8,84.1,3.27,51
2026-07-26 10:02:59.400,18.487951,73.827962,16.0,27.5,437.2,24.8,83.5,3.18,54
2026-07-26 10:03:00.000,18.487915,73.827894,15.9,27.6,435.1,24.72,83.6,3.33,52
2026-07-26 10:03:00.600,18.487883,73.827872,15.9,28.4,435.4,24.88,84.3,3.16,52
2026-07-26 10:03:01.200,18.487868,73.827902,15.4,27.5,434.2,24.8,84.3,3.31,50
2026-07-26 10:03:01.800,18.487957,73.827823,15.3,26.8,440.0,24.75,83.6,3.22,50
2026-07-26 10:03:02.400,18.487866,73.82783,15.7,27.8,433.9,24.93,84.2,3.32,52
2026-07-26 10:03:03.000,18.487832,73.827751,16.0,28.0,439.6,24.87,84.2,3.1,52
2026-07-26 10:03:03.600,18.487865,73.827762,16.0,27.8,438.3,24.68,83.8,3.3,52
2026-07-26 10:03:04.200,18.487794,73.827741,16.8,27.9,437.8,24.88,83.8,3.07,54
2026-07-26 10:03:04.800,18.487836,73.827704,14.9,26.9,447.0,24.68,84.0,3.07,50
2026-07-26 10:03:05.400,18.487821,73.827679,15.4,27.5,435.7,24.8,83.7,3.39,51
2026-07-26 10:03:06.000,18.487825,73.827633,15.7,26.3,437.5,24.85,83.8,3.19,52
2026-07-26 10:03:06.600,18.487803,73.82762,14.9,27.1,437.4,24.72,84.0,3.12,51
2026-07-26 10:03:07.200,18.487739,73.827585,15.9,26.0,435.9,24.77,83.6,3.28,52
2026-07-26 10:03:07.800,18.487732,73.827544,15.7,25.9,438.6,24.84,84.3,3.3,51
2026-07-26 10:03:08.400,18.487786,73.827519,16.3,27.5,434.9,24.8,84.1,3.3,54
2026-07-26 10:03:09.000,18.487782,73.827518,15.9,26.8,439.1,24.75,83.8,3.36,52
2026-07-26 10:03:09.600,18.487768,73.827495,15.6,27.3,441.7,24.87,83.7,3.17,51
2026-07-26 10:03:10.200,18.487712,73.827477,15.9,26.3,436.3,24.79,84.2,3.34,51
2026-07-26 10:03:10.800,18.487711,73.827449,15.3,25.7,443.9,24.86,84.1,3.29,51
2026-07-26 10:03:11.400,18.487726,73.827428,15.8,26.4,435.7,24.85,83.6,3.16,52
2026-07-26 10:03:12.000,18.487692,73.827376,15.3,28.2,434.8,24.78,83.5,3.24,50
2026-07-26 10:03:12.600,18.487699,73.827389,15.7,28.6,435.7,24.79,84.1,3.29,52
2026-07-26 10:03:13.200,18.487727,73.827265,15.2,26.2,433.1,24.75,84.0,3.27,51
2026-07-26 10:03:13.800,18.487663,73.827338,15.9,27.1,441.2,24.7,83.3,3.29,52
2026-07-26 10:03:14.400,18.487665,73.827287,15.4,25.5,439.7,24.84,83.0,3.16,49
2026-07-26 10:03:15.000,18.487623,73.827258,15.2,25.3,437.7,24.85,84.1,3.3,51
2026-07-26 10:03:15.600,18.487651,73.82728,15.4,26.9,438.4,24.87,83.8,3.22,52
2026-07-26 10:03:16.200,18.487644,73.827186,15.6,26.9,438.6,24.7,83.5,3.33,50
2026-07-26 10:03:16.800,18.487612,73.827132,16.3,25.9,440.2,24.79,84.0,3.27,52
2026-07-26 10:03:17.400,18.487616,73.827129,16.0,26.9,443.8,24.74,83.5,3.37,52
2026-07-26 10:03:18.000,18.487644,73.82716,15.9,26.6,437.3,24.83,83.9,3.31,52
2026-07-26 10:03:18.600,18.487537,73.827066,15.6,27.4,435.5,24.82,83.6,3.2,52
2026-07-26 10:03:19.200,18.48761,73.827045,15.9,27.1,439.1,24.69,83.4,3.35,52
2026-07-26 10:03:19.800,18.487601,73.827068,16.2,25.6,438.3,24.69,84.2,3.34,52
2026-07-26 10:03:20.400,18.487542,73.826996,15.8,25.7,439.9,24.71,84.0,3.25,52
2026-07-26 10:03:21.000,18.487536,73.826985,14.9,27.3,435.6,24.77,83.3,3.38,49
2026-07-26 10:03:21.600,18.487532,73.826949,16.1,26.4,438.3,24.82,83.6,3.15,53
2026-07-26 10:03:22.200,18.487528,73.826928,15.9,26.7,439.5,24.78,84.3,3.2,52
2026-07-26 10:03:22.800,18.487546,73.826862,15.2,26.8,436.5,24.79,84.1,3.31,51
2026-07-26 10:03:23.400,18.487592,73.82683,15.9,27.8,434.5,24.65,83.5,3.37,52
2026-07-26 10:03:24.000,18.487491,73.826839,16.0,28.0,438.9,24.77,84.2,3.32,51
2026-07-26 10:03:24.600,18.487486,73.826791,15.6,28.2,434.3,24.87,82.9,3.2,52
2026-07-26 10:03:25.200,18.487468,73.826818,15.9,26.3,440.1,24.8,83.8,3.24,52
2026-07-26 10:03:25.800,18.487523,73.826785,15.0,27.5,439.3,24.87,83.6,3.37,50
2026-07-26 10:03:26.400,18.48746,73.826698,15.6,25.4,440.9,24.78,84.3,3.51,52
2026-07-26 10:03:27.000,18.487465,73.826741,15.2,28.5,438.7,24.81,83.8,3.4,51
2026-07-26 10:03:27.600,18.487473,73.82666,15.9,25.4,442.7,24.74,83.8,3.34,54
2026-07-26 10:03:28.200,18.487515,73.826651,16.3,25.5,441.8,24.8,83.7,3.34,53
2026-07-26 10:03:28.800,18.487382,73.826607,16.3,26.9,437.9,24.66,84.0,3.44,52
2026-07-26 10:03:29.400,18.487482,73.826592,15.5,25.3,441.7,24.67,84.1,3.36,50
2026-07-26 10:03:30.000,18.487438,73.826564,15.7,24.5,442.4,24.7,83.3,3.49,52
2026-07-26 10:03:30.600,18.487389,73.826518,16.1,25.6,440.0,24.82,83.9,3.42,52
2026-07-26 10:03:31.200,18.487421,73.826521,15.3,26.7,442.7,24.85,84.2,3.47,51
2026-07-26 10:03:31.800,18.487384,73.826426,16.1,25.0,438.6,24.66,84.0,3.29,55
2026-07-26 10:03:32.400,18.48739,73.82644,15.6,27.4,438.3,24.83,83.7,3.4,51
2026-07-26 10:03:33.000,18.487416,73.826379,16.3,24.5,440.4,24.82,83.9,3.26,55
2026-07-26 10:03:33.600,18.487394,73.826393,15.4,26.6,438.2,24.79,84.1,3.39,52
2026-07-26 10:03:34.200,18.487333,73.826379,15.5,26.3,441.4,24.68,84.1,3.49,53
2026-07-26 10:03:34.800,18.487333,73.826302,15.2,26.3,443.1,24.61,83.7,3.38,50
2026-07-26 10:03:35.400,18.48738,73.826242,15.4,25.3,439.7,24.8,83.6,3.39,50
2026-07-26 10:03:36.000,18.48731,73.826255,15.6,27.4,436.5,24.61,83.9,3.36,52
2026-07-26 10:03:36.600,18.487344,73.826238,14.9,27.1,439.5,24.78,84.0,3.31,49
2026-07-26 10:03:37.200,18.487334,73.82621,15.6,26.1,442.1,24.66,83.9,3.49,53
2026-07-26 10:03:37.800,18.487319,73.826151,15.4,26.5,444.5,24.83,82.9,3.34,51
2026-07-26 10:03:38.400,18.487315,73.826131,15.3,26.1,433.7,24.73,83.8,3.43,50
2026-07-26 10:03:39.000,18.487302,73.826111,16.1,26.7,439.8,24.81,84.6,3.32,52
2026-07-26 10:03:39.600,18.487271,73.826059,16.0,26.3,439.9,24.73,84.0,3.46,52
2026-07-26 10:03:40.200,18.487254,73.826065,16.5,25.9,440.2,24.73,83.5,3.38,56
2026-07-26 10:03:40.800,18.487302,73.825989,16.0,25.5,440.3,24.68,83.4,3.48,52
2026-07-26 10:03:41.400,18.487294,73.825984,15.5,25.3,440.7,24.79,83.7,3.48,52
2026-07-26 10:03:42.000,18.487215,73.825984,16.3,26.2,434.5,24.74,84.0,3.6,54
2026-07-26 10:03:42.600,18.487251,73.825944,15.4,26.2,437.1,24.75,84.2,3.64,50
2026-07-26 10:03:43.200,18.487258,73.825878,15.5,26.2,438.3,24.71,84.2,3.49,50
2026-07-26 10:03:43.800,18.487238,73.825849,16.3,27.6,439.0,24.78,84.1,3.43,53
2026-07-26 10:03:44.400,18.487264,73.8258,15.0,24.5,442.6,24.76,84.2,3.44,50
2026-07-26 10:03:45.000,18.487216,73.825822,16.6,25.9,443.9,24.79,84.4,3.41,53
2026-07-26 10:03:45.600,18.487217,73.825761,15.6,26.0,441.1,24.81,84.3,3.53,52
2026-07-26 10:03:46.200,18.487193,73.825703,15.8,26.3,440.8,24.7,83.7,3.55,52
2026-07-26 10:03:46.800,18.487236,73.825688,15.7,27.5,441.1,24.76,84.0,3.56,51
2026-07-26 10:03:47.400,18.487218,73.825655,15.8,25.0,441.2,24.8,83.8,3.56,52
2026-07-26 10:03:48.000,18.487144,73.82566,16.0,26.9,447.8,24.73,84.1,3.37,53
2026-07-26 10:03:48.600,18.487209,73.825649,15.9,27.3,442.0,24.75,84.2,3.58,51
2026-07-26 10:03:49.200,18.487157,73.825621,15.8,26.6,443.5,24.66,83.4,3.54,53
2026-07-26 10:03:49.800,18.487158,73.825601,15.7,26.1,443.0,24.72,83.7,3.63,51
2026-07-26 10:03:50.400,18.487186,73.825493,16.5,25.4,440.7,24.67,83.7,3.58,54
2026-07-26 10:03:51.000,18.487137,73.825505,16.0,27.8,447.7,24.79,83.3,3.58,53
2026-07-26 10:03:51.600,18.487159,73.825446,16.4,27.1,442.6,24.67,84.0,3.51,53
2026-07-26 10:03:52.200,18.487145,73.825478,15.8,25.6,444.9,24.75,83.9,3.57,52
2026-07-26 10:03:52.800,18.487184,73.825461,15.5,25.4,447.6,24.69,84.6,3.56,51
2026-07-26 10:03:53.400,18.487176,73.82539,16.1,26.8,444.3,24.79,84.1,3.58,52
2026-07-26 10:03:54.000,18.487145,73.825308,15.8,28.5,445.1,24.7,84.6,3.4,51
2026-07-26 10:03:54.600,18.487124,73.825317,15.4,27.4,446.6,24.76,84.1,3.65,52
2026-07-26 10:03:55.200,18.487174,73.825255,16.6,27.1,444.0,24.75,84.2,3.51,55
2026-07-26 10:03:55.800,18.48714,73.825221,15.8,25.2,443.7,24.65,83.9,3.63,53
2026-07-26 10:03:56.400,18.487159,73.825225,16.7,24.2,443.2,24.66,84.1,3.49,53
2026-07-26 10:03:57.000,18.487135,73.825174,16.6,26.2,441.6,24.7,84.0,3.52,54
2026-07-26 10:03:57.600,18.48714,73.825171,16.2,26.0,442.9,24.68,83.3,3.52,53
2026-07-26 10:03:58.200,18.487087,73.82512,16.9,26.2,441.8,24.69,83.7,3.58,53
2026-07-26 10:03:58.800,18.48717,73.825078,15.8,26.3,445.6,24.74,83.8,3.64,52
2026-07-26 10:03:59.400,18.487091,73.825049,16.0,26.2,443.7,24.74,84.2,3.55,53
2026-07-26 10:04:00.000,18.487165,73.825005,16.0,26.9,439.7,24.59,84.4,3.53,52
2026-07-26 10:04:00.600,18.487087,73.825052,16.2,25.5,444.5,24.7,83.6,3.65,52
2026-07-26 10:04:01.200,18.487142,73.825001,16.7,25.5,445.6,24.75,83.6,3.58,55
2026-07-26 10:04:01.800,18.487088,73.824994,15.3,27.4,446.4,24.73,84.0,3.66,50
2026-07-26 10:04:02.400,18.487136,73.824925,15.8,25.9,447.5,24.74,84.1,3.62,52
2026-07-26 10:04:03.000,18.487136,73.824892,16.4,26.7,446.2,24.75,83.8,3.64,53
2026-07-26 10:04:03.600,18.487113,73.824858,16.5,26.2,451.1,24.78,84.1,3.6,55
2026-07-26 10:04:04.200,18.487098,73.824817,16.9,27.3,446.7,24.72,84.6,3.63,56
2026-07-26 10:04:04.800,18.487089,73.824762,16.4,27.7,446.6,24.76,84.4,3.62,54
2026-07-26 10:04:05.400,18.487069,73.824776,16.4,26.7,444.3,24.79,84.0,3.68,54
2026-07-26 10:04:06.000,18.487081,73.824754,16.5,25.6,450.2,24.74,84.0,3.51,54
2026-07-26 10:04:06.600,18.487111,73.824687,16.7,26.3,445.5,24.67,84.9,3.52,56
2026-07-26 10:04:07.200,18.487171,73.824621,17.1,24.8,442.9,24.69,84.2,3.67,55
2026-07-26 10:04:07.800,18.487097,73.824662,16.0,25.8,446.3,24.65,84.2,3.74,53
2026-07-26 10:04:08.400,18.487109,73.824652,16.1,26.2,445.1,24.74,83.5,3.6,54
2026-07-26 10:04:09.000,18.487075,73.824577,16.5,24.8,443.6,24.76,85.0,3.64,53
2026-07-26 10:04:09.600,18.487096,73.824555,17.3,25.4,440.8,24.68,84.8,3.38,56
2026-07-26 10:04:10.200,18.48709,73.824533,16.1,25.2,448.9,24.78,84.0,3.62,54
2026-07-26 10:04:10.800,18.487109,73.824494,16.3,26.2,450.8,24.64,83.9,3.65,55
2026-07-26 10:04:11.400,18.487054,73.824432,16.1,25.5,444.7,24.65,83.9,3.68,55
2026-07-26 10:04:12.000,18.48707,73.824447,16.0,25.8,440.5,24.74,85.0,3.59,52
2026-07-26 10:04:12.600,18.487075,73.824376,17.2,25.7,448.8,24.75,84.5,3.63,55
2026-07-26 10:04:13.200,18.487106,73.824376,16.0,25.2,451.9,24.68,84.1,3.62,54
2026-07-26 10:04:13.800,18.487115,73.824302,16.5,27.5,448.9,24.74,84.8,3.75,55
2026-07-26 10:04:14.400,18.487099,73.824334,16.1,25.0,446.3,24.72,84.0,3.6,52
2026-07-26 10:04:15.000,18.487121,73.824237,16.2,25.4,450.9,24.67,84.4,3.66,50
2026-07-26 10:04:15.600,18.487107,73.824212,16.5,25.3,448.2,24.74,84.4,3.77,54
2026-07-26 10:04:16.200,18.487088,73.824189,15.5,25.8,450.2,24.81,84.6,3.68,53
2026-07-26 10:04:16.800,18.487139,73.82418,16.8,26.7,448.7,24.79,84.7,3.9,55
2026-07-26 10:04:17.400,18.487117,73.824143,15.9,26.3,448.0,24.8,84.6,3.72,53
2026-07-26 10:04:18.000,18.487053,73.824092,16.2,26.9,447.3,24.7,83.9,3.73,54
2026-07-26 10:04:18.600,18.487121,73.82409,16.9,25.6,453.0,24.55,84.2,3.57,54
2026-07-26 10:04:19.200,18.487113,73.824093,16.2,26.2,450.0,24.68,84.4,3.74,53
2026-07-26 10:04:19.800,18.487107,73.824037,16.6,26.0,447.0,24.64,84.1,3.74,52
2026-07-26 10:04:20.400,18.487104,73.823973,16.2,26.7,444.6,24.68,84.4,3.53,53
2026-07-26 10:04:21.000,18.487133,73.823952,16.4,24.8,446.5,24.71,84.6,3.83,53
2026-07-26 10:04:21.600,18.487156,73.823924,16.3,26.7,445.9,24.71,84.4,3.71,53
2026-07-26 10:04:22.200,18.487131,73.823928,15.9,26.1,447.2,24.72,85.1,3.6,51
2026-07-26 10:04:22.800,18.487152,73.82391,16.1,26.0,447.7,24.72,84.8,3.62,53
2026-07-26 10:04:23.400,18.487156,73.823851,17.1,26.2,449.9,24.7,85.0,3.72,55
2026-07-26 10:04:24.000,18.487161,73.82387,16.2,25.6,449.3,24.71,85.0,3.64,53
2026-07-26 10:04:24.600,18.48713,73.823781,16.5,26.2,446.8,24.69,84.6,3.69,53
2026-07-26 10:04:25.200,18.487136,73.823796,16.9,26.6,451.1,24.73,85.0,3.74,55
2026-07-26 10:04:25.800,18.487177,73.823751,16.5,26.7,448.1,24.73,84.4,3.79,55
2026-07-26 10:04:26.400,18.487149,73.823749,16.2,26.4,449.1,24.82,84.4,3.7,53
2026-07-26 10:04:27.000,18.487185,73.823681,17.2,26.3,452.3,24.7,84.5,3.74,55
2026-07-26 10:04:27.600,18.487141,73.823645,16.3,26.0,451.5,24.7,84.5,3.77,53
2026-07-26 10:04:28.200,18.487225,73.823626,17.1,25.4,445.3,24.66,84.5,3.64,56
2026-07-26 10:04:28.800,18.487206,73.823585,16.8,24.8,449.3,24.72,84.4,3.71,54
2026-07-26 10:04:29.400,18.487209,73.823579,16.8,26.4,449.5,24.61,84.6,3.92,55
2026-07-26 10:04:30.000,18.487179,73.823522,16.6,25.6,445.8,24.79,84.7,3.53,53
2026-07-26 10:04:30.600,18.487144,73.823526,16.1,26.0,448.1,24.67,84.5,3.7,52
2026-07-26 10:04:31.200,18.487215,73.8235,16.2,26.8,448.0,24.66,85.4,3.6,54
2026-07-26 10:04:31.800,18.487202,73.823463,16.6,25.7,449.9,24.69,85.0,3.68,53
2026-07-26 10:04:32.400,18.487206,73.823387,17.9,25.9,454.6,24.74,84.5,3.71,58
2026-07-26 10:04:33.000,18.487204,73.823381,16.6,25.9,447.8,24.79,84.7,3.79,53
2026-07-26 10:04:33.600,18.48721,73.823378,16.4,25.9,451.0,24.83,84.9,3.81,54
2026-07-26 10:04:34.200,18.487251,73.823358,16.4,26.4,448.7,24.77,85.0,3.88,57
2026-07-26 10:04:34.800,18.487236,73.823342,16.7,26.2,447.0,24.9,84.6,3.68,55
2026-07-26 10:04:35.400,18.487245,73.823286,16.5,27.3,447.2,24.81,84.7,3.74,55
2026-07-26 10:04:36.000,18.487272,73.823281,16.6,27.1,446.8,24.74,85.2,3.59,54
2026-07-26 10:04:36.600,18.487248,73.823266,16.8,27.1,450.3,24.74,85.3,3.75,55
2026-07-26 10:04:37.200,18.487272,73.823241,16.7,25.3,449.4,24.6,84.6,3.85,55
2026-07-26 10:04:37.800,18.487269,73.823175,16.7,24.6,451.4,24.75,84.5,3.54,54
2026-07-26 10:04:38.400,18.487333,73.823115,16.6,26.6,452.0,24.72,85.4,3.63,55
2026-07-26 10:04:39.000,18.487296,73.823148,17.2,27.4,448.9,24.84,84.6,3.66,55
2026-07-26 10:04:39.600,18.487297,73.823102,16.5,27.4,452.5,24.74,85.1,3.79,52
2026-07-26 10:04:40.200,18.487314,73.823039,17.0,25.3,450.4,24.76,85.3,3.8,56
2026-07-26 10:04:40.800,18.487284,73.823007,17.4,26.4,451.9,24.74,84.8,3.89,56
2026-07-26 10:04:41.400,18.487334,73.82297,16.8,26.2,453.0,24.81,85.3,3.83,55
2026-07-26 10:04:42.000,18.487356,73.822958,16.3,26.9,451.0,24.84,84.7,3.76,53
2026-07-26 10:04:42.600,18.487339,73.822985,17.0,25.4,450.6,24.74,84.8,3.81,55
2026-07-26 10:04:43.200,18.487324,73.822918,17.0,27.1,455.3,24.78,85.0,3.78,56
2026-07-26 10:04:43.800,18.487335,73.822935,16.7,24.3,451.8,24.85,85.5,3.75,54
2026-07-26 10:04:44.400,18.487356,73.822853,17.4,26.9,448.6,24.83,85.3,3.77,55
2026-07-26 10:04:45.000,18.487404,73.822862,17.2,25.5,446.8,24.79,84.8,3.79,55
2026-07-26 10:04:45.600,18.487382,73.822789,17.0,26.0,448.8,24.8,85.1,3.76,54
2026-07-26 10:04:46.200,18.487392,73.822823,17.0,26.9,445.3,24.85,85.0,3.78,53
2026-07-26 10:04:46.800,18.487442,73.822818,17.8,26.1,445.6,24.8,85.9,3.75,57
2026-07-26 10:04:47.400,18.487449,73.822723,17.1,25.7,447.5,24.74,84.9,3.69,54
2026-07-26 10:04:48.000,18.487449,73.822724,16.9,26.7,449.1,24.88,85.2,3.81,56
2026-07-26 10:04:48.600,18.487469,73.822661,16.8,25.9,450.2,24.79,85.1,3.73,56
2026-07-26 10:04:49.200,18.487467,73.822677,17.2,26.5,450.7,24.76,85.4,3.69,55
2026-07-26 10:04:49.800,18.487471,73.822604,17.4,27.4,445.8,24.82,85.5,3.61,55
2026-07-26 10:04:50.400,18.487467,73.82262,17.3,26.5,450.6,24.69,84.8,3.78,55
2026-07-26 10:04:51.000,18.487468,73.822557,17.2,25.8,452.3,24.77,85.1,3.68,58
2026-07-26 10:04:51.600,18.48754,73.822527,16.8,26.9,455.4,24.8,85.3,3.84,56
2026-07-26 10:04:52.200,18.487566,73.822513,17.7,25.9,447.6,24.76,85.2,3.8,57
2026-07-26 10:04:52.800,18.487525,73.822509,16.3,26.8,453.1,24.86,85.5,3.79,52
2026-07-26 10:04:53.400,18.487546,73.822465,17.1,26.4,454.6,24.79,85.9,3.68,54
2026-07-26 10:04:54.000,18.487554,73.822438,17.1,28.2,453.5,24.86,85.0,3.8,53
2026-07-26 10:04:54.600,18.487549,73.822395,17.4,27.8,447.4,24.75,85.3,3.71,55
2026-07-26 10:04:55.200,18.487578,73.822401,16.8,26.8,454.1,24.76,85.1,3.64,53
2026-07-26 10:04:55.800,18.487583,73.82238,16.4,27.1,445.7,24.78,85.5,3.7,53
2026-07-26 10:04:56.400,18.487551,73.822343,17.0,27.5,450.7,24.61,85.6,3.86,56
2026-07-26 10:04:57.000,18.487582,73.822374,17.1,25.8,452.3,24.92,85.8,3.57,57
2026-07-26 10:04:57.600,18.487651,73.822305,17.3,27.2,449.8,24.75,85.8,3.55,55
2026-07-26 10:04:58.200,18.487639,73.822264,18.4,27.5,447.1,24.74,85.7,3.62,60
2026-07-26 10:04:58.800,18.487643,73.822231,16.8,26.2,454.1,24.81,85.8,3.73,55
2026-07-26 10:04:59.400,18.487648,73.822224,17.1,26.4,446.8,24.74,85.4,3.74,55
2026-07-26 10:05:00.000,18.487681,73.822223,17.3,26.4,448.1,24.81,85.6,3.77,57
2026-07-26 10:05:00.600,18.487657,73.822182,18.0,26.1,451.5,24.68,85.7,3.62,57
2026-07-26 10:05:01.200,18.487715,73.822137,17.6,28.1,449.9,24.78,85.9,3.61,57
2026-07-26 10:05:01.800,18.487742,73.822094,17.2,26.3,453.0,24.81,85.9,3.67,55
2026-07-26 10:05:02.400,18.48775,73.822067,17.9,26.7,455.9,24.79,85.7,3.52,57
2026-07-26 10:05:03.000,18.487784,73.822075,17.7,26.2,452.8,24.8,86.2,3.65,56
2026-07-26 10:05:03.600,18.487779,73.822113,18.0,27.8,450.3,24.82,86.1,3.69,55
2026-07-26 10:05:04.200,18.487791,73.822032,18.1,26.9,451.4,24.92,86.2,3.54,58
2026-07-26 10:05:04.800,18.487814,73.822031,17.5,27.8,454.2,24.81,85.1,3.64,57
2026-07-26 10:05:05.400,18.487843,73.821973,17.3,26.3,454.0,24.88,86.1,3.64,57
2026-07-26 10:05:06.000,18.487845,73.821951,17.0,27.0,449.2,24.84,86.1,3.7,56
2026-07-26 10:05:06.600,18.48786,73.821952,18.0,28.0,457.3,24.78,86.2,3.67,57
2026-07-26 10:05:07.200,18.487856,73.821925,18.3,26.8,445.1,24.94,86.0,3.6,58
2026-07-26 10:05:07.800,18.487898,73.821897,17.9,28.0,454.1,24.85,86.4,3.66,60
2026-07-26 10:05:08.400,18.487859,73.821821,17.6,26.4,450.1,24.89,87.0,3.62,57
2026-07-26 10:05:09.000,18.48793,73.821824,17.4,26.7,449.7,24.75,86.6,3.6,55
2026-07-26 10:05:09.600,18.487969,73.821828,17.5,27.2,450.5,24.93,85.6,3.6,54
2026-07-26 10:05:10.200,18.487962,73.821774,17.1,26.7,450.6,24.82,85.5,3.58,57
2026-07-26 10:05:10.800,18.487964,73.821773,17.6,26.5,450.9,24.82,85.7,3.69,57
2026-07-26 10:05:11.400,18.48797,73.821764,17.3,28.2,450.9,24.77,86.0,3.67,56
2026-07-26 10:05:12.000,18.488014,73.821735,18.0,27.2,447.5,24.82,86.3,3.53,58
2026-07-26 10:05:12.600,18.487992,73.821686,17.7,27.1,450.5,24.86,86.2,3.35,57
2026-07-26 10:05:13.200,18.488,73.821698,16.2,26.9,454.0,24.9,86.0,3.59,53
2026-07-26 10:05:13.800,18.48809,73.821686,17.8,26.8,451.3,24.89,86.3,3.62,58
2026-07-26 10:05:14.400,18.488126,73.821636,17.4,26.6,448.5,24.72,85.9,3.61,54
2026-07-26 10:05:15.000,18.488069,73.821623,18.3,26.9,447.6,24.81,86.1,3.58,58
2026-07-26 10:05:15.600,18.488131,73.821601,18.1,28.2,453.2,24.94,86.2,3.53,56
2026-07-26 10:05:16.200,18.488174,73.821547,18.2,27.3,452.0,24.84,86.4,3.6,57
2026-07-26 10:05:16.800,18.488132,73.821559,17.2,27.7,461.2,24.92,86.2,3.67,56
2026-07-26 10:05:17.400,18.488107,73.82153,17.3,26.8,448.8,24.84,86.5,3.56,55
2026-07-26 10:05:18.000,18.488169,73.821484,17.3,27.7,451.2,24.85,85.9,3.64,55
2026-07-26 10:05:18.600,18.488242,73.821497,17.0,26.6,449.5,25.0,86.3,3.49,55
2026-07-26 10:05:19.200,18.488232,73.82148,17.7,26.8,447.5,24.79,85.9,3.55,58
2026-07-26 10:05:19.800,18.488222,73.821471,17.8,27.3,447.9,24.89,86.2,3.48,57
2026-07-26 10:05:20.400,18.488213,73.821434,18.7,27.6,448.8,24.86,86.4,3.57,59
2026-07-26 10:05:21.000,18.488257,73.821445,18.2,26.9,455.4,24.86,86.2,3.67,57
2026-07-26 10:05:21.600,18.488292,73.8214,18.0,28.0,456.1,24.85,86.7,3.48,59
2026-07-26 10:05:22.200,18.488303,73.821358,17.7,27.9,454.5,24.71,86.3,3.47,55
2026-07-26 10:05:22.800,18.488293,73.821381,17.9,28.3,451.9,24.9,86.3,3.63,57
2026-07-26 10:05:23.400,18.488307,73.821283,17.5,28.1,449.7,24.92,86.4,3.37,58
2026-07-26 10:05:24.000,18.488328,73.821321,17.6,28.2,451.2,25.03,85.9,3.56,56
2026-07-26 10:05:24.600,18.488374,73.821333,18.5,29.0,449.9,24.87,86.0,3.54,58
2026-07-26 10:05:25.200,18.488382,73.821262,18.0,26.6,447.7,24.83,86.7,3.5,57
2026-07-26 10:05:25.800,18.488389,73.821274,17.7,26.7,451.8,24.92,85.4,3.29,59
2026-07-26 10:05:26.400,18.488408,73.821221,18.1,28.0,449.6,24.87,86.4,3.58,57
2026-07-26 10:05:27.000,18.488446,73.821239,17.7,28.1,450.9,24.97,86.0,3.44,56
2026-07-26 10:05:27.600,18.488476,73.821201,17.8,28.0,455.7,24.88,86.4,3.41,57
2026-07-26 10:05:28.200,18.488474,73.821207,18.2,28.1,447.5,24.86,87.0,3.35,58
2026-07-26 10:05:28.800,18.488528,73.821163,17.9,28.3,448.8,24.89,86.6,3.31,57
2026-07-26 10:05:29.400,18.488559,73.821133,17.7,27.6,455.6,24.99,87.3,3.44,55
2026-07-26 10:05:30.000,18.488551,73.821064,17.5,28.0,451.4,24.95,86.8,3.4,59
2026-07-26 10:05:30.600,18.488579,73.821106,17.2,26.2,448.8,24.93,86.5,3.58,55
2026-07-26 10:05:31.200,18.488556,73.821033,17.9,27.1,452.8,24.77,86.3,3.49,59
2026-07-26 10:05:31.800,18.488623,73.821048,17.5,28.4,446.7,24.95,86.3,3.35,57
2026-07-26 10:05:32.400,18.488622,73.821043,17.5,27.5,451.2,24.95,86.7,3.42,56
2026-07-26 10:05:33.000,18.488664,73.821023,18.9,27.5,449.9,25.0,86.8,3.5,59
2026-07-26 10:05:33.600,18.488668,73.82098,18.4,27.3,450.0,24.85,87.0,3.42,59
2026-07-26 10:05:34.200,18.488702,73.820966,18.4,27.8,449.1,24.98,86.4,3.55,60
2026-07-26 10:05:34.800,18.488696,73.820932,18.1,27.2,452.9,25.02,86.5,3.48,59
2026-07-26 10:05:35.400,18.488739,73.820938,18.1,27.4,450.0,24.83,86.6,3.32,59
2026-07-26 10:05:36.000,18.488745,73.820909,17.2,28.7,454.0,24.96,86.9,3.48,53
2026-07-26 10:05:36.600,18.488763,73.820911,18.6,27.3,455.6,24.92,86.3,3.41,57
2026-07-26 10:05:37.200,18.488762,73.820916,18.3,26.6,449.0,24.9,86.1,3.53,59
2026-07-26 10:05:37.800,18.488781,73.820896,17.4,27.1,451.1,24.82,87.0,3.44,54
2026-07-26 10:05:38.400,18.488799,73.820846,17.7,28.0,443.5,24.94,86.5,3.57,56
2026-07-26 10:05:39.000,18.488839,73.820853,17.9,27.0,451.4,24.97,87.1,3.43,58
2026-07-26 10:05:39.600,18.488854,73.820864,17.7,27.5,448.0,24.93,86.6,3.47,57
2026-07-26 10:05:40.200,18.48889,73.820797,17.7,28.2,444.2,24.93,86.9,3.35,56
2026-07-26 10:05:40.800,18.488905,73.820735,18.7,27.4,452.3,24.98,86.4,3.29,60
2026-07-26 10:05:41.400,18.488939,73.820781,18.8,27.9,452.6,24.94,86.8,3.37,60
2026-07-26 10:05:42.000,18.488913,73.820743,18.8,28.0,450.8,24.95,86.1,3.25,60
2026-07-26 10:05:42.600,18.488958,73.820777,17.5,28.1,448.1,24.93,87.1,3.25,55
2026-07-26 10:05:43.200,18.489009,73.82072,18.4,28.7,447.9,24.9,87.0,3.4,59
2026-07-26 10:05:43.800,18.489037,73.820695,17.1,28.0,449.8,24.97,86.3,3.27,54
2026-07-26 10:05:44.400,18.489024,73.820683,17.9,26.1,445.7,24.86,87.1,3.29,57
2026-07-26 10:05:45.000,18.489045,73.820657,18.3,29.3,450.2,24.99,86.6,3.25,57
2026-07-26 10:05:45.600,18.489022,73.820678,17.8,28.6,447.4,25.03,86.8,3.47,57
2026-07-26 10:05:46.200,18.4891,73.820671,18.0,28.4,447.9,25.02,87.0,3.26,55
2026-07-26 10:05:46.800,18.489115,73.820672,17.6,28.3,443.1,25.02,86.6,3.4,56
2026-07-26 10:05:47.400,18.489176,73.820621,18.2,28.9,445.3,24.98,86.5,3.39,57
2026-07-26 10:05:48.000,18.489133,73.82059,18.3,27.8,445.9,24.97,86.5,3.34,60
2026-07-26 10:05:48.600,18.489132,73.820576,17.8,27.4,448.3,24.89,87.0,3.37,56
2026-07-26 10:05:49.200,18.489193,73.820589,17.4,29.5,450.9,25.06,87.5,3.13,57
2026-07-26 10:05:49.800,18.489149,73.820549,18.0,27.9,446.2,24.95,87.1,3.26,59
2026-07-26 10:05:50.400,18.489242,73.820603,18.0,28.2,446.2,24.97,87.1,3.22,58
2026-07-26 10:05:51.000,18.489223,73.820552,18.0,28.6,446.2,25.06,86.9,3.27,57
2026-07-26 10:05:51.600,18.489265,73.820548,17.8,28.8,444.6,24.97,87.5,3.12,58
2026-07-26 10:05:52.200,18.489285,73.820521,18.5,26.8,447.0,25.07,86.8,3.29,58
2026-07-26 10:05:52.800,18.489275,73.820508,18.4,26.7,447.3,24.98,87.2,3.29,57
2026-07-26 10:05:53.400,18.489319,73.820493,19.0,29.0,447.2,25.0,87.1,3.26,59
2026-07-26 10:05:54.000,18.489328,73.820447,18.3,29.6,448.4,25.0,87.1,3.36,59
2026-07-26 10:05:54.600,18.489373,73.820419,18.2,28.7,442.2,24.96,86.5,3.29,59
2026-07-26 10:05:55.200,18.489402,73.820451,18.0,28.1,445.1,25.14,87.0,3.31,57
2026-07-26 10:05:55.800,18.489395,73.820413,18.0,27.6,447.5,25.06,87.1,3.26,56
2026-07-26 10:05:56.400,18.489454,73.820424,17.2,28.8,445.2,25.08,87.0,3.28,56
2026-07-26 10:05:57.000,18.489366,73.820425,18.4,29.2,447.8,25.12,86.8,3.38,59
2026-07-26 10:05:57.600,18.48943,73.820373,18.5,28.9,446.0,25.06,86.4,3.28,60
2026-07-26 10:05:58.200,18.489465,73.820359,18.4,30.2,449.2,25.08,87.2,3.0,60
2026-07-26 10:05:58.800,18.489493,73.820349,17.8,29.0,444.5,25.03,87.0,3.27,57
2026-07-26 10:05:59.400,18.489475,73.820337,18.2,28.4,443.1,25.06,86.5,3.22,57
2026-07-26 10:06:00.000,18.489539,73.820293,18.0,27.9,448.5,25.05,86.0,3.29,56
2026-07-26 10:06:00.600,18.489581,73.820337,18.0,26.8,443.7,24.95,87.5,3.12,58
2026-07-26 10:06:01.200,18.48957,73.820346,17.3,29.8,444.3,25.03,87.9,3.07,56
2026-07-26 10:06:01.800,18.489603,73.820278,17.8,28.9,443.3,25.09,87.1,3.14,56
2026-07-26 10:06:02.400,18.489571,73.820298,17.1,28.2,447.4,25.08,86.6,3.31,55
2026-07-26 10:06:03.000,18.48962,73.820295,17.9,28.7,446.1,25.11,87.4,3.34,57
2026-07-26 10:06:03.600,18.48967,73.820293,18.5,27.1,444.6,25.1,86.9,3.31,58
2026-07-26 10:06:04.200,18.489703,73.820276,18.1,29.9,443.6,25.05,87.7,3.23,59
2026-07-26 10:06:04.800,18.489657,73.820217,18.2,28.3,447.9,25.06,87.0,3.09,59
2026-07-26 10:06:05.400,18.489714,73.820248,18.9,29.3,447.9,25.08,87.0,2.96,60
2026-07-26 10:06:06.000,18.489725,73.820249,18.0,28.7,450.5,24.97,87.2,3.05,57
2026-07-26 10:06:06.600,18.489753,73.82023,18.4,29.1,445.2,25.09,87.1,3.12,60
2026-07-26 10:06:07.200,18.489738,73.820187,17.7,27.7,442.6,25.15,86.0,3.09,57
2026-07-26 10:06:07.800,18.489794,73.8202,18.1,28.8,447.3,25.25,87.1,3.04,55
2026-07-26 10:06:08.400,18.489775,73.8202,18.5,29.3,445.5,25.1,87.7,3.13,60
2026-07-26 10:06:09.000,18.48983,73.820147,18.2,27.9,443.3,25.15,87.3,2.88,58
2026-07-26 10:06:09.600,18.489858,73.820136,18.1,28.2,442.1,25.21,87.1,3.22,57
2026-07-26 10:06:10.200,18.489862,73.820108,17.9,29.4,446.2,25.2,87.0,2.92,59
2026-07-26 10:06:10.800,18.489879,73.820091,17.5,28.0,443.4,25.13,87.2,3.09,55
2026-07-26 10:06:11.400,18.48991,73.820131,18.1,30.1,441.8,25.11,87.3,3.13,57
2026-07-26 10:06:12.000,18.489959,73.820106,17.6,28.7,445.1,25.13,87.2,2.95,55
2026-07-26 10:06:12.600,18.489884,73.820108,17.7,29.1,439.6,25.02,87.5,3.09,57
2026-07-26 10:06:13.200,18.489929,73.820115,17.9,29.6,437.3,25.23,87.6,3.04,57
2026-07-26 10:06:13.800,18.489979,73.820114,18.1,29.2,444.6,25.21,87.6,2.96,59
2026-07-26 10:06:14.400,18.490016,73.820044,18.1,29.6,438.0,25.06,87.2,3.04,56
2026-07-26 10:06:15.000,18.490015,73.820081,18.4,28.4,444.3,25.22,87.3,3.13,59
2026-07-26 10:06:15.600,18.490046,73.820062,18.0,28.5,444.4,25.18,87.3,3.07,58
2026-07-26 10:06:16.200,18.490034,73.82001,17.5,29.6,437.7,25.18,86.9,3.11,55
2026-07-26 10:06:16.800,18.490063,73.819995,18.2,30.4,442.1,25.18,87.2,3.1,58
2026-07-26 10:06:17.400,18.490091,73.820023,17.2,29.8,442.0,25.27,86.9,2.95,56
2026-07-26 10:06:18.000,18.490068,73.820004,18.9,28.4,437.9,25.16,86.9,3.16,62
2026-07-26 10:06:18.600,18.490087,73.820031,17.6,28.3,442.4,25.21,86.8,3.11,57
2026-07-26 10:06:19.200,18.490173,73.820023,18.2,29.7,439.7,25.16,87.3,2.98,57
2026-07-26 10:06:19.800,18.490149,73.820015,17.4,29.7,443.8,25.14,86.9,3.05,55
2026-07-26 10:06:20.400,18.490135,73.819981,18.1,29.4,438.2,25.15,87.0,3.21,60
2026-07-26 10:06:21.000,18.490175,73.819995,18.5,28.7,439.0,25.17,87.4,3.13,59
2026-07-26 10:06:21.600,18.490182,73.81999,18.1,29.2,445.4,25.2,87.4,3.02,57
2026-07-26 10:06:22.200,18.490193,73.819977,17.8,29.7,443.2,25.3,87.2,3.19,57
2026-07-26 10:06:22.800,18.490221,73.819942,17.5,27.3,442.7,25.25,87.2,3.01,56
2026-07-26 10:06:23.400,18.490213,73.819954,17.4,30.0,442.6,25.27,87.0,3.05,58
2026-07-26 10:06:24.000,18.49026,73.819919,17.3,30.2,432.7,25.23,87.7,3.04,54
2026-07-26 10:06:24.600,18.490253,73.819909,17.2,30.1,441.2,25.18,87.2,3.06,56
2026-07-26 10:06:25.200,18.4903,73.819945,17.4,28.0,444.5,25.11,86.8,2.97,56
2026-07-26 10:06:25.800,18.490266,73.819914,17.3,29.8,445.6,25.15,87.3,3.16,58
2026-07-26 10:06:26.400,18.490322,73.819874,17.2,29.4,446.0,25.18,87.0,3.04,55
2026-07-26 10:06:27.000,18.49031,73.819913,17.8,30.1,442.0,25.17,87.3,2.94,58
2026-07-26 10:06:27.600,18.490351,73.819875,18.4,29.6,436.4,25.22,86.8,3.03,59
2026-07-26 10:06:28.200,18.490359,73.819875,17.1,29.2,440.1,25.28,87.5,3.03,55
2026-07-26 10:06:28.800,18.490323,73.81991,17.9,27.0,439.5,25.23,87.3,3.16,58
2026-07-26 10:06:29.400,18.490433,73.819885,17.4,29.6,437.6,25.3,87.1,3.04,55
2026-07-26 10:06:30.000,18.490409,73.819875,17.3,28.3,441.4,25.19,87.4,3.03,55
2026-07-26 10:06:30.600,18.490386,73.819882,17.7,29.3,443.2,25.21,86.9,3.14,57
2026-07-26 10:06:31.200,18.490398,73.819848,17.8,29.7,435.8,25.29,87.2,2.93,58
2026-07-26 10:06:31.800,18.490409,73.819821,17.2,28.9,439.5,25.23,87.5,2.93,55
2026-07-26 10:06:32.400,18.49043,73.819906,17.4,30.0,444.2,25.23,87.3,2.85,56
2026-07-26 10:06:33.000,18.49044,73.819869,16.9,27.2,436.9,25.27,86.9,3.07,55
2026-07-26 10:06:33.600,18.490498,73.819829,18.1,29.4,443.1,25.19,87.3,3.09,59
2026-07-26 10:06:34.200,18.490464,73.819844,17.5,29.4,444.7,25.17,87.1,2.9,56
2026-07-26 10:06:34.800,18.490495,73.819849,17.9,29.8,440.5,25.15,87.5,2.94,59
2026-07-26 10:06:35.400,18.490512,73.819797,17.6,30.0,441.9,25.22,87.6,2.96,56
2026-07-26 10:06:36.000,18.490488,73.819839,17.1,28.1,441.8,25.25,87.1,3.01,58
2026-07-26 10:06:36.600,18.490522,73.819818,17.1,29.3,447.4,25.2,87.2,3.01,55
2026-07-26 10:06:37.200,18.490531,73.819825,16.9,28.7,438.1,25.21,87.6,2.92,54
2026-07-26 10:06:37.800,18.490582,73.819808,17.3,28.4,440.1,25.24,86.5,2.98,56
2026-07-26 10:06:38.400,18.490547,73.819779,17.2,28.1,439.6,25.32,86.4,2.96,55
2026-07-26 10:06:39.000,18.490662,73.819767,17.7,30.0,437.0,25.27,86.9,2.82,57
2026-07-26 10:06:39.600,18.490527,73.819793,17.2,29.0,435.2,25.21,87.0,2.89,56
2026-07-26 10:06:40.200,18.490613,73.819788,17.2,32.1,442.5,25.29,87.4,2.87,55
2026-07-26 10:06:40.800,18.490611,73.819793,16.5,28.2,441.0,25.28,86.8,2.95,53
2026-07-26 10:06:41.400,18.490642,73.819814,16.7,30.5,439.0,25.31,87.5,3.04,53
2026-07-26 10:06:42.000,18.490638,73.819754,17.4,28.5,435.7,25.27,87.1,2.86,56
2026-07-26 10:06:42.600,18.490676,73.819777,17.3,31.1,432.2,25.23,87.0,2.96,56
2026-07-26 10:06:43.200,18.490668,73.819769,17.7,29.5,438.2,25.35,87.0,2.96,57
2026-07-26 10:06:43.800,18.490689,73.8197,16.3,29.2,435.1,25.27,86.6,2.83,54
2026-07-26 10:06:44.400,18.490676,73.819735,16.9,30.0,440.5,25.21,86.8,2.75,56
2026-07-26 10:06:45.000,18.490671,73.819769,16.9,28.4,439.8,25.33,87.0,3.08,55
2026-07-26 10:06:45.600,18.490709,73.819693,17.7,28.2,441.9,25.35,87.1,2.84,58
2026-07-26 10:06:46.200,18.490741,73.819735,17.0,28.3,435.3,25.32,86.6,2.92,56
2026-07-26 10:06:46.800,18.490725,73.819781,17.5,28.9,436.8,25.24,87.2,2.82,55
2026-07-26 10:06:47.400,18.490741,73.819704,17.2,29.3,437.2,25.42,87.1,2.82,54
2026-07-26 10:06:48.000,18.490722,73.819752,17.5,30.2,437.4,25.2,86.5,2.84,57
2026-07-26 10:06:48.600,18.490757,73.819722,17.2,26.7,434.5,25.23,87.2,2.98,57
2026-07-26 10:06:49.200,18.490743,73.819732,16.8,28.6,437.0,25.26,86.4,2.81,54
2026-07-26 10:06:49.800,18.490739,73.819707,17.5,28.5,436.3,25.28,87.0,2.92,56
2026-07-26 10:06:50.400,18.490799,73.819706,17.3,28.0,430.3,25.34,86.7,2.85,56
2026-07-26 10:06:51.000,18.490756,73.819712,16.8,28.4,434.5,25.33,87.6,2.95,54
2026-07-26 10:06:51.600,18.490801,73.819773,17.0,29.9,435.8,25.36,86.6,2.99,54
2026-07-26 10:06:52.200,18.490801,73.819732,17.1,29.4,441.5,25.34,86.9,3.09,55
2026-07-26 10:06:52.800,18.490795,73.819656,17.1,29.0,436.3,25.29,87.2,2.87,58
2026-07-26 10:06:53.400,18.49083,73.819752,17.3,28.0,437.9,25.31,86.8,2.89,56
2026-07-26 10:06:54.000,18.49081,73.819621,17.1,28.7,434.7,25.32,86.8,2.88,55
2026-07-26 10:06:54.600,18.490804,73.81967,17.3,29.4,431.5,25.32,87.0,2.74,56
2026-07-26 10:06:55.200,18.49081,73.819684,17.2,29.4,438.5,25.25,86.9,2.99,53
2026-07-26 10:06:55.800,18.490799,73.819697,17.3,29.8,437.4,25.29,86.8,2.94,56
2026-07-26 10:06:56.400,18.49081,73.819636,16.8,29.4,436.5,25.32,86.4,3.05,54
2026-07-26 10:06:57.000,18.490839,73.819707,16.5,27.9,429.6,25.4,86.7,2.86,54
2026-07-26 10:06:57.600,18.490848,73.819735,16.4,29.1,435.8,25.27,86.7,2.93,55
2026-07-26 10:06:58.200,18.490814,73.819689,16.3,29.1,434.6,25.44,86.9,2.85,54
2026-07-26 10:06:58.800,18.490873,73.819664,17.8,30.4,440.9,25.37,86.5,2.96,55
2026-07-26 10:06:59.400,18.490862,73.819702,17.2,28.3,439.6,25.23,86.7,2.89,55
2026-07-26 10:07:00.000,18.490869,73.819653,17.5,29.4,435.7,25.33,87.1,2.97,55
2026-07-26 10:07:00.600,18.490878,73.819682,16.6,29.3,435.8,25.26,86.8,2.91,53
2026-07-26 10:07:01.200,18.490834,73.819666,16.5,30.4,437.5,25.31,86.8,2.82,53
2026-07-26 10:07:01.800,18.490856,73.81963,16.9,28.5,437.9,25.42,86.1,3.04,54
2026-07-26 10:07:02.400,18.490843,73.819656,16.1,30.2,439.3,25.34,86.9,2.75,54
2026-07-26 10:07:03.000,18.49087,73.819729,16.6,29.0,433.9,25.36,86.8,2.82,54
2026-07-26 10:07:03.600,18.490856,73.819667,16.2,28.4,435.3,25.24,86.2,2.88,54
2026-07-26 10:07:04.200,18.490908,73.819674,16.9,29.8,432.6,25.32,86.5,2.98,55
2026-07-26 10:07:04.800,18.49088,73.819642,16.8,29.6,437.1,25.32,85.8,2.89,55
2026-07-26 10:07:05.400,18.490914,73.819669,16.6,30.5,433.2,25.33,86.4,3.01,54
2026-07-26 10:07:06.000,18.490876,73.819666,16.3,28.7,436.4,25.44,86.3,2.86,53
2026-07-26 10:07:06.600,18.490829,73.819629,16.4,28.9,432.5,25.26,86.4,2.78,54
2026-07-26 10:07:07.200,18.490912,73.819665,16.8,28.8,434.5,25.31,86.5,2.97,56
2026-07-26 10:07:07.800,18.490909,73.819665,16.4,29.2,431.2,25.48,86.5,2.9,53
2026-07-26 10:07:08.400,18.490902,73.819652,16.4,28.8,440.0,25.49,86.4,2.98,54
2026-07-26 10:07:09.000,18.490906,73.819645,17.1,28.4,440.0,25.38,87.0,2.97,56
2026-07-26 10:07:09.600,18.490895,73.819625,16.8,28.7,434.1,25.28,86.3,2.82,53
2026-07-26 10:07:10.200,18.490854,73.819657,16.1,29.6,436.1,25.45,86.7,3.01,53
2026-07-26 10:07:10.800,18.490873,73.81967,16.5,29.1,438.3,25.29,87.0,2.93,53
2026-07-26 10:07:11.400,18.490898,73.819691,16.3,29.1,430.6,25.49,86.2,2.93,52
2026-07-26 10:07:12.000,18.490862,73.819639,16.7,28.6,438.0,25.36,86.7,2.9,53
2026-07-26 10:07:12.600,18.490904,73.819678,16.0,29.5,432.8,25.46,86.5,2.95,54
2026-07-26 10:07:13.200,18.490874,73.819677,17.5,29.4,435.6,25.34,86.4,3.11,57
2026-07-26 10:07:13.800,18.490883,73.819653,16.5,29.7,434.0,25.32,86.2,2.84,55
2026-07-26 10:07:14.400,18.49084,73.819653,15.9,28.3,440.0,25.43,85.8,2.96,53
2026-07-26 10:07:15.000,18.490841,73.819634,15.6,28.0,433.3,25.37,86.4,2.77,51
2026-07-26 10:07:15.600,18.490919,73.819645,16.7,29.6,437.7,25.39,86.5,3.14,55
2026-07-26 10:07:16.200,18.490854,73.81965,16.5,29.1,437.1,25.3,86.3,2.84,55
2026-07-26 10:07:16.800,18.490857,73.819653,16.8,29.2,429.2,25.4,86.3,2.79,55
2026-07-26 10:07:17.400,18.490832,73.819666,15.8,29.3,433.8,25.44,86.0,2.83,52
2026-07-26 10:07:18.000,18.490832,73.819671,16.8,27.3,436.6,25.49,86.5,2.96,56
2026-07-26 10:07:18.600,18.49085,73.819611,16.6,28.3,436.7,25.41,86.0,3.03,55
2026-07-26 10:07:19.200,18.490824,73.819666,16.8,28.8,431.9,25.36,85.9,3.04,54
2026-07-26 10:07:19.800,18.490838,73.819649,17.0,30.3,429.1,25.44,86.3,3.01,55
2026-07-26 10:07:20.400,18.490833,73.819657,15.1,27.8,429.2,25.46,86.0,3.0,50
2026-07-26 10:07:21.000,18.490861,73.81962,15.5,29.8,434.9,25.45,86.0,2.84,52
2026-07-26 10:07:21.600,18.490877,73.819636,16.1,29.7,436.9,25.44,86.2,2.96,53
2026-07-26 10:07:22.200,18.490829,73.819621,16.4,31.4,433.0,25.42,86.4,2.96,55
2026-07-26 10:07:22.800,18.490854,73.819619,16.0,29.8,436.4,25.45,86.7,2.82,53
2026-07-26 10:07:23.400,18.490796,73.819642,15.5,29.1,439.2,25.39,86.0,2.89,51
2026-07-26 10:07:24.000,18.490809,73.819626,16.7,29.8,434.2,25.43,86.4,2.91,55
2026-07-26 10:07:24.600,18.49081,73.819627,15.6,28.5,433.4,25.38,86.1,2.9,51
2026-07-26 10:07:25.200,18.490835,73.81965,15.5,27.5,433.4,25.46,87.1,2.89,51
2026-07-26 10:07:25.800,18.490794,73.81964,16.8,28.4,431.7,25.53,86.8,3.02,54
2026-07-26 10:07:26.400,18.490814,73.819659,16.0,27.6,433.0,25.31,86.1,2.95,52
2026-07-26 10:07:27.000,18.490765,73.819668,15.1,28.6,436.2,25.43,85.8,2.85,51
2026-07-26 10:07:27.600,18.490769,73.819623,16.3,29.1,433.9,25.39,85.5,2.92,54
2026-07-26 10:07:28.200,18.490772,73.819661,16.0,28.8,436.0,25.38,86.1,3.12,53
2026-07-26 10:07:28.800,18.490756,73.8196,15.8,27.8,436.2,25.29,86.7,3.0,51
2026-07-26 10:07:29.400,18.490729,73.819669,16.5,30.2,438.0,25.44,85.8,3.07,54
2026-07-26 10:07:30.000,18.490779,73.819652,16.0,30.4,433.0,25.33,85.7,3.01,53
2026-07-26 10:07:30.600,18.490707,73.819658,15.7,27.8,438.9,25.52,86.4,3.12,51
2026-07-26 10:07:31.200,18.490681,73.819638,15.2,27.8,432.4,25.47,85.6,2.92,50
2026-07-26 10:07:31.800,18.49072,73.819615,16.3,27.9,439.0,25.45,85.9,3.08,53
2026-07-26 10:07:32.400,18.4907,73.819667,15.9,28.5,433.3,25.37,85.3,2.93,52
2026-07-26 10:07:33.000,18.490685,73.819635,16.1,29.6,440.3,25.51,86.1,2.98,52
2026-07-26 10:07:33.600,18.490654,73.819638,16.1,29.2,430.7,25.53,85.6,2.97,53
2026-07-26 10:07:34.200,18.49066,73.819636,16.3,29.0,432.7,25.41,86.1,3.06,52
2026-07-26 10:07:34.800,18.490685,73.819658,15.0,29.5,432.5,25.29,85.8,3.05,50
2026-07-26 10:07:35.400,18.490655,73.819629,15.3,28.7,434.4,25.46,86.1,2.8,51
2026-07-26 10:07:36.000,18.490611,73.819661,15.6,28.7,435.7,25.46,86.4,3.01,52
2026-07-26 10:07:36.600,18.490643,73.819677,15.7,28.3,434.2,25.4,85.7,3.01,50
2026-07-26 10:07:37.200,18.490626,73.819662,16.0,28.5,436.7,25.43,85.8,2.98,52
2026-07-26 10:07:37.800,18.490618,73.819656,15.1,26.5,435.2,25.55,85.0,3.13,52
2026-07-26 10:07:38.400,18.490597,73.819672,15.4,28.1,435.7,25.37,85.9,3.09,51
2026-07-26 10:07:39.000,18.490556,73.819657,15.2,28.9,434.1,25.46,85.9,2.91,52
2026-07-26 10:07:39.600,18.490562,73.819636,15.9,28.0,438.4,25.44,85.9,3.01,52
2026-07-26 10:07:40.200,18.490534,73.819685,15.8,30.0,434.5,25.59,85.1,2.95,51
2026-07-26 10:07:40.800,18.490528,73.819647,15.5,29.1,435.2,25.31,85.9,3.01,53
2026-07-26 10:07:41.400,18.490508,73.819653,15.4,28.6,435.4,25.55,86.0,3.09,51
2026-07-26 10:07:42.000,18.490503,73.81966,15.8,29.1,432.3,25.51,85.7,3.03,51
2026-07-26 10:07:42.600,18.490528,73.819685,15.5,29.4,436.6,25.51,85.6,3.02,50
2026-07-26 10:07:43.200,18.490505,73.81962,15.8,28.8,433.6,25.48,85.2,2.97,52
2026-07-26 10:07:43.800,18.490476,73.8197,15.1,29.2,435.0,25.46,85.9,3.04,50
2026-07-26 10:07:44.400,18.490417,73.819609,15.2,28.6,435.4,25.41,85.4,3.06,50
2026-07-26 10:07:45.000,18.490426,73.819668,15.3,27.8,436.6,25.42,85.3,3.08,53
2026-07-26 10:07:45.600,18.490364,73.819612,15.5,28.0,435.9,25.33,86.3,2.95,52
2026-07-26 10:07:46.200,18.49039,73.819628,14.7,28.1,434.2,25.35,86.0,2.95,49
2026-07-26 10:07:46.800,18.490368,73.819679,15.4,28.1,430.9,25.44,85.4,2.89,52
2026-07-26 10:07:47.400,18.49039,73.819619,15.0,28.2,433.4,25.37,85.1,3.07,50
2026-07-26 10:07:48.000,18.490338,73.819684,14.6,29.5,435.0,25.37,86.2,2.99,49
2026-07-26 10:07:48.600,18.490335,73.819654,15.3,28.5,434.5,25.56,85.2,3.04,49
2026-07-26 10:07:49.200,18.490356,73.819648,14.9,27.5,432.1,25.26,85.2,3.05,50
2026-07-26 10:07:49.800,18.490304,73.819635,14.9,29.1,438.0,25.51,85.5,2.95,51
2026-07-26 10:07:50.400,18.490232,73.819654,15.7,29.2,437.9,25.45,84.8,3.14,52
2026-07-26 10:07:51.000,18.490267,73.819694,15.6,27.8,442.2,25.56,85.3,3.05,52
2026-07-26 10:07:51.600,18.490251,73.81969,15.3,28.3,437.6,25.49,85.7,2.97,51
2026-07-26 10:07:52.200,18.490227,73.819682,15.3,30.1,435.8,25.47,85.4,3.09,52
2026-07-26 10:07:52.800,18.490175,73.819609,15.7,28.5,432.4,25.35,85.2,3.01,51
2026-07-26 10:07:53.400,18.490153,73.81961,16.5,28.9,436.0,25.51,85.6,3.0,53
2026-07-26 10:07:54.000,18.490225,73.819666,14.3,28.1,435.5,25.49,85.5,3.04,47
2026-07-26 10:07:54.600,18.49019,73.81962,14.7,28.9,436.4,25.54,85.0,3.01,50
2026-07-26 10:07:55.200,18.490119,73.819648,15.9,27.8,434.1,25.48,84.9,2.98,53
2026-07-26 10:07:55.800,18.490119,73.819655,14.9,28.5,437.0,25.44,86.0,3.07,51
2026-07-26 10:07:56.400,18.49005,73.81966,14.7,28.3,434.4,25.42,85.5,2.97,50
2026-07-26 10:07:57.000,18.49009,73.819649,15.2,26.9,427.1,25.48,85.2,2.99,50
2026-07-26 10:07:57.600,18.490048,73.819621,15.3,26.5,433.4,25.4,85.2,3.15,52
2026-07-26 10:07:58.200,18.490025,73.819655,14.8,29.5,434.9,25.6,85.5,3.2,50
2026-07-26 10:07:58.800,18.490018,73.819613,15.1,28.8,436.5,25.44,84.5,3.08,51
2026-07-26 10:07:59.400,18.489982,73.819642,15.6,28.3,435.4,25.45,84.1,3.01,51
2026-07-26 10:08:00.000,18.489968,73.819676,15.4,28.7,436.0,25.54,85.5,2.9,52
2026-07-26 10:08:00.600,18.489909,73.819625,14.9,28.1,436.9,25.53,85.3,3.07,51
2026-07-26 10:08:01.200,18.489912,73.819704,14.9,27.9,437.9,25.43,85.2,3.01,50
2026-07-26 10:08:01.800,18.489911,73.819659,15.2,27.5,436.7,25.5,84.9,3.04,51
2026-07-26 10:08:02.400,18.489885,73.81961,14.9,27.9,437.2,25.4,85.0,3.2,48
2026-07-26 10:08:03.000,18.489863,73.819669,14.5,29.4,436.1,25.43,85.1,3.08,47
2026-07-26 10:08:03.600,18.489856,73.81966,14.6,26.7,436.6,25.42,85.0,3.04,47
2026-07-26 10:08:04.200,18.489777,73.819647,14.8,27.6,431.2,25.44,85.4,2.92,47
2026-07-26 10:08:04.800,18.489785,73.819677,15.0,28.3,433.6,25.41,84.9,2.91,51
2026-07-26 10:08:05.400,18.489755,73.81964,15.4,29.5,433.6,25.51,85.4,3.03,52
2026-07-26 10:08:06.000,18.489759,73.819642,15.2,28.8,433.6,25.4,85.0,3.25,52
2026-07-26 10:08:06.600,18.489713,73.81962,15.4,27.9,437.3,25.41,84.9,2.95,52
2026-07-26 10:08:07.200,18.489701,73.819589,14.8,28.4,437.1,25.44,84.5,3.0,50
2026-07-26 10:08:07.800,18.48966,73.819629,15.1,28.6,435.5,25.49,84.5,3.04,49
2026-07-26 10:08:08.400,18.489628,73.819634,15.0,27.7,432.6,25.39,85.1,3.12,50
2026-07-26 10:08:09.000,18.489655,73.819695,15.1,27.5,436.8,25.46,85.8,3.01,50
2026-07-26 10:08:09.600,18.489587,73.819656,15.2,27.2,430.4,25.46,85.1,2.92,50
2026-07-26 10:08:10.200,18.489577,73.819641,14.9,28.0,436.2,25.41,84.7,2.81,49
2026-07-26 10:08:10.800,18.489565,73.81962,15.0,27.5,439.2,25.43,85.0,2.95,49
2026-07-26 10:08:11.400,18.489484,73.819606,15.2,28.1,437.0,25.43,84.4,3.0,51
2026-07-26 10:08:12.000,18.489539,73.819602,15.2,27.8,436.9,25.44,84.6,2.98,51
2026-07-26 10:08:12.600,18.489442,73.819642,15.0,26.9,436.9,25.38,84.0,3.09,50
2026-07-26 10:08:13.200,18.489433,73.819661,14.7,26.9,437.8,25.52,85.0,2.87,50
2026-07-26 10:08:13.800,18.489362,73.819625,15.0,28.0,441.6,25.39,84.9,3.02,50
2026-07-26 10:08:14.400,18.489382,73.819602,15.2,28.8,436.8,25.32,84.8,2.95,50
2026-07-26 10:08:15.000,18.489333,73.819628,14.3,27.1,437.2,25.49,84.8,2.95,50
2026-07-26 10:08:15.600,18.489339,73.819592,15.2,27.3,438.3,25.39,85.0,3.11,51
2026-07-26 10:08:16.200,18.489286,73.819605,15.0,26.3,442.1,25.45,84.6,2.91,49
2026-07-26 10:08:16.800,18.489272,73.819613,14.6,27.4,433.3,25.39,84.7,3.03,51
2026-07-26 10:08:17.400,18.489261,73.819607,15.0,28.3,443.5,25.41,84.9,2.99,48
2026-07-26 10:08:18.000,18.489213,73.819614,14.8,27.0,433.6,25.46,85.2,3.02,48
2026-07-26 10:08:18.600,18.489186,73.819658,15.0,28.6,433.9,25.43,84.7,2.95,50
2026-07-26 10:08:19.200,18.489136,73.819629,15.3,28.0,440.4,25.52,84.8,2.99,50
2026-07-26 10:08:19.800,18.489116,73.8196,15.2,27.0,440.0,25.36,84.9,3.05,51
2026-07-26 10:08:20.400,18.489106,73.819589,14.6,28.3,438.6,25.41,85.3,2.98,49
2026-07-26 10:08:21.000,18.489065,73.819582,14.6,26.9,438.4,25.43,84.7,3.04,49
2026-07-26 10:08:21.600,18.489027,73.819611,14.0,27.8,437.3,25.38,84.5,2.99,49
2026-07-26 10:08:22.200,18.489002,73.819593,14.8,26.6,435.5,25.45,84.4,2.84,50
2026-07-26 10:08:22.800,18.489023,73.819615,14.4,26.9,437.4,25.42,84.4,3.14,49
2026-07-26 10:08:23.400,18.488917,73.819616,15.4,26.4,437.5,25.43,84.7,2.99,50
2026-07-26 10:08:24.000,18.488948,73.81962,14.9,26.7,438.2,25.47,84.0,2.96,50
2026-07-26 10:08:24.600,18.488899,73.81959,14.3,27.2,437.2,25.37,84.3,2.95,51
2026-07-26 10:08:25.200,18.488865,73.81959,14.7,28.6,438.8,25.29,83.8,2.96,49
2026-07-26 10:08:25.800,18.488838,73.81956,15.8,28.4,434.8,25.46,84.8,2.98,53
2026-07-26 10:08:26.400,18.488784,73.819592,15.0,27.3,441.8,25.33,84.7,2.9,50
2026-07-26 10:08:27.000,18.488804,73.819558,15.1,27.4,442.3,25.37,83.9,3.06,51
2026-07-26 10:08:27.600,18.488765,73.819541,14.9,27.8,440.2,25.49,84.8,3.06,52
2026-07-26 10:08:28.200,18.488796,73.819582,14.5,27.3,433.7,25.45,85.1,2.91,50
2026-07-26 10:08:28.800,18.488691,73.819559,14.3,26.8,438.3,25.35,84.5,3.08,47
2026-07-26 10:08:29.400,18.488724,73.819573,15.0,26.6,437.9,25.43,84.3,2.98,52
2026-07-26 10:08:30.000,18.488633,73.819543,15.3,27.1,436.1,25.44,84.2,3.01,50
2026-07-26 10:08:30.600,18.48858,73.819617,14.9,26.0,439.3,25.35,84.6,3.01,49
2026-07-26 10:08:31.200,18.488551,73.819546,15.0,26.7,437.0,25.43,84.9,2.92,50
2026-07-26 10:08:31.800,18.488513,73.81956,14.6,26.1,437.9,25.44,84.8,2.88,50
2026-07-26 10:08:32.400,18.488495,73.819571,15.0,26.3,438.7,25.41,84.8,2.88,50
2026-07-26 10:08:33.000,18.488466,73.819558,14.9,26.6,437.3,25.36,84.2,3.05,49
2026-07-26 10:08:33.600,18.488474,73.819585,15.0,27.6,433.3,25.36,84.4,2.83,50
2026-07-26 10:08:34.200,18.488423,73.819496,15.5,28.4,435.5,25.5,84.2,2.87,52
2026-07-26 10:08:34.800,18.488437,73.819541,14.6,26.5,436.4,25.33,84.5,2.98,50
2026-07-26 10:08:35.400,18.488393,73.819563,14.7,27.6,439.8,25.39,85.3,2.84,49
2026-07-26 10:08:36.000,18.488337,73.819511,15.0,27.5,438.9,25.33,84.4,2.96,52
2026-07-26 10:08:36.600,18.488308,73.819532,14.7,26.9,437.6,25.35,84.5,2.94,51
2026-07-26 10:08:37.200,18.488305,73.819497,14.6,26.3,441.5,25.36,84.8,2.9,48
2026-07-26 10:08:37.800,18.488231,73.819554,14.8,26.2,442.8,25.37,84.4,2.99,50
2026-07-26 10:08:38.400,18.488203,73.81943,14.1,26.3,439.8,25.35,84.4,2.77,50
2026-07-26 10:08:39.000,18.488175,73.819506,14.3,25.5,435.5,25.39,84.3,2.78,50
2026-07-26 10:08:39.600,18.48814,73.819509,15.3,26.8,439.4,25.46,84.5,3.01,49
2026-07-26 10:08:40.200,18.488081,73.819535,15.5,25.7,437.9,25.42,84.6,2.96,51
2026-07-26 10:08:40.800,18.488049,73.819505,13.8,28.5,439.9,25.35,84.5,2.94,47
2026-07-26 10:08:41.400,18.488056,73.819456,14.7,26.7,441.1,25.33,85.0,2.96,48
2026-07-26 10:08:42.000,18.488003,73.819492,15.6,26.5,441.4,25.37,84.5,2.91,53
2026-07-26 10:08:42.600,18.487948,73.819476,14.4,26.3,437.2,25.26,84.7,2.69,48
2026-07-26 10:08:43.200,18.487983,73.819409,15.4,26.5,432.1,25.28,84.3,3.02,50
2026-07-26 10:08:43.800,18.487919,73.819465,15.0,26.6,435.3,25.32,84.5,2.83,50
2026-07-26 10:08:44.400,18.487888,73.81944,14.5,27.5,440.2,25.26,84.3,2.97,48
2026-07-26 10:08:45.000,18.487856,73.819446,15.2,25.9,440.2,25.43,84.5,2.79,52
2026-07-26 10:08:45.600,18.487783,73.819425,14.7,24.9,436.2,25.34,83.8,2.86,48
2026-07-26 10:08:46.200,18.487771,73.819475,15.0,25.8,439.9,25.4,84.3,2.8,49
2026-07-26 10:08:46.800,18.487709,73.819405,15.8,28.4,435.5,25.3,84.2,2.89,51
2026-07-26 10:08:47.400,18.487686,73.819411,15.3,28.3,440.5,25.39,84.5,2.99,51
2026-07-26 10:08:48.000,18.487679,73.819418,14.3,26.1,436.8,25.3,84.6,2.79,47
2026-07-26 10:08:48.600,18.487626,73.819407,14.5,25.6,438.3,25.28,84.6,2.93,50
2026-07-26 10:08:49.200,18.48765,73.819442,15.2,26.2,441.5,25.33,84.4,2.91,51
2026-07-26 10:08:49.800,18.487562,73.819401,15.1,27.4,438.4,25.24,84.3,2.83,50
2026-07-26 10:08:50.400,18.48748,73.819418,14.8,25.6,441.2,25.3,84.3,2.9,49
2026-07-26 10:08:51.000,18.48752,73.819386,14.8,25.8,435.6,25.36,84.1,2.91,50
2026-07-26 10:08:51.600,18.487493,73.819406,15.1,25.5,433.3,25.3,84.5,2.74,50
2026-07-26 10:08:52.200,18.487436,73.819349,15.2,24.9,434.7,25.26,84.4,2.77,52
2026-07-26 10:08:52.800,18.487394,73.819354,15.7,26.3,441.1,25.36,84.7,2.85,53
2026-07-26 10:08:53.400,18.487388,73.819401,15.1,26.4,437.4,25.35,84.3,2.73,51
2026-07-26 10:08:54.000,18.487291,73.819353,14.7,25.5,442.6,25.24,84.4,2.75,49
2026-07-26 10:08:54.600,18.487285,73.819349,15.5,25.0,440.6,25.38,84.3,2.88,51
2026-07-26 10:08:55.200,18.487253,73.819318,15.1,25.3,439.6,25.21,84.0,2.71,50
2026-07-26 10:08:55.800,18.487228,73.819306,14.3,26.1,435.9,25.39,84.2,2.97,48
2026-07-26 10:08:56.400,18.487212,73.819356,15.6,26.0,436.1,25.32,84.7,2.78,51
2026-07-26 10:08:57.000,18.487154,73.819294,14.3,24.7,441.2,25.28,84.2,2.8,48
2026-07-26 10:08:57.600,18.487138,73.819295,15.7,25.3,441.2,25.29,84.7,2.6,53
2026-07-26 10:08:58.200,18.487104,73.819359,15.1,24.3,441.3,25.26,84.3,2.67,51
2026-07-26 10:08:58.800,18.487085,73.819276,15.6,24.8,440.6,25.32,84.5,2.72,51
2026-07-26 10:08:59.400,18.487026,73.819314,14.4,24.8,431.4,25.33,84.1,2.71,48
2026-07-26 10:09:00.000,18.486952,73.819261,14.6,26.5,440.5,25.33,84.8,2.87,50
2026-07-26 10:09:00.600,18.486969,73.819246,15.2,26.2,437.1,25.26,84.4,2.55,50
2026-07-26 10:09:01.200,18.486941,73.819277,14.9,26.4,442.1,25.31,84.4,2.66,51
2026-07-26 10:09:01.800,18.486894,73.81925,14.6,26.0,435.4,25.28,84.3,2.67,50
2026-07-26 10:09:02.400,18.486852,73.819227,14.4,25.1,435.2,25.3,84.4,2.78,47
2026-07-26 10:09:03.000,18.486826,73.819244,16.0,26.0,436.4,25.11,84.2,2.68,52
2026-07-26 10:09:03.600,18.486787,73.819269,15.7,25.7,441.0,25.26,84.2,2.7,52
2026-07-26 10:09:04.200,18.486754,73.819213,14.9,26.0,432.5,25.25,84.5,2.58,50
2026-07-26 10:09:04.800,18.486696,73.819221,15.2,25.4,437.3,25.29,84.7,2.78,51
2026-07-26 10:09:05.400,18.486707,73.819213,15.9,25.1,438.9,25.33,84.6,2.58,50
2026-07-26 10:09:06.000,18.486648,73.819259,14.8,25.6,436.6,25.21,84.2,2.62,49
2026-07-26 10:09:06.600,18.486632,73.81914,14.4,25.8,439.2,25.2,83.9,2.61,49
2026-07-26 10:09:07.200,18.486591,73.819168,15.3,25.0,440.7,25.16,84.7,2.73,52
2026-07-26 10:09:07.800,18.486571,73.819154,14.6,25.1,436.8,25.2,84.2,2.55,48
2026-07-26 10:09:08.400,18.486502,73.81914,15.1,24.0,432.0,25.14,84.4,2.73,51
2026-07-26 10:09:09.000,18.48645,73.819161,15.0,26.3,437.1,25.29,84.8,2.71,50
2026-07-26 10:09:09.600,18.486436,73.819125,15.1,26.2,436.3,25.32,84.4,2.72,49
2026-07-26 10:09:10.200,18.486398,73.819155,15.4,24.7,434.4,25.15,84.4,2.83,52
2026-07-26 10:09:10.800,18.486403,73.819133,14.2,25.9,438.3,25.19,84.2,2.91,49
2026-07-26 10:09:11.400,18.486347,73.819148,14.9,25.6,432.0,25.23,84.0,2.63,51
2026-07-26 10:09:12.000,18.486266,73.819072,15.1,24.4,440.9,25.26,84.8,2.74,50
2026-07-26 10:09:12.600,18.486224,73.819089,15.1,24.5,435.2,25.21,84.1,2.58,49
2026-07-26 10:09:13.200,18.486248,73.819145,14.9,24.8,435.7,25.15,84.6,2.54,49
2026-07-26 10:09:13.800,18.486228,73.819094,15.0,24.6,438.9,25.3,85.0,2.65,50
2026-07-26 10:09:14.400,18.48617,73.81908,15.3,26.3,438.5,25.11,84.5,2.6,49
2026-07-26 10:09:15.000,18.486078,73.819061,16.2,26.0,436.0,25.28,84.2,2.82,54
2026-07-26 10:09:15.600,18.486095,73.819016,15.1,25.3,436.8,25.14,84.4,2.46,49
2026-07-26 10:09:16.200,18.486043,73.819001,15.9,24.2,437.3,25.17,84.4,2.65,53
2026-07-26 10:09:16.800,18.486041,73.819011,15.7,23.7,434.5,25.15,84.4,2.51,53
2026-07-26 10:09:17.400,18.486,73.818963,15.1,24.8,441.2,25.23,84.6,2.56,50
2026-07-26 10:09:18.000,18.485946,73.818993,15.3,24.7,440.1,25.16,84.3,2.66,50
2026-07-26 10:09:18.600,18.485961,73.818975,15.3,25.8,436.0,25.06,84.1,2.67,51
2026-07-26 10:09:19.200,18.485862,73.818981,14.9,25.0,435.8,25.25,84.4,2.5,48
2026-07-26 10:09:19.800,18.485871,73.818939,14.6,23.6,437.9,25.08,84.1,2.48,49
2026-07-26 10:09:20.400,18.485839,73.818981,15.5,24.7,439.8,25.12,83.8,2.55,52
2026-07-26 10:09:21.000,18.485789,73.818921,15.5,25.9,437.5,25.18,83.9,2.58,52
2026-07-26 10:09:21.600,18.485801,73.818882,15.1,24.9,435.2,25.24,84.2,2.55,50
2026-07-26 10:09:22.200,18.485745,73.818921,15.9,24.3,438.2,25.13,84.0,2.51,53
2026-07-26 10:09:22.800,18.485711,73.818891,14.9,25.2,435.1,25.13,84.5,2.48,49
2026-07-26 10:09:23.400,18.48565,73.818882,15.7,26.1,438.2,25.19,84.0,2.4,51
2026-07-26 10:09:24.000,18.485678,73.81887,15.7,25.7,437.7,25.16,84.7,2.43,52
2026-07-26 10:09:24.600,18.485573,73.818906,16.2,25.1,435.0,25.02,84.6,2.56,52
2026-07-26 10:09:25.200,18.485534,73.818871,15.1,24.6,438.3,25.08,84.5,2.54,51
2026-07-26 10:09:25.800,18.485556,73.818831,15.2,25.6,435.6,25.2,83.9,2.48,52
2026-07-26 10:09:26.400,18.485489,73.818842,15.5,25.3,427.6,25.03,84.7,2.26,52
2026-07-26 10:09:27.000,18.485505,73.81884,15.4,25.9,433.9,25.16,84.1,2.41,51
2026-07-26 10:09:27.600,18.485477,73.818786,15.0,24.5,436.5,25.17,84.2,2.45,49
2026-07-26 10:09:28.200,18.485411,73.81882,15.4,24.5,434.8,25.09,84.2,2.33,52
2026-07-26 10:09:28.800,18.485389,73.818775,15.4,25.3,438.4,25.15,84.1,2.54,51
2026-07-26 10:09:29.400,18.485356,73.81876,15.6,25.5,436.3,25.25,84.1,2.63,52
2026-07-26 10:09:30.000,18.485317,73.818739,15.6,23.9,435.6,25.18,84.7,2.4,53
2026-07-26 10:09:30.600,18.48531,73.818733,16.2,23.9,440.6,25.06,83.8,2.49,52
2026-07-26 10:09:31.200,18.485274,73.818729,15.6,23.9,432.4,25.05,84.5,2.45,51
2026-07-26 10:09:31.800,18.485187,73.818752,14.9,24.4,430.7,25.13,84.5,2.31,51
2026-07-26 10:09:32.400,18.485168,73.818738,14.9,24.7,433.8,25.13,84.6,2.24,48
2026-07-26 10:09:33.000,18.48518,73.818679,14.1,23.9,431.7,25.18,84.7,2.64,48
2026-07-26 10:09:33.600,18.485126,73.818652,16.4,25.0,429.7,25.1,84.4,2.33,54
2026-07-26 10:09:34.200,18.485098,73.818651,15.8,23.4,431.6,25.12,84.3,2.42,52
2026-07-26 10:09:34.800,18.485071,73.818644,15.8,23.1,437.2,25.09,84.7,2.36,50
2026-07-26 10:09:35.400,18.48506,73.818619,15.8,23.2,439.9,25.1,84.5,2.36,53
2026-07-26 10:09:36.000,18.48498,73.818605,15.5,24.6,431.6,25.01,83.8,2.34,49
2026-07-26 10:09:36.600,18.484934,73.81862,15.5,23.1,431.9,25.02,84.6,2.39,51
2026-07-26 10:09:37.200,18.48493,73.818564,14.7,24.2,435.9,25.06,84.4,2.3,49
2026-07-26 10:09:37.800,18.484863,73.818541,16.1,23.4,433.2,25.12,84.4,2.42,53
2026-07-26 10:09:38.400,18.484805,73.818549,15.4,25.5,435.9,25.09,84.1,2.36,53
2026-07-26 10:09:39.000,18.484816,73.818551,15.0,23.8,434.2,25.1,84.3,2.25,50
2026-07-26 10:09:39.600,18.484819,73.818499,16.4,23.9,435.4,25.03,83.7,2.28,53
2026-07-26 10:09:40.200,18.484737,73.818504,15.1,23.9,434.2,25.09,84.3,2.34,51
2026-07-26 10:09:40.800,18.484739,73.81851,15.7,24.2,434.3,25.02,84.3,2.32,53
2026-07-26 10:09:41.400,18.484709,73.818477,15.8,24.5,428.8,25.1,84.2,2.33,52
2026-07-26 10:09:42.000,18.484676,73.818496,15.8,24.5,429.8,25.01,84.5,2.16,51
2026-07-26 10:09:42.600,18.484619,73.818442,15.4,24.9,430.5,25.13,84.4,2.3,52
2026-07-26 10:09:43.200,18.484641,73.818437,15.2,23.9,428.9,25.15,84.6,2.19,50
2026-07-26 10:09:43.800,18.484618,73.818418,15.2,24.1,429.2,25.12,84.8,2.36,50
2026-07-26 10:09:44.400,18.484544,73.818417,15.9,24.9,428.6,25.16,84.2,2.21,49
2026-07-26 10:09:45.000,18.484543,73.818343,15.8,24.5,436.9,25.11,84.9,2.29,51
2026-07-26 10:09:45.600,18.484503,73.818396,15.5,24.7,430.7,25.16,84.3,2.33,50
2026-07-26 10:09:46.200,18.484478,73.818337,15.8,24.6,431.3,25.15,84.7,2.25,53
2026-07-26 10:09:46.800,18.484446,73.818328,16.3,24.9,429.5,25.14,84.6,2.32,53
2026-07-26 10:09:47.400,18.484439,73.818349,16.8,24.4,438.7,25.02,84.4,2.3,54
2026-07-26 10:09:48.000,18.484372,73.818247,15.1,24.6,425.9,25.03,84.7,2.38,51
2026-07-26 10:09:48.600,18.484354,73.818258,15.9,26.4,428.4,24.95,84.9,2.25,51
2026-07-26 10:09:49.200,18.484308,73.818239,16.0,24.9,433.8,25.09,84.6,2.31,51
2026-07-26 10:09:49.800,18.484312,73.818199,16.4,23.9,433.5,24.99,84.7,2.11,53
2026-07-26 10:09:50.400,18.484216,73.818202,15.7,23.3,436.0,25.14,84.8,2.13,51
2026-07-26 10:09:51.000,18.484249,73.818185,15.5,25.8,430.9,24.96,84.6,2.23,50
2026-07-26 10:09:51.600,18.484223,73.818173,15.8,26.1,429.9,25.04,84.5,2.07,51
2026-07-26 10:09:52.200,18.484216,73.818158,15.9,24.6,433.0,24.97,84.9,2.24,50
2026-07-26 10:09:52.800,18.484186,73.818137,16.4,24.0,428.6,25.01,83.9,2.24,55
2026-07-26 10:09:53.400,18.484156,73.818124,16.0,25.6,438.6,24.98,85.2,2.1,51
2026-07-26 10:09:54.000,18.484113,73.818099,16.1,25.0,435.0,25.09,84.7,2.06,54
2026-07-26 10:09:54.600,18.484107,73.818062,15.5,24.9,430.7,24.95,85.0,2.17,51
2026-07-26 10:09:55.200,18.484063,73.818145,16.0,23.4,428.6,24.94,85.1,2.25,54
2026-07-26 10:09:55.800,18.483991,73.818059,16.3,24.3,429.4,24.95,84.9,2.17,53
2026-07-26 10:09:56.400,18.48401,73.818058,15.8,23.9,428.7,24.97,84.8,2.14,54
2026-07-26 10:09:57.000,18.483988,73.817989,15.9,25.1,427.0,25.04,85.4,2.16,52
2026-07-26 10:09:57.600,18.483928,73.817954,15.8,23.8,426.1,25.05,85.2,2.19,52
2026-07-26 10:09:58.200,18.483891,73.818013,15.0,25.3,428.3,25.05,85.0,2.26,50
2026-07-26 10:09:58.800,18.483867,73.817923,16.0,23.9,427.4,25.02,85.2,2.22,53
2026-07-26 10:09:59.400,18.483889,73.817923,16.2,25.3,429.6,24.93,84.8,2.19,54
2026-07-26 10:10:00.000,18.483863,73.817952,16.3,24.4,432.0,24.97,84.8,2.17,54
2026-07-26 10:10:00.600,18.483799,73.817918,15.8,24.0,426.4,24.99,84.5,2.16,51
2026-07-26 10:10:01.200,18.483803,73.817889,14.9,22.2,427.7,25.03,85.4,2.22,51
2026-07-26 10:10:01.800,18.483791,73.817881,15.7,24.8,427.7,24.89,84.4,2.27,52
2026-07-26 10:10:02.400,18.483738,73.81785,15.9,23.6,425.9,25.0,84.8,2.1,52
2026-07-26 10:10:03.000,18.48373,73.81782,16.0,23.9,427.3,24.95,84.8,2.06,53
2026-07-26 10:10:03.600,18.483693,73.81785,16.0,25.5,428.6,24.9,84.8,2.06,52
2026-07-26 10:10:04.200,18.483677,73.817835,15.3,25.2,431.1,25.01,85.2,2.0,51
2026-07-26 10:10:04.800,18.483684,73.817777,16.2,26.0,429.8,24.94,84.8,2.11,53
2026-07-26 10:10:05.400,18.483592,73.817786,16.6,24.0,424.3,24.97,84.1,2.01,53
2026-07-26 10:10:06.000,18.483579,73.817726,15.7,23.7,432.9,24.95,84.6,2.08,52
2026-07-26 10:10:06.600,18.483567,73.817716,16.2,23.5,423.3,24.93,85.2,2.16,54
2026-07-26 10:10:07.200,18.483563,73.8177,16.0,23.3,427.6,24.93,85.8,1.92,51
2026-07-26 10:10:07.800,18.483509,73.817705,16.1,26.0,426.8,24.94,85.3,2.04,53
2026-07-26 10:10:08.400,18.483478,73.817694,15.7,22.9,427.0,24.95,85.4,2.24,52
2026-07-26 10:10:09.000,18.483496,73.817597,16.3,26.6,429.2,24.91,84.8,2.24,52
2026-07-26 10:10:09.600,18.483518,73.817664,16.4,23.8,422.5,24.85,85.4,2.15,54
2026-07-26 10:10:10.200,18.483462,73.817595,15.3,24.8,429.4,24.94,84.7,2.01,51
2026-07-26 10:10:10.800,18.48344,73.817577,15.6,24.7,424.6,25.02,85.0,2.02,53
2026-07-26 10:10:11.400,18.483388,73.817549,15.7,23.2,427.6,24.82,85.0,2.03,52
2026-07-26 10:10:12.000,18.483397,73.817573,16.0,25.0,428.7,24.92,85.1,1.88,53
2026-07-26 10:10:12.600,18.483412,73.817526,16.0,24.9,424.9,24.93,85.3,2.02,52
2026-07-26 10:10:13.200,18.483359,73.817502,15.7,23.6,420.4,24.86,85.4,2.04,52
2026-07-26 10:10:13.800,18.483307,73.817446,16.3,24.1,424.1,24.99,85.3,2.01,54
2026-07-26 10:10:14.400,18.483341,73.81747,14.6,23.4,425.7,24.9,85.3,2.2,49
2026-07-26 10:10:15.000,18.48333,73.817367,14.9,24.7,418.0,24.95,84.7,2.0,50
2026-07-26 10:10:15.600,18.483273,73.817423,16.7,24.6,424.3,24.92,85.0,2.23,53
2026-07-26 10:10:16.200,18.483246,73.817423,15.6,25.3,422.2,24.85,85.0,2.18,52
2026-07-26 10:10:16.800,18.483233,73.817344,15.8,25.1,427.7,24.96,85.1,1.94,52
2026-07-26 10:10:17.400,18.483215,73.81731,16.6,24.1,430.9,24.87,85.2,1.93,54
2026-07-26 10:10:18.000,18.4832,73.81732,15.5,25.5,423.9,25.02,85.3,1.95,51
2026-07-26 10:10:18.600,18.483197,73.817271,15.0,23.0,424.2,24.83,85.2,2.06,48
2026-07-26 10:10:19.200,18.483123,73.817255,16.3,24.6,424.9,24.87,84.8,2.04,52
2026-07-26 10:10:19.800,18.483097,73.817284,16.5,23.9,424.0,24.86,84.8,2.05,55
2026-07-26 10:10:20.400,18.483153,73.817271,15.9,23.2,421.5,24.94,84.5,1.98,54
2026-07-26 10:10:21.000,18.483111,73.817213,15.4,23.8,425.6,24.97,84.8,2.08,53
2026-07-26 10:10:21.600,18.483068,73.817187,15.9,25.3,425.1,24.91,85.1,2.11,53
2026-07-26 10:10:22.200,18.483041,73.817161,16.0,24.5,421.9,24.91,85.1,1.98,51
2026-07-26 10:10:22.800,18.483021,73.817131,16.4,23.8,422.8,24.82,84.7,2.14,55
2026-07-26 10:10:23.400,18.483053,73.817096,16.3,23.7,420.8,24.87,84.8,2.04,53
2026-07-26 10:10:24.000,18.483045,73.817122,16.8,25.0,421.4,24.84,84.7,2.1,56
2026-07-26 10:10:24.600,18.483023,73.817063,15.3,23.9,420.6,24.78,85.0,2.07,51
2026-07-26 10:10:25.200,18.482941,73.817059,16.5,24.7,424.4,24.88,84.9,2.05,52
2026-07-26 10:10:25.800,18.482886,73.817029,16.3,23.6,422.7,24.77,85.2,2.12,54
2026-07-26 10:10:26.400,18.482917,73.816988,15.8,23.0,423.2,24.94,85.1,1.91,52
2026-07-26 10:10:27.000,18.482877,73.817031,15.6,23.6,422.0,24.89,85.0,1.95,52
2026-07-26 10:10:27.600,18.48288,73.816973,15.5,24.0,419.9,24.82,84.8,1.99,49
2026-07-26 10:10:28.200,18.482892,73.816969,15.1,23.0,418.7,24.91,85.3,1.99,49
2026-07-26 10:10:28.800,18.482874,73.81696,15.5,22.9,422.4,24.78,85.3,2.0,50
2026-07-26 10:10:29.400,18.482808,73.816924,16.4,24.7,417.6,24.89,85.1,1.99,54
2026-07-26 10:10:30.000,18.482836,73.816906,15.9,23.1,428.2,24.78,85.6,1.88,52
2026-07-26 10:10:30.600,18.482811,73.816872,16.6,24.0,421.2,24.82,85.4,2.11,55
2026-07-26 10:10:31.200,18.482785,73.816863,15.5,23.2,422.8,24.88,85.1,2.07,53
2026-07-26 10:10:31.800,18.482753,73.816794,15.3,24.3,416.1,24.86,84.8,2.04,49
2026-07-26 10:10:32.400,18.482783,73.816798,15.7,24.5,423.1,24.86,85.2,1.95,52
2026-07-26 10:10:33.000,18.482806,73.816753,15.2,23.4,423.1,24.81,84.9,2.07,50
2026-07-26 10:10:33.600,18.482725,73.81681,15.3,23.7,418.2,24.9,85.1,2.02,49
2026-07-26 10:10:34.200,18.482746,73.816761,15.6,24.7,421.5,24.79,85.4,1.97,51
2026-07-26 10:10:34.800,18.482744,73.816738,16.2,24.6,416.5,24.84,84.8,2.06,55
2026-07-26 10:10:35.400,18.482739,73.816707,15.3,24.3,417.1,24.89,85.0,1.96,51
2026-07-26 10:10:36.000,18.482705,73.816726,16.6,24.0,421.9,24.92,85.3,1.9,53
2026-07-26 10:10:36.600,18.482713,73.816639,14.9,24.8,419.6,24.79,84.9,2.07,50
2026-07-26 10:10:37.200,18.482667,73.816583,15.7,24.8,422.7,24.73,85.1,1.94,51
2026-07-26 10:10:37.800,18.482661,73.816607,15.1,24.2,419.1,24.82,85.7,1.79,51
2026-07-26 10:10:38.400,18.48269,73.816557,15.6,24.0,422.2,24.83,85.7,2.0,51
2026-07-26 10:10:39.000,18.482632,73.816554,15.8,25.3,420.2,24.83,85.5,1.99,51
2026-07-26 10:10:39.600,18.482581,73.816539,15.5,25.8,420.0,24.83,85.2,1.98,52
2026-07-26 10:10:40.200,18.482638,73.816495,15.9,25.5,419.0,24.76,85.4,2.0,53
2026-07-26 10:10:40.800,18.482597,73.816447,15.7,23.5,422.3,24.78,85.3,1.99,52
2026-07-26 10:10:41.400,18.482633,73.81645,15.7,24.6,420.7,24.89,84.9,2.0,51
2026-07-26 10:10:42.000,18.482585,73.816425,16.6,24.3,421.0,24.75,86.1,2.06,52
2026-07-26 10:10:42.600,18.482549,73.816454,16.0,24.2,419.3,24.86,85.5,2.16,52
2026-07-26 10:10:43.200,18.482593,73.816416,16.1,24.4,422.5,24.78,85.6,2.03,54
2026-07-26 10:10:43.800,18.482562,73.816345,14.8,22.7,416.1,24.86,85.5,1.96,50
2026-07-26 10:10:44.400,18.482523,73.816318,16.2,24.5,419.9,24.88,85.7,2.1,54
2026-07-26 10:10:45.000,18.482574,73.816352,16.0,23.4,422.1,24.73,84.9,2.04,51
2026-07-26 10:10:45.600,18.482514,73.816284,15.0,23.9,424.0,24.72,84.8,2.08,51
2026-07-26 10:10:46.200,18.482556,73.816298,15.7,24.8,423.9,24.68,84.8,2.04,52
2026-07-26 10:10:46.800,18.48254,73.816239,15.8,25.1,418.2,24.79,85.8,1.94,52
2026-07-26 10:10:47.400,18.482452,73.816209,15.1,25.5,419.4,24.77,85.5,1.95,50
2026-07-26 10:10:48.000,18.482485,73.816236,15.6,24.8,410.5,24.89,85.4,2.05,52
2026-07-26 10:10:48.600,18.482458,73.816202,16.0,24.1,417.5,24.78,85.5,2.06,54
2026-07-26 10:10:49.200,18.48244,73.816183,15.7,24.3,415.8,24.85,85.7,2.04,52
2026-07-26 10:10:49.800,18.482487,73.816129,15.3,24.5,417.1,24.82,85.5,2.17,50
2026-07-26 10:10:50.400,18.482429,73.816137,15.1,23.7,416.4,24.79,85.1,2.07,51
2026-07-26 10:10:51.000,18.482418,73.816101,15.2,25.5,418.2,24.98,85.7,2.06,49
2026-07-26 10:10:51.600,18.482443,73.816063,14.7,24.2,417.9,24.83,85.1,2.15,50
2026-07-26 10:10:52.200,18.482387,73.816021,15.1,25.6,418.0,24.79,85.3,2.03,51
2026-07-26 10:10:52.800,18.482422,73.816021,15.7,23.9,417.9,24.79,84.8,2.01,51
2026-07-26 10:10:53.400,18.48237,73.816006,15.2,25.1,416.3,24.67,85.2,2.12,49
2026-07-26 10:10:54.000,18.482368,73.815947,15.5,23.6,415.4,24.74,85.9,1.85,51
2026-07-26 10:10:54.600,18.482398,73.815947,16.1,23.8,409.7,24.84,85.3,1.84,53
2026-07-26 10:10:55.200,18.482408,73.815866,15.0,23.5,420.6,24.75,84.7,2.1,51
2026-07-26 10:10:55.800,18.482381,73.815929,15.0,25.0,414.2,24.82,85.5,2.18,50
2026-07-26 10:10:56.400,18.482412,73.815837,15.2,24.7,418.5,24.7,85.1,2.09,51
2026-07-26 10:10:57.000,18.482355,73.815838,14.9,23.3,420.3,24.83,85.2,2.16,50
2026-07-26 10:10:57.600,18.482387,73.815819,15.0,25.1,417.0,24.59,86.0,2.11,50
2026-07-26 10:10:58.200,18.48239,73.815781,14.6,23.8,415.9,24.85,85.3,2.03,49
2026-07-26 10:10:58.800,18.482336,73.815743,15.5,25.1,420.0,24.8,84.8,1.93,51
2026-07-26 10:10:59.400,18.482356,73.815761,16.2,24.6,414.3,24.72,85.3,2.12,53
2026-07-26 10:11:00.000,18.482375,73.815728,16.0,23.2,415.2,24.75,85.3,2.15,51
2026-07-26 10:11:00.600,18.482344,73.815673,16.2,25.3,419.8,24.7,85.9,2.03,53
2026-07-26 10:11:01.200,18.4823,73.815713,15.7,25.8,418.6,24.77,85.3,2.03,52
2026-07-26 10:11:01.800,18.482326,73.815652,15.1,23.8,411.5,24.71,85.0,1.94,51
2026-07-26 10:11:02.400,18.482327,73.815644,16.2,24.2,411.2,24.78,85.1,2.04,52
2026-07-26 10:11:03.000,18.482348,73.815572,15.9,24.6,418.4,24.73,84.9,2.18,52
2026-07-26 10:11:03.600,18.482338,73.81559,14.2,24.5,422.1,24.76,85.3,2.12,48
2026-07-26 10:11:04.200,18.482304,73.815578,15.5,25.2,412.6,24.74,85.7,2.23,52
2026-07-26 10:11:04.800,18.482326,73.815591,15.5,24.1,415.7,24.88,85.3,2.13,50
2026-07-26 10:11:05.400,18.482264,73.815554,15.2,24.3,414.0,24.79,85.1,2.14,50
2026-07-26 10:11:06.000,18.482316,73.81553,15.3,24.5,413.2,24.76,84.7,2.15,52
2026-07-26 10:11:06.600,18.482311,73.815491,15.0,25.1,417.8,24.71,86.5,1.91,50
2026-07-26 10:11:07.200,18.482295,73.815452,15.4,23.4,419.5,24.72,84.9,2.26,51
2026-07-26 10:11:07.800,18.482293,73.815428,14.7,24.3,410.0,24.71,85.0,2.14,49
2026-07-26 10:11:08.400,18.482337,73.815408,14.5,24.6,415.6,24.74,84.9,2.14,49
2026-07-26 10:11:09.000,18.482303,73.81537,14.7,24.7,415.3,24.65,85.3,2.09,49
2026-07-26 10:11:09.600,18.482278,73.815334,14.3,25.1,419.7,24.7,85.3,1.97,47
2026-07-26 10:11:10.200,18.482284,73.815339,15.7,24.6,413.0,24.67,85.5,1.96,53
2026-07-26 10:11:10.800,18.482278,73.8153,14.5,25.0,412.3,24.69,84.5,2.03,49
2026-07-26 10:11:11.400,18.482285,73.815268,14.9,22.4,413.3,24.68,84.9,2.08,49
2026-07-26 10:11:12.000,18.482281,73.815276,15.4,23.7,416.2,24.72,85.5,2.1,50
2026-07-26 10:11:12.600,18.482288,73.815246,14.4,23.8,412.7,24.77,85.5,2.11,48
2026-07-26 10:11:13.200,18.48228,73.815247,15.2,24.6,416.8,24.68,85.4,2.23,50
2026-07-26 10:11:13.800,18.482296,73.815213,15.3,24.3,414.8,24.7,85.3,2.19,51
2026-07-26 10:11:14.400,18.48229,73.815138,14.6,24.7,414.3,24.66,85.1,1.97,48
2026-07-26 10:11:15.000,18.482269,73.815133,14.7,23.9,418.7,24.7,85.4,2.16,50
2026-07-26 10:11:15.600,18.482283,73.815149,14.9,25.0,413.7,24.79,85.7,2.04,51
2026-07-26 10:11:16.200,18.482237,73.815084,14.9,24.4,415.5,24.71,85.0,1.99,49
2026-07-26 10:11:16.800,18.482302,73.815062,14.8,25.1,417.3,24.79,84.7,2.25,50
2026-07-26 10:11:17.400,18.482283,73.815042,15.0,24.0,414.4,24.81,85.8,2.26,50
2026-07-26 10:11:18.000,18.482234,73.815073,14.3,24.1,415.9,24.76,85.3,2.06,49
2026-07-26 10:11:18.600,18.482297,73.814982,15.2,25.7,412.5,24.72,85.6,2.23,49
2026-07-26 10:11:19.200,18.482308,73.814975,14.8,24.8,415.3,24.92,85.4,2.05,50
2026-07-26 10:11:19.800,18.482309,73.814966,15.4,25.0,414.7,24.7,85.3,2.19,51
2026-07-26 10:11:20.400,18.482275,73.814927,15.0,23.9,413.2,24.72,84.9,2.14,50
2026-07-26 10:11:21.000,18.482257,73.814875,15.2,25.9,406.6,24.78,85.3,2.25,49
2026-07-26 10:11:21.600,18.482277,73.814926,14.9,25.7,414.7,24.74,84.5,2.33,48
2026-07-26 10:11:22.200,18.482261,73.8149,15.0,25.1,410.4,24.62,85.3,2.22,52
2026-07-26 10:11:22.800,18.482275,73.814826,14.3,24.2,413.0,24.71,85.6,2.26,49
2026-07-26 10:11:23.400,18.482306,73.814828,14.5,24.6,412.1,24.78,84.9,2.32,48
2026-07-26 10:11:24.000,18.482292,73.814806,14.4,23.4,412.5,24.61,85.0,2.32,48
2026-07-26 10:11:24.600,18.482254,73.81479,15.2,25.2,415.6,24.71,85.1,2.18,51
2026-07-26 10:11:25.200,18.482262,73.814777,14.7,24.6,412.9,24.63,84.3,2.15,48
2026-07-26 10:11:25.800,18.482283,73.814679,14.5,24.3,417.3,24.77,84.8,2.16,48
2026-07-26 10:11:26.400,18.482261,73.814701,15.3,25.4,413.5,24.79,85.4,2.16,48
2026-07-26 10:11:27.000,18.482299,73.81465,14.9,25.9,411.4,24.77,84.7,2.2,50
2026-07-26 10:11:27.600,18.482263,73.814663,14.6,24.9,414.6,24.8,84.7,2.26,50
2026-07-26 10:11:28.200,18.482346,73.814626,14.8,24.4,410.6,24.82,84.8,2.08,49
2026-07-26 10:11:28.800,18.482284,73.814633,15.1,25.9,412.7,24.75,85.0,2.19,50
2026-07-26 10:11:29.400,18.482245,73.814628,14.4,24.5,411.0,24.74,85.4,2.12,48
2026-07-26 10:11:30.000,18.48231,73.81455,14.7,25.3,417.8,24.75,85.2,2.31,51
2026-07-26 10:11:30.600,18.482307,73.814509,14.8,23.8,415.4,24.72,84.8,2.28,49
2026-07-26 10:11:31.200,18.482299,73.814516,14.1,25.8,414.5,24.69,84.9,2.4,47
2026-07-26 10:11:31.800,18.482281,73.814493,14.2,25.6,415.9,24.73,84.9,2.09,47
2026-07-26 10:11:32.400,18.482235,73.814498,13.7,25.2,415.3,24.78,84.9,2.27,46
2026-07-26 10:11:33.000,18.482294,73.814512,14.6,25.2,416.0,24.7,85.1,2.28,50
2026-07-26 10:11:33.600,18.482324,73.814454,14.2,24.9,414.9,24.68,84.9,2.16,47
2026-07-26 10:11:34.200,18.482313,73.81445,14.8,25.7,412.6,24.58,85.0,2.29,49
2026-07-26 10:11:34.800,18.4823,73.814386,14.4,25.5,410.2,24.62,84.5,2.2,48
2026-07-26 10:11:35.400,18.482323,73.814363,13.9,24.0,415.1,24.79,83.9,2.28,48
2026-07-26 10:11:36.000,18.482272,73.814311,13.9,25.1,412.6,24.72,84.7,2.21,47
2026-07-26 10:11:36.600,18.482315,73.814344,14.3,25.5,418.8,24.72,84.9,2.21,47
2026-07-26 10:11:37.200,18.482354,73.81432,14.4,24.9,416.7,24.76,85.0,2.23,48
2026-07-26 10:11:37.800,18.482326,73.814273,14.4,25.0,412.1,24.74,84.5,2.13,48
2026-07-26 10:11:38.400,18.482301,73.814294,13.7,25.3,413.3,24.71,84.5,2.16,48
2026-07-26 10:11:39.000,18.482369,73.814245,14.4,25.0,414.0,24.67,84.9,2.22,47
2026-07-26 10:11:39.600,18.482342,73.81428,14.8,24.9,409.6,24.72,84.9,2.23,50
2026-07-26 10:11:40.200,18.482316,73.814194,14.2,24.3,416.2,24.65,84.1,2.19,47
2026-07-26 10:11:40.800,18.48231,73.814177,13.5,25.4,412.6,24.66,85.1,2.19,47
2026-07-26 10:11:41.400,18.48235,73.814176,13.3,24.6,415.1,24.81,84.4,2.22,46
2026-07-26 10:11:42.000,18.482378,73.814149,14.1,24.5,416.5,24.68,84.7,2.24,47
2026-07-26 10:11:42.600,18.482347,73.814089,14.3,24.4,414.3,24.82,84.7,2.23,48
2026-07-26 10:11:43.200,18.482401,73.814118,13.7,24.0,412.8,24.68,84.9,2.27,46
2026-07-26 10:11:43.800,18.482398,73.814074,14.1,24.4,413.5,24.74,84.0,2.16,47
2026-07-26 10:11:44.400,18.482393,73.814031,14.9,25.6,414.4,24.71,84.4,2.25,51
2026-07-26 10:11:45.000,18.482356,73.814034,14.1,24.7,412.0,24.71,84.5,2.23,49
2026-07-26 10:11:45.600,18.482374,73.814064,14.0,26.0,415.8,24.71,84.7,2.39,49
2026-07-26 10:11:46.200,18.482334,73.814045,13.6,25.1,415.7,24.7,85.4,2.35,46
2026-07-26 10:11:46.800,18.482382,73.813993,14.3,23.9,412.8,24.74,84.8,2.31,48
2026-07-26 10:11:47.400,18.482411,73.813999,14.2,25.9,414.9,24.69,86.0,2.35,48
2026-07-26 10:11:48.000,18.482424,73.813937,13.8,24.6,414.5,24.81,84.7,2.16,48
2026-07-26 10:11:48.600,18.482359,73.813947,13.9,24.5,418.0,24.58,84.9,2.4,47
2026-07-26 10:11:49.200,18.482433,73.813876,13.3,25.7,414.2,24.74,84.4,2.48,46
2026-07-26 10:11:49.800,18.482413,73.813876,13.8,24.9,414.6,24.72,84.4,2.31,45
2026-07-26 10:11:50.400,18.482424,73.813887,13.7,24.6,410.8,24.61,84.5,2.07,46
2026-07-26 10:11:51.000,18.482425,73.813804,13.5,24.9,410.6,24.67,84.0,2.32,45
2026-07-26 10:11:51.600,18.482451,73.813845,13.9,25.5,414.7,24.66,84.4,2.31,47
2026-07-26 10:11:52.200,18.482393,73.813786,13.4,25.7,418.9,24.76,85.1,2.34,45
2026-07-26 10:11:52.800,18.482446,73.813779,14.0,24.6,415.9,24.82,84.2,2.41,49
2026-07-26 10:11:53.400,18.482409,73.813775,13.2,24.2,414.3,24.77,84.6,2.37,45
2026-07-26 10:11:54.000,18.482418,73.813742,14.4,25.2,417.5,24.61,84.4,2.54,50
2026-07-26 10:11:54.600,18.482451,73.81372,14.4,25.5,416.1,24.84,84.0,2.3,48
2026-07-26 10:11:55.200,18.482451,73.81373,13.9,23.6,414.8,24.76,83.9,2.42,46
2026-07-26 10:11:55.800,18.482504,73.813707,13.8,24.7,413.4,24.8,84.7,2.23,47
2026-07-26 10:11:56.400,18.482478,73.813672,13.5,25.0,413.0,24.71,84.1,2.2,46
2026-07-26 10:11:57.000,18.482487,73.81359,14.3,25.1,420.9,24.75,84.2,2.36,49
2026-07-26 10:11:57.600,18.482454,73.813607,13.6,26.2,418.1,24.63,84.5,2.29,46
2026-07-26 10:11:58.200,18.482447,73.813649,13.9,26.3,411.6,24.74,84.3,2.4,48
2026-07-26 10:11:58.800,18.482476,73.813634,14.2,25.8,417.6,24.73,84.5,2.3,47
2026-07-26 10:11:59.400,18.482546,73.813579,13.8,24.2,419.1,24.72,83.7,2.45,47
2026-07-26 10:12:00.000,18.482459,73.813569,12.9,26.2,418.9,24.8,84.0,2.29,46
2026-07-26 10:12:00.600,18.482446,73.813519,14.2,25.5,418.0,24.73,83.9,2.38,48
2026-07-26 10:12:01.200,18.482477,73.813533,12.8,24.7,422.1,24.73,84.3,2.25,45
2026-07-26 10:12:01.800,18.482504,73.81354,13.6,25.8,414.6,24.79,84.3,2.32,45
2026-07-26 10:12:02.400,18.482503,73.813475,14.3,25.7,418.4,24.74,84.3,2.33,48
2026-07-26 10:12:03.000,18.482506,73.813458,14.0,25.8,412.5,24.82,84.2,2.29,48
2026-07-26 10:12:03.600,18.482538,73.813441,13.7,24.1,416.8,24.75,84.1,2.44,46
2026-07-26 10:12:04.200,18.48255,73.813443,13.3,26.2,416.9,24.94,84.2,2.64,46
2026-07-26 10:12:04.800,18.482453,73.813495,13.2,24.1,421.0,24.74,84.1,2.24,46
2026-07-26 10:12:05.400,18.482534,73.813426,12.7,25.3,416.6,24.74,84.0,2.44,44
2026-07-26 10:12:06.000,18.482512,73.813385,14.1,25.9,415.9,24.87,84.1,2.32,47
2026-07-26 10:12:06.600,18.482519,73.813408,13.0,24.8,415.1,24.74,83.9,2.31,46
2026-07-26 10:12:07.200,18.48253,73.813396,13.3,25.6,415.7,24.82,84.1,2.3,45
2026-07-26 10:12:07.800,18.482532,73.813344,13.5,24.5,415.7,24.8,83.9,2.33,45
2026-07-26 10:12:08.400,18.482517,73.813294,12.6,25.1,414.7,24.8,84.2,2.39,44
2026-07-26 10:12:09.000,18.48252,73.813276,13.3,25.2,417.7,24.8,83.9,2.35,46
2026-07-26 10:12:09.600,18.482547,73.813289,13.3,25.7,413.6,24.72,83.9,2.37,45
2026-07-26 10:12:10.200,18.482579,73.813306,12.4,24.6,417.7,24.71,83.7,2.32,42
2026-07-26 10:12:10.800,18.482587,73.813266,12.9,25.6,412.7,24.75,83.5,2.28,44
2026-07-26 10:12:11.400,18.48261,73.813262,13.4,25.1,420.9,24.86,83.8,2.26,46
2026-07-26 10:12:12.000,18.482523,73.813291,13.7,25.9,417.0,24.75,83.8,2.21,49
2026-07-26 10:12:12.600,18.482588,73.81325,12.9,24.7,413.4,24.74,84.3,2.35,44
2026-07-26 10:12:13.200,18.482604,73.813198,13.3,25.8,420.9,24.72,83.3,2.37,46
2026-07-26 10:12:13.800,18.482634,73.813186,13.9,24.3,412.9,24.8,84.0,2.26,47
2026-07-26 10:12:14.400,18.48257,73.813196,13.0,26.7,419.5,24.83,83.4,2.34,44
2026-07-26 10:12:15.000,18.482568,73.813184,13.5,25.1,418.3,24.8,83.5,2.38,44
2026-07-26 10:12:15.600,18.482561,73.81322,13.1,25.1,415.4,24.83,83.1,2.36,46
2026-07-26 10:12:16.200,18.4826,73.813108,13.2,23.5,416.3,24.75,82.5,2.28,46
2026-07-26 10:12:16.800,18.482635,73.813156,12.7,24.8,417.9,24.79,83.5,2.36,44
2026-07-26 10:12:17.400,18.482628,73.81317,13.9,25.1,416.4,24.74,83.6,2.27,47
2026-07-26 10:12:18.000,18.482657,73.81311,13.2,24.5,416.6,24.76,83.7,2.42,44
2026-07-26 10:12:18.600,18.482617,73.813113,12.4,25.3,419.5,24.83,83.9,2.59,43
2026-07-26 10:12:19.200,18.482602,73.813105,13.3,24.7,412.6,24.75,83.5,2.45,44
2026-07-26 10:12:19.800,18.48263,73.813093,12.7,24.9,417.1,24.66,83.7,2.5,45
2026-07-26 10:12:20.400,18.482593,73.81305,13.1,27.0,417.0,24.77,83.0,2.44,44
2026-07-26 10:12:21.000,18.482646,73.81302,13.2,25.1,418.6,24.67,83.7,2.42,45
2026-07-26 10:12:21.600,18.482611,73.813009,12.6,26.6,418.7,24.73,83.5,2.32,44
2026-07-26 10:12:22.200,18.482608,73.813015,13.3,25.5,418.2,24.8,83.4,2.36,47
2026-07-26 10:12:22.800,18.482662,73.812976,13.4,24.7,413.7,24.8,84.0,2.37,47
2026-07-26 10:12:23.400,18.482641,73.812976,13.3,25.6,417.5,24.84,83.3,2.29,47
2026-07-26 10:12:24.000,18.482618,73.812958,13.7,25.5,416.4,24.72,83.0,2.23,47
2026-07-26 10:12:24.600,18.482646,73.812951,13.4,24.8,415.7,24.67,83.4,2.54,44
2026-07-26 10:12:25.200,18.482594,73.812919,12.6,24.9,419.7,24.76,83.2,2.29,44
2026-07-26 10:12:25.800,18.482671,73.812956,13.9,24.2,417.4,24.67,83.2,2.31,47
2026-07-26 10:12:26.400,18.48267,73.812944,13.0,25.2,422.9,24.78,83.4,2.42,45
2026-07-26 10:12:27.000,18.482639,73.812931,12.8,25.0,418.0,24.79,82.8,2.35,44
2026-07-26 10:12:27.600,18.482666,73.812871,12.4,25.6,419.5,24.7,83.1,2.3,44
2026-07-26 10:12:28.200,18.482689,73.812908,13.1,25.1,413.7,24.75,83.7,2.32,45
2026-07-26 10:12:28.800,18.482689,73.812873,12.6,25.3,417.4,24.77,82.7,2.18,44
2026-07-26 10:12:29.400,18.482655,73.812864,13.0,25.2,418.3,24.94,83.0,2.27,45
2026-07-26 10:12:30.000,18.482699,73.812868,12.5,25.2,424.4,24.8,83.1,2.37,43
2026-07-26 10:12:30.600,18.482651,73.812843,12.5,25.6,417.9,24.78,82.8,2.34,44
2026-07-26 10:12:31.200,18.482669,73.812873,12.2,24.5,421.0,24.92,82.8,2.31,41
2026-07-26 10:12:31.800,18.482663,73.812798,12.9,24.7,420.6,24.85,82.1,2.42,47
2026-07-26 10:12:32.400,18.482674,73.812818,12.5,24.3,421.5,24.72,82.4,2.44,44
2026-07-26 10:12:33.000,18.482665,73.812817,12.6,26.0,420.8,24.72,82.8,2.35,44
2026-07-26 10:12:33.600,18.482704,73.812747,12.8,25.8,421.3,24.78,82.3,2.22,45
2026-07-26 10:12:34.200,18.482693,73.812754,12.9,24.0,419.1,24.8,82.7,2.22,45
2026-07-26 10:12:34.800,18.482657,73.812779,12.4,25.2,422.4,24.87,82.9,2.48,43
2026-07-26 10:12:35.400,18.482685,73.812783,12.1,25.6,421.7,24.79,83.0,2.44,42
2026-07-26 10:12:36.000,18.482677,73.812769,12.8,24.5,421.8,24.88,82.1,2.27,44
2026-07-26 10:12:36.600,18.482634,73.812748,11.9,27.0,417.9,24.77,82.7,2.31,44
2026-07-26 10:12:37.200,18.482695,73.812755,11.8,24.9,416.4,24.84,82.4,2.25,43
2026-07-26 10:12:37.800,18.482678,73.812753,13.0,24.9,420.3,24.69,82.9,2.4,44
2026-07-26 10:12:38.400,18.482638,73.812745,11.6,25.7,417.1,24.78,82.8,2.17,41
2026-07-26 10:12:39.000,18.482736,73.812692,12.9,24.7,421.4,24.68,83.4,2.46,45
2026-07-26 10:12:39.600,18.482671,73.81272,12.8,24.9,417.8,24.81,83.1,2.33,45
2026-07-26 10:12:40.200,18.482669,73.812623,12.5,25.8,419.8,24.72,82.9,2.19,45
2026-07-26 10:12:40.800,18.482683,73.812724,13.3,25.5,416.8,24.83,83.1,2.38,46
2026-07-26 10:12:41.400,18.482702,73.812695,12.3,25.4,419.3,24.7,83.1,2.43,45
2026-07-26 10:12:42.000,18.482675,73.812679,13.0,23.5,412.1,24.87,82.5,2.38,47
2026-07-26 10:12:42.600,18.482654,73.812688,12.3,25.9,418.3,24.74,82.8,2.11,45
2026-07-26 10:12:43.200,18.482669,73.812664,11.7,25.6,416.5,24.75,82.5,2.38,41
2026-07-26 10:12:43.800,18.482696,73.812647,12.8,24.9,422.7,24.79,82.7,2.17,43
2026-07-26 10:12:44.400,18.482695,73.812668,12.5,25.8,422.6,24.81,82.2,2.23,43
2026-07-26 10:12:45.000,18.48263,73.812683,12.5,26.6,418.8,24.82,83.2,2.23,43
2026-07-26 10:12:45.600,18.482654,73.81264,13.0,26.0,419.4,24.84,82.4,2.3,46
2026-07-26 10:12:46.200,18.48268,73.812611,12.9,24.9,423.8,24.74,82.8,2.34,43
2026-07-26 10:12:46.800,18.482635,73.81261,11.3,26.3,421.6,24.71,82.4,2.32,43
2026-07-26 10:12:47.400,18.482662,73.812672,12.1,25.9,418.4,24.72,82.8,2.05,43
2026-07-26 10:12:48.000,18.482691,73.812595,12.8,25.4,420.7,24.69,82.5,2.41,42
2026-07-26 10:12:48.600,18.48264,73.812606,12.3,25.7,415.5,24.88,82.6,2.21,44
2026-07-26 10:12:49.200,18.48266,73.812564,11.5,26.4,427.1,24.75,82.0,2.19,42
2026-07-26 10:12:49.800,18.482624,73.812623,12.5,25.8,418.3,24.89,82.0,2.28,44
2026-07-26 10:12:50.400,18.482654,73.812544,12.8,25.0,421.7,24.91,82.6,2.18,43
2026-07-26 10:12:51.000,18.482626,73.812568,12.0,23.6,419.0,24.78,81.9,2.35,41
2026-07-26 10:12:51.600,18.482618,73.812583,12.9,25.1,421.8,24.87,82.2,2.46,45
2026-07-26 10:12:52.200,18.482674,73.812593,12.3,25.9,419.4,24.84,81.9,2.37,44
2026-07-26 10:12:52.800,18.482613,73.812596,12.2,25.7,419.1,24.72,81.6,2.1,41
2026-07-26 10:12:53.400,18.48262,73.812535,12.8,25.4,421.6,24.9,81.7,2.22,43
2026-07-26 10:12:54.000,18.482596,73.812536,12.3,25.3,415.3,24.76,82.0,2.16,43
2026-07-26 10:12:54.600,18.482647,73.812605,12.5,24.7,422.8,24.76,81.9,2.14,45
2026-07-26 10:12:55.200,18.482615,73.812518,12.6,25.8,422.1,24.68,82.3,2.24,44
2026-07-26 10:12:55.800,18.482618,73.812552,13.2,26.0,421.7,24.85,82.4,2.21,45
2026-07-26 10:12:56.400,18.482621,73.812526,12.2,25.6,416.3,24.78,82.2,2.27,43
2026-07-26 10:12:57.000,18.482604,73.812526,12.1,23.6,425.8,24.87,82.4,2.24,44
2026-07-26 10:12:57.600,18.482562,73.812532,12.5,26.1,421.6,24.81,81.7,2.25,43
2026-07-26 10:12:58.200,18.482591,73.812579,13.2,23.9,421.5,24.88,81.4,2.3,45
2026-07-26 10:12:58.800,18.482598,73.81251,12.1,24.9,419.0,24.73,81.8,2.17,42
2026-07-26 10:12:59.400,18.482569,73.812513,11.6,25.1,417.9,24.86,81.0,2.1,43
2026-07-26 10:13:00.000,18.482628,73.812542,11.9,24.1,419.9,24.78,82.4,2.18,43
2026-07-26 10:13:00.600,18.482566,73.812528,12.8,24.7,423.0,24.97,82.0,2.01,45
2026-07-26 10:13:01.200,18.482562,73.812461,12.3,23.9,418.9,24.8,82.1,2.44,45
2026-07-26 10:13:01.800,18.482602,73.812485,12.0,25.6,424.2,24.74,81.8,2.31,42
2026-07-26 10:13:02.400,18.482586,73.812539,12.1,24.4,422.6,24.82,81.9,2.25,41
2026-07-26 10:13:03.000,18.482535,73.812503,12.5,25.9,417.4,24.77,81.7,2.31,43
2026-07-26 10:13:03.600,18.482537,73.812544,12.3,25.2,423.5,24.92,81.4,2.16,44
2026-07-26 10:13:04.200,18.482544,73.812545,12.1,22.8,418.9,24.89,81.7,2.3,43
2026-07-26 10:13:04.800,18.482506,73.812542,12.7,24.9,423.6,24.83,81.5,2.13,43
2026-07-26 10:13:05.400,18.482532,73.812513,12.0,24.5,423.7,24.82,81.9,2.03,42
2026-07-26 10:13:06.000,18.482537,73.81249,12.8,23.4,421.3,24.78,81.3,2.26,46
2026-07-26 10:13:06.600,18.482476,73.812493,12.9,25.4,418.7,24.79,81.6,2.3,44
2026-07-26 10:13:07.200,18.482517,73.812497,12.8,24.6,423.9,24.86,82.1,2.29,44
2026-07-26 10:13:07.800,18.4825,73.81251,11.9,25.0,421.9,24.8,81.2,2.1,42
2026-07-26 10:13:08.400,18.482501,73.812548,11.9,24.1,418.9,24.82,81.3,2.18,42
2026-07-26 10:13:09.000,18.482495,73.812566,12.3,24.3,421.1,24.87,81.5,2.28,44
2026-07-26 10:13:09.600,18.482451,73.812528,12.4,24.7,415.0,24.78,81.5,2.2,43
2026-07-26 10:13:10.200,18.482472,73.812548,12.0,25.4,418.5,24.82,81.2,2.24,42
2026-07-26 10:13:10.800,18.482423,73.812527,12.5,24.7,421.2,24.73,81.7,2.2,44
2026-07-26 10:13:11.400,18.482463,73.812515,12.3,23.6,418.9,24.85,82.0,2.16,43
2026-07-26 10:13:12.000,18.482436,73.812538,12.6,24.0,419.3,24.88,81.7,1.95,45
2026-07-26 10:13:12.600,18.482448,73.812541,12.9,24.9,425.6,24.77,81.4,2.17,45
2026-07-26 10:13:13.200,18.482387,73.812527,13.1,23.5,415.8,24.81,81.4,2.11,47
2026-07-26 10:13:13.800,18.482412,73.81252,12.1,25.0,424.2,24.8,80.9,2.25,45
2026-07-26 10:13:14.400,18.482411,73.812526,12.2,23.7,420.8,24.77,81.5,2.1,42
2026-07-26 10:13:15.000,18.482384,73.81252,12.4,23.9,421.1,24.86,80.8,2.1,43
2026-07-26 10:13:15.600,18.482321,73.812538,12.3,23.5,419.5,25.03,81.4,2.07,43
2026-07-26 10:13:16.200,18.48236,73.812566,11.5,26.5,419.2,24.87,80.5,2.23,42
2026-07-26 10:13:16.800,18.482337,73.812529,12.8,23.4,419.1,24.83,81.1,2.12,44
2026-07-26 10:13:17.400,18.482331,73.812533,12.9,24.9,421.5,24.96,81.6,2.05,45
2026-07-26 10:13:18.000,18.482378,73.812542,12.0,24.0,421.2,24.83,81.7,2.15,41
2026-07-26 10:13:18.600,18.482288,73.812512,12.6,23.7,417.4,24.72,81.2,2.14,44
2026-07-26 10:13:19.200,18.482325,73.812518,11.6,23.7,422.1,24.77,81.7,2.08,42
2026-07-26 10:13:19.800,18.482289,73.812606,11.0,24.7,418.2,24.88,81.6,2.25,40
2026-07-26 10:13:20.400,18.482216,73.81252,11.9,24.6,421.1,24.93,81.3,2.21,42
2026-07-26 10:13:21.000,18.482334,73.812536,11.9,25.1,416.5,24.82,81.6,2.14,42
2026-07-26 10:13:21.600,18.482295,73.812572,12.8,25.2,420.6,24.81,80.6,1.97,43
2026-07-26 10:13:22.200,18.482201,73.812584,13.1,25.7,415.7,24.83,80.7,1.92,45
2026-07-26 10:13:22.800,18.482266,73.812581,11.9,23.0,418.3,24.76,81.3,2.18,41
2026-07-26 10:13:23.400,18.482248,73.81258,12.5,24.7,418.2,24.77,81.5,2.08,44
2026-07-26 10:13:24.000,18.482238,73.812548,12.3,22.9,419.4,24.84,81.7,2.05,44
2026-07-26 10:13:24.600,18.482191,73.812604,12.6,25.8,422.4,24.86,80.9,2.26,45
2026-07-26 10:13:25.200,18.48214,73.812556,12.8,24.9,423.0,24.9,80.7,1.9,44
2026-07-26 10:13:25.800,18.482173,73.812607,12.3,24.9,423.6,24.9,81.5,2.01,43
2026-07-26 10:13:26.400,18.482166,73.812632,12.3,25.0,419.9,24.81,81.0,1.98,44
2026-07-26 10:13:27.000,18.482161,73.812592,12.0,23.3,417.8,24.73,81.1,2.1,43
2026-07-26 10:13:27.600,18.482155,73.812606,11.9,24.1,423.8,24.74,80.6,1.99,41
2026-07-26 10:13:28.200,18.482059,73.812628,12.7,24.1,422.0,24.93,81.3,2.17,44
2026-07-26 10:13:28.800,18.482078,73.812672,12.2,24.7,417.2,24.67,80.9,2.04,43
2026-07-26 10:13:29.400,18.482104,73.812649,12.9,24.1,416.9,24.73,80.0,2.15,45
2026-07-26 10:13:30.000,18.482064,73.812609,12.7,23.7,417.2,24.78,81.3,2.07,43
2026-07-26 10:13:30.600,18.482075,73.812601,12.3,23.3,421.4,24.73,80.9,2.08,42
2026-07-26 10:13:31.200,18.482039,73.812661,12.8,24.2,416.7,24.83,80.5,2.24,45
2026-07-26 10:13:31.800,18.482014,73.812687,12.7,25.1,418.3,24.84,80.4,2.16,45
2026-07-26 10:13:32.400,18.482024,73.812657,13.1,24.0,418.3,24.97,81.4,2.07,45
2026-07-26 10:13:33.000,18.482001,73.812675,11.8,24.1,421.1,24.82,80.8,2.0,43
2026-07-26 10:13:33.600,18.481966,73.812691,12.4,23.0,419.9,24.82,81.0,2.1,42
2026-07-26 10:13:34.200,18.481961,73.812722,13.0,23.2,421.9,24.86,81.0,2.05,44
2026-07-26 10:13:34.800,18.481947,73.812685,12.9,24.5,423.9,24.8,80.8,1.98,44
2026-07-26 10:13:35.400,18.481878,73.812687,12.8,25.0,417.2,24.77,81.4,2.12,44
2026-07-26 10:13:36.000,18.481898,73.812729,13.5,24.3,419.3,24.98,80.4,2.11,48
2026-07-26 10:13:36.600,18.481851,73.812711,12.0,22.8,423.3,24.71,81.1,2.22,42
2026-07-26 10:13:37.200,18.481853,73.812746,13.3,23.1,422.7,24.84,80.8,1.92,47
2026-07-26 10:13:37.800,18.481867,73.812727,12.7,24.0,421.9,24.83,80.7,1.95,44
2026-07-26 10:13:38.400,18.481823,73.812769,12.3,24.1,418.8,24.79,80.2,1.98,45
2026-07-26 10:13:39.000,18.481807,73.812716,13.1,24.0,419.4,24.87,81.2,2.0,45
2026-07-26 10:13:39.600,18.481798,73.812794,12.1,23.5,416.9,24.74,80.8,2.01,43
2026-07-26 10:13:40.200,18.481759,73.812763,12.0,22.0,411.5,24.82,81.3,2.11,44
2026-07-26 10:13:40.800,18.481788,73.812776,12.1,22.8,418.0,24.82,81.3,1.99,42
2026-07-26 10:13:41.400,18.48175,73.812847,12.9,23.1,418.1,24.82,81.1,2.13,45
2026-07-26 10:13:42.000,18.481733,73.812818,12.9,23.3,419.2,24.76,80.7,2.17,44
2026-07-26 10:13:42.600,18.481739,73.812847,12.9,25.0,416.6,24.78,80.7,1.94,44
2026-07-26 10:13:43.200,18.48161,73.812853,13.3,22.9,419.4,24.82,80.8,2.14,47
2026-07-26 10:13:43.800,18.481622,73.812858,12.0,23.7,416.2,24.8,80.4,2.03,41
2026-07-26 10:13:44.400,18.481633,73.812854,12.6,24.0,414.5,24.8,81.1,2.12,44
2026-07-26 10:13:45.000,18.481591,73.812897,12.5,22.4,416.5,24.81,79.9,1.91,43
2026-07-26 10:13:45.600,18.481623,73.812896,13.2,25.1,417.7,24.79,80.2,2.04,45
2026-07-26 10:13:46.200,18.481592,73.812875,12.7,23.7,415.5,24.77,80.8,2.15,44
2026-07-26 10:13:46.800,18.481597,73.812918,11.9,22.4,420.2,24.71,80.9,1.98,43
2026-07-26 10:13:47.400,18.481554,73.812937,13.7,24.1,416.6,24.9,80.3,2.06,47
2026-07-26 10:13:48.000,18.481477,73.812899,13.0,24.6,418.1,24.72,81.2,2.02,46
2026-07-26 10:13:48.600,18.481509,73.812918,11.8,23.6,417.6,24.84,80.7,2.08,44
2026-07-26 10:13:49.200,18.481455,73.812929,12.5,24.0,414.7,24.8,80.6,2.05,45
2026-07-26 10:13:49.800,18.481423,73.812985,12.7,22.2,420.1,24.65,80.2,2.17,44
2026-07-26 10:13:50.400,18.48141,73.812965,12.6,23.7,418.1,24.74,80.4,1.97,43
2026-07-26 10:13:51.000,18.481416,73.812965,12.8,23.8,423.4,24.74,80.9,2.06,44
2026-07-26 10:13:51.600,18.481367,73.813006,12.4,23.3,417.3,24.77,80.9,2.0,44
2026-07-26 10:13:52.200,18.481369,73.813012,12.9,22.7,418.1,24.87,80.5,1.89,45
2026-07-26 10:13:52.800,18.48135,73.813047,12.7,22.9,419.7,24.75,80.3,1.91,44
2026-07-26 10:13:53.400,18.481323,73.81304,13.3,22.3,420.4,24.75,80.7,2.03,43
2026-07-26 10:13:54.000,18.481289,73.813023,12.5,24.4,420.4,24.73,80.0,1.91,43
2026-07-26 10:13:54.600,18.481281,73.813103,13.7,23.9,419.1,24.77,81.0,2.11,45
2026-07-26 10:13:55.200,18.481211,73.813079,13.1,23.0,417.2,24.83,80.6,1.96,47
2026-07-26 10:13:55.800,18.481202,73.813088,12.9,24.7,418.0,24.74,80.5,2.11,45
2026-07-26 10:13:56.400,18.481231,73.813118,12.8,22.9,421.9,24.76,80.8,2.04,44
2026-07-26 10:13:57.000,18.481224,73.813099,12.1,25.0,418.9,24.74,81.0,2.03,43
2026-07-26 10:13:57.600,18.481173,73.813124,12.3,23.4,417.4,24.82,79.9,2.09,44
2026-07-26 10:13:58.200,18.481165,73.813123,13.2,22.2,419.7,24.79,80.1,2.12,46
2026-07-26 10:13:58.800,18.4811,73.813159,12.7,21.9,420.7,24.69,80.3,2.03,45
2026-07-26 10:13:59.400,18.481112,73.8132,13.1,21.7,417.2,24.71,80.0,2.13,44
2026-07-26 10:14:00.000,18.481077,73.813178,13.0,22.2,415.3,24.81,80.3,2.05,44
2026-07-26 10:14:00.600,18.481004,73.813208,12.5,22.8,415.3,24.67,79.9,2.12,44
2026-07-26 10:14:01.200,18.481037,73.813215,13.3,22.7,420.9,24.77,80.1,1.94,45
2026-07-26 10:14:01.800,18.480972,73.813249,12.5,24.0,413.0,24.72,80.2,1.98,44
2026-07-26 10:14:02.400,18.480996,73.813267,13.7,22.9,420.7,24.78,80.5,2.12,46
2026-07-26 10:14:03.000,18.480953,73.813301,12.9,22.3,417.0,24.8,79.9,1.94,44
2026-07-26 10:14:03.600,18.480907,73.813208,13.2,22.2,419.2,24.8,80.2,2.12,45
2026-07-26 10:14:04.200,18.480875,73.813326,13.1,21.2,413.6,24.77,80.6,1.93,46
2026-07-26 10:14:04.800,18.480907,73.813323,13.9,22.0,421.6,24.79,80.2,2.1,48
2026-07-26 10:14:05.400,18.480901,73.813285,12.7,23.2,414.6,24.85,79.9,1.97,44
2026-07-26 10:14:06.000,18.480834,73.813373,12.9,21.8,413.2,24.7,80.6,1.99,42
2026-07-26 10:14:06.600,18.480796,73.813379,13.6,23.3,415.4,24.76,79.8,2.22,46
2026-07-26 10:14:07.200,18.480841,73.813435,12.4,22.9,409.9,24.75,80.0,1.84,46
2026-07-26 10:14:07.800,18.480827,73.8134,12.9,23.3,415.8,24.76,80.2,2.03,47
2026-07-26 10:14:08.400,18.480745,73.813454,12.5,22.0,410.2,24.75,80.6,2.13,44
2026-07-26 10:14:09.000,18.480688,73.813468,13.6,23.5,415.4,24.85,80.1,2.03,47
2026-07-26 10:14:09.600,18.480657,73.813448,13.4,22.7,408.5,24.75,80.1,2.1,47
2026-07-26 10:14:10.200,18.480669,73.813466,13.1,22.3,419.7,24.83,80.2,2.18,46
2026-07-26 10:14:10.800,18.480627,73.813485,12.9,21.6,418.4,24.79,79.8,1.99,44
2026-07-26 10:14:11.400,18.480553,73.813529,13.4,22.5,418.9,24.75,80.2,1.95,45
2026-07-26 10:14:12.000,18.480534,73.81349,13.5,22.4,414.1,24.76,80.7,1.99,47
2026-07-26 10:14:12.600,18.480564,73.813533,12.8,22.3,412.2,24.7,80.6,2.1,44
2026-07-26 10:14:13.200,18.480528,73.813582,13.6,22.6,417.1,24.64,80.3,2.1,48
2026-07-26 10:14:13.800,18.480538,73.81356,13.3,23.5,413.7,24.69,80.7,2.01,47
2026-07-26 10:14:14.400,18.480412,73.813586,12.9,21.0,415.6,24.84,80.7,1.94,44
2026-07-26 10:14:15.000,18.480415,73.813614,12.9,23.5,418.5,24.76,80.7,2.33,46
2026-07-26 10:14:15.600,18.480383,73.81362,13.4,22.3,412.0,24.74,80.7,2.13,46
2026-07-26 10:14:16.200,18.480366,73.813628,13.2,22.1,409.3,24.68,80.1,1.99,45
2026-07-26 10:14:16.800,18.480347,73.813653,13.2,22.6,417.0,24.67,80.4,2.14,46
2026-07-26 10:14:17.400,18.480306,73.813644,13.2,22.9,411.7,24.75,80.2,1.89,45
2026-07-26 10:14:18.000,18.480286,73.813708,12.8,22.1,420.1,24.73,80.1,1.84,43
2026-07-26 10:14:18.600,18.48024,73.813719,12.1,24.1,412.5,24.7,80.3,2.0,41
2026-07-26 10:14:19.200,18.480233,73.813763,13.4,22.0,410.4,24.72,79.6,2.02,45
2026-07-26 10:14:19.800,18.480236,73.813789,13.3,21.3,414.6,24.72,80.4,2.05,48
2026-07-26 10:14:20.400,18.480186,73.813779,13.4,23.9,409.9,24.7,81.1,2.21,46
2026-07-26 10:14:21.000,18.480141,73.813797,12.9,22.8,416.2,24.76,79.9,2.0,44
2026-07-26 10:14:21.600,18.480077,73.813813,12.6,22.6,410.7,24.8,80.4,2.04,45
2026-07-26 10:14:22.200,18.480108,73.813884,13.0,22.4,412.4,24.75,80.4,1.92,43
2026-07-26 10:14:22.800,18.480074,73.813859,13.9,22.4,414.4,24.8,80.1,1.9,47
2026-07-26 10:14:23.400,18.480024,73.813924,12.7,21.0,410.3,24.66,80.9,2.26,44
2026-07-26 10:14:24.000,18.479994,73.813933,13.6,22.1,415.6,24.7,80.7,2.17,47
2026-07-26 10:14:24.600,18.480021,73.813899,13.2,22.3,411.8,24.67,80.2,2.03,46
2026-07-26 10:14:25.200,18.47998,73.813978,13.7,21.1,413.6,24.74,80.0,2.24,48
2026-07-26 10:14:25.800,18.479927,73.813965,13.4,21.5,415.0,24.74,81.2,2.14,45
2026-07-26 10:14:26.400,18.479916,73.813983,14.3,22.1,411.4,24.65,80.3,2.19,46
2026-07-26 10:14:27.000,18.479836,73.81399,14.1,22.4,415.9,24.76,80.0,2.1,48
2026-07-26 10:14:27.600,18.479824,73.814009,13.4,21.5,410.4,24.7,79.8,2.13,47
2026-07-26 10:14:28.200,18.479776,73.814028,13.5,22.0,413.0,24.71,80.6,1.94,46
2026-07-26 10:14:28.800,18.479768,73.814073,13.2,22.2,415.6,24.66,80.5,2.18,45
2026-07-26 10:14:29.400,18.479742,73.814076,13.9,23.2,418.6,24.59,80.4,2.19,47
2026-07-26 10:14:30.000,18.479731,73.814092,13.1,22.1,416.4,24.67,79.9,2.21,45
2026-07-26 10:14:30.600,18.479669,73.814107,14.1,21.4,413.7,24.55,80.3,2.14,48
2026-07-26 10:14:31.200,18.479662,73.814159,13.6,21.2,419.2,24.71,79.7,2.22,47
2026-07-26 10:14:31.800,18.479637,73.814195,13.6,22.1,409.3,24.68,80.5,2.24,45
2026-07-26 10:14:32.400,18.479601,73.814183,13.5,22.0,408.9,24.53,80.3,2.1,45
2026-07-26 10:14:33.000,18.479593,73.814224,12.9,21.0,410.5,24.71,79.9,2.21,45
2026-07-26 10:14:33.600,18.479524,73.814215,13.4,21.5,408.9,24.69,80.0,2.08,44
2026-07-26 10:14:34.200,18.479505,73.814237,13.6,22.4,413.9,24.63,80.0,2.28,45
2026-07-26 10:14:34.800,18.479513,73.814291,14.0,22.4,413.3,24.74,80.3,2.14,48
2026-07-26 10:14:35.400,18.479432,73.814322,13.6,22.4,412.8,24.63,80.2,2.16,46
2026-07-26 10:14:36.000,18.479406,73.814329,13.6,20.8,410.3,24.65,80.5,2.13,44
2026-07-26 10:14:36.600,18.479386,73.814348,13.4,22.5,412.5,24.66,79.7,2.26,46
2026-07-26 10:14:37.200,18.479364,73.814338,14.0,20.7,411.3,24.59,80.6,2.31,47
2026-07-26 10:14:37.800,18.479367,73.81441,14.0,21.9,406.9,24.6,80.1,2.22,47
2026-07-26 10:14:38.400,18.479293,73.814443,14.0,21.0,412.6,24.7,81.2,2.21,45
2026-07-26 10:14:39.000,18.479298,73.814464,13.8,21.9,412.2,24.61,80.0,2.15,47
2026-07-26 10:14:39.600,18.479236,73.814469,14.2,21.0,415.8,24.68,79.5,2.26,50
2026-07-26 10:14:40.200,18.47921,73.814487,13.4,23.0,409.8,24.67,80.5,2.26,44
2026-07-26 10:14:40.800,18.479156,73.814577,12.8,20.8,409.8,24.58,80.1,2.14,45
2026-07-26 10:14:41.400,18.479121,73.81451,13.5,20.4,411.0,24.66,79.8,2.37,46
2026-07-26 10:14:42.000,18.47911,73.814506,14.0,22.6,410.6,24.63,80.5,2.31,47
2026-07-26 10:14:42.600,18.479079,73.814609,14.9,21.6,412.4,24.61,80.3,2.27,49
2026-07-26 10:14:43.200,18.479074,73.814631,13.4,20.4,412.4,24.6,79.9,2.31,47
2026-07-26 10:14:43.800,18.479005,73.814648,13.7,20.3,413.1,24.58,80.0,2.21,46
2026-07-26 10:14:44.400,18.478996,73.814649,13.3,21.8,411.9,24.68,80.0,2.28,46
2026-07-26 10:14:45.000,18.47893,73.814685,13.7,20.5,413.8,24.5,79.9,2.28,50
2026-07-26 10:14:45.600,18.478925,73.814695,14.0,21.6,406.7,24.57,81.0,2.39,47
2026-07-26 10:14:46.200,18.478877,73.814737,13.6,20.6,415.6,24.6,80.2,2.28,47
2026-07-26 10:14:46.800,18.478854,73.814729,13.5,21.8,405.5,24.61,79.9,2.35,46
2026-07-26 10:14:47.400,18.478834,73.814784,13.6,21.1,410.5,24.56,79.9,2.37,46
2026-07-26 10:14:48.000,18.478842,73.814806,13.8,20.0,409.7,24.62,80.9,2.2,47
2026-07-26 10:14:48.600,18.478792,73.814783,14.3,21.5,413.0,24.68,80.2,2.27,47
2026-07-26 10:14:49.200,18.478714,73.814786,14.1,21.1,415.3,24.57,80.1,2.35,47
2026-07-26 10:14:49.800,18.478707,73.814861,12.9,20.8,409.9,24.61,80.0,2.28,45
2026-07-26 10:14:50.400,18.478691,73.814863,14.6,21.1,409.6,24.62,80.3,2.3,48
2026-07-26 10:14:51.000,18.478659,73.814921,14.1,20.6,407.4,24.53,79.9,2.41,47
2026-07-26 10:14:51.600,18.478601,73.814929,14.3,20.8,406.4,24.5,80.6,2.23,49
2026-07-26 10:14:52.200,18.478618,73.814988,14.5,21.0,405.0,24.54,81.2,2.38,48
2026-07-26 10:14:52.800,18.478558,73.814998,14.1,22.0,413.3,24.53,80.6,2.44,48
2026-07-26 10:14:53.400,18.478555,73.815039,14.5,21.1,413.1,24.51,80.1,2.34,49
2026-07-26 10:14:54.000,18.478519,73.815047,13.4,20.6,412.6,24.44,80.7,2.5,45
2026-07-26 10:14:54.600,18.478466,73.815079,14.3,20.8,409.4,24.56,80.1,2.42,46
2026-07-26 10:14:55.200,18.478441,73.815071,14.2,20.7,405.0,24.48,80.5,2.32,46
2026-07-26 10:14:55.800,18.478451,73.815057,14.6,21.1,412.5,24.54,80.8,2.35,51
2026-07-26 10:14:56.400,18.47843,73.815124,13.9,21.1,406.9,24.53,81.0,2.5,47
2026-07-26 10:14:57.000,18.478385,73.815123,14.3,22.3,413.7,24.37,80.1,2.4,48
2026-07-26 10:14:57.600,18.478303,73.815162,13.8,21.1,410.1,24.59,80.4,2.46,48
2026-07-26 10:14:58.200,18.478307,73.815259,13.7,21.7,406.7,24.46,80.3,2.34,47
2026-07-26 10:14:58.800,18.478264,73.815178,14.0,20.8,405.3,24.55,81.0,2.61,47
2026-07-26 10:14:59.400,18.478237,73.815246,14.0,20.3,416.5,24.52,80.8,2.4,48
2026-07-26 10:15:00.000,18.4782,73.8152,13.3,21.2,405.6,24.58,80.5,2.4,46
2026-07-26 10:15:00.600,18.478202,73.815331,14.1,21.1,409.4,24.48,80.5,2.48,47
2026-07-26 10:15:01.200,18.478137,73.815351,14.5,21.2,411.8,24.44,80.9,2.42,48
2026-07-26 10:15:01.800,18.478105,73.815336,13.7,20.5,407.1,24.46,80.3,2.38,48
2026-07-26 10:15:02.400,18.478059,73.815419,14.3,20.7,411.4,24.51,80.5,2.42,47
2026-07-26 10:15:03.000,18.478045,73.815404,13.7,22.0,407.8,24.57,79.9,2.54,46
2026-07-26 10:15:03.600,18.478009,73.815457,13.6,20.7,411.4,24.47,80.9,2.49,46
2026-07-26 10:15:04.200,18.477996,73.815425,13.7,21.1,410.5,24.45,80.6,2.5,46
2026-07-26 10:15:04.800,18.477927,73.815505,14.4,21.1,408.5,24.41,80.6,2.39,48
2026-07-26 10:15:05.400,18.47791,73.815483,14.2,22.0,407.9,24.49,79.9,2.62,50
2026-07-26 10:15:06.000,18.477901,73.81554,14.5,21.0,412.1,24.45,80.8,2.51,49
2026-07-26 10:15:06.600,18.477847,73.815519,14.5,21.0,411.1,24.51,80.1,2.35,48
2026-07-26 10:15:07.200,18.477871,73.815584,13.6,20.6,406.2,24.5,80.7,2.45,46
2026-07-26 10:15:07.800,18.477793,73.815587,13.7,21.7,406.7,24.38,80.4,2.41,48
2026-07-26 10:15:08.400,18.477825,73.815658,14.2,22.3,407.6,24.38,80.4,2.54,48
2026-07-26 10:15:09.000,18.477757,73.815666,14.1,22.1,414.3,24.48,80.4,2.66,47
2026-07-26 10:15:09.600,18.477736,73.815696,13.5,20.7,407.7,24.45,80.2,2.47,46
2026-07-26 10:15:10.200,18.477695,73.815729,13.8,21.9,411.7,24.42,80.7,2.39,47
2026-07-26 10:15:10.800,18.477659,73.81574,13.7,21.6,406.7,24.44,80.2,2.46,45
2026-07-26 10:15:11.400,18.47766,73.815707,14.9,21.7,410.8,24.47,80.5,2.51,51
2026-07-26 10:15:12.000,18.477616,73.815767,13.4,19.7,410.4,24.46,80.5,2.54,46
2026-07-26 10:15:12.600,18.477658,73.815786,14.0,20.5,405.0,24.39,80.7,2.55,49
2026-07-26 10:15:13.200,18.477581,73.815847,13.2,20.9,406.7,24.45,80.4,2.52,48
2026-07-26 10:15:13.800,18.477551,73.815887,13.9,20.5,410.7,24.52,80.2,2.54,49
2026-07-26 10:15:14.400,18.477506,73.815895,14.5,21.1,409.8,24.41,80.2,2.4,50
2026-07-26 10:15:15.000,18.47749,73.815918,14.0,20.7,407.8,24.45,81.1,2.53,47
2026-07-26 10:15:15.600,18.477489,73.815934,14.6,21.2,409.6,24.45,80.8,2.62,50
2026-07-26 10:15:16.200,18.477455,73.815957,14.0,21.2,409.1,24.4,80.3,2.74,47
2026-07-26 10:15:16.800,18.477437,73.81599,13.7,20.4,410.4,24.36,80.6,2.61,46
2026-07-26 10:15:17.400,18.477406,73.816047,13.4,20.6,407.8,24.38,80.6,2.62,48
2026-07-26 10:15:18.000,18.477362,73.816037,14.0,20.4,409.1,24.32,80.8,2.62,47
2026-07-26 10:15:18.600,18.477324,73.816028,14.2,20.7,412.7,24.42,80.8,2.56,47
2026-07-26 10:15:19.200,18.477273,73.816116,14.1,21.6,409.8,24.36,80.7,2.58,49
2026-07-26 10:15:19.800,18.477241,73.816076,14.0,20.3,414.2,24.32,80.8,2.68,48
2026-07-26 10:15:20.400,18.477244,73.816181,13.7,20.5,411.4,24.29,80.8,2.57,46
2026-07-26 10:15:21.000,18.477236,73.816194,14.6,21.3,413.0,24.29,80.7,2.58,48
2026-07-26 10:15:21.600,18.477195,73.816234,13.9,22.9,412.2,24.32,80.5,2.64,48
2026-07-26 10:15:22.200,18.477196,73.816253,14.9,21.6,405.0,24.36,80.2,2.67,49
2026-07-26 10:15:22.800,18.477163,73.816278,13.6,20.9,413.3,24.35,80.7,2.76,48
2026-07-26 10:15:23.400,18.47714,73.816322,15.2,22.0,415.7,24.43,80.8,2.5,51
2026-07-26 10:15:24.000,18.477114,73.816326,14.1,21.3,407.4,24.35,81.5,2.67,48
2026-07-26 10:15:24.600,18.477047,73.816324,13.9,21.4,408.6,24.16,81.2,2.58,48
2026-07-26 10:15:25.200,18.477038,73.816348,14.3,20.7,408.7,24.28,81.2,2.72,49
2026-07-26 10:15:25.800,18.477014,73.816383,13.9,21.5,406.7,24.35,80.7,2.67,46
2026-07-26 10:15:26.400,18.47702,73.816335,14.4,21.3,412.2,24.32,80.8,2.74,47
2026-07-26 10:15:27.000,18.476958,73.816433,14.0,20.3,410.3,24.2,81.4,2.75,48
2026-07-26 10:15:27.600,18.476968,73.816481,14.8,21.9,412.4,24.3,80.6,2.76,49
2026-07-26 10:15:28.200,18.476899,73.816514,14.2,20.5,410.0,24.35,80.2,2.52,47
2026-07-26 10:15:28.800,18.476898,73.8165,13.7,20.6,411.9,24.33,80.3,2.79,47
2026-07-26 10:15:29.400,18.476854,73.816552,14.2,20.6,406.3,24.37,81.0,2.93,48
2026-07-26 10:15:30.000,18.476874,73.81662,14.3,21.4,416.3,24.3,80.9,2.72,47
2026-07-26 10:15:30.600,18.476831,73.816594,13.9,20.8,413.4,24.21,81.1,2.7,49
2026-07-26 10:15:31.200,18.476747,73.81661,14.3,20.7,408.0,24.34,80.9,2.9,49
2026-07-26 10:15:31.800,18.476735,73.816627,15.4,22.3,412.9,24.25,80.6,2.72,51
2026-07-26 10:15:32.400,18.476746,73.816654,14.7,21.4,406.0,24.27,81.1,2.66,47
2026-07-26 10:15:33.000,18.476706,73.81669,15.3,22.2,410.6,24.26,81.1,2.71,52
2026-07-26 10:15:33.600,18.476731,73.816709,13.8,20.2,413.4,24.32,81.0,2.83,49
2026-07-26 10:15:34.200,18.476695,73.816764,14.1,21.7,409.1,24.16,80.4,2.85,46
2026-07-26 10:15:34.800,18.476661,73.816781,14.0,20.3,411.1,24.33,81.2,2.83,47
2026-07-26 10:15:35.400,18.4766,73.816791,14.7,21.3,411.4,24.21,80.8,2.7,47
2026-07-26 10:15:36.000,18.476636,73.816836,13.7,21.6,412.6,24.34,80.4,2.88,46
2026-07-26 10:15:36.600,18.476626,73.816845,14.5,21.5,409.4,24.24,80.7,2.83,50
2026-07-26 10:15:37.200,18.476586,73.816906,13.3,20.3,410.9,24.24,80.3,2.82,45
2026-07-26 10:15:37.800,18.476561,73.81693,14.6,21.2,412.4,24.27,81.5,2.77,49
2026-07-26 10:15:38.400,18.476555,73.816982,15.1,22.0,412.4,24.25,81.1,2.6,49
2026-07-26 10:15:39.000,18.476485,73.81699,15.1,21.8,409.4,24.35,81.1,2.74,50
2026-07-26 10:15:39.600,18.476459,73.816995,13.5,21.1,411.9,24.15,81.2,2.75,48
2026-07-26 10:15:40.200,18.476429,73.817008,13.0,19.4,411.0,24.18,80.9,2.85,44
2026-07-26 10:15:40.800,18.476415,73.817033,13.8,21.6,414.0,24.15,81.1,2.76,47
2026-07-26 10:15:41.400,18.476388,73.817085,14.0,20.5,412.3,24.25,80.7,2.89,45
2026-07-26 10:15:42.000,18.476401,73.817089,13.6,20.4,410.4,24.12,80.9,2.79,47
2026-07-26 10:15:42.600,18.476368,73.81711,13.9,20.1,415.2,24.21,81.7,2.63,47
2026-07-26 10:15:43.200,18.476368,73.817109,13.5,19.8,411.0,24.2,81.1,2.72,47
2026-07-26 10:15:43.800,18.47633,73.817152,14.6,21.1,407.3,24.1,81.4,2.75,50
2026-07-26 10:15:44.400,18.476328,73.817213,13.5,22.2,411.5,24.13,80.8,3.01,46
2026-07-26 10:15:45.000,18.476292,73.817192,13.7,20.9,408.5,24.22,80.8,2.91,47
2026-07-26 10:15:45.600,18.476307,73.817258,14.3,21.1,413.4,24.13,81.2,2.9,46
2026-07-26 10:15:46.200,18.476257,73.817295,14.0,20.3,405.0,24.11,81.1,2.93,49
2026-07-26 10:15:46.800,18.47623,73.817301,14.1,20.4,412.5,24.21,81.0,2.88,49
2026-07-26 10:15:47.400,18.47622,73.817294,14.1,20.4,410.1,24.15,81.1,2.86,49
2026-07-26 10:15:48.000,18.476217,73.817335,14.0,20.3,409.2,24.19,80.4,2.88,49
2026-07-26 10:15:48.600,18.476177,73.817368,14.0,20.5,413.1,24.14,80.7,2.98,47
2026-07-26 10:15:49.200,18.47616,73.817399,13.5,20.8,411.2,24.14,81.1,2.86,47
2026-07-26 10:15:49.800,18.476122,73.817388,13.9,20.1,410.6,24.07,81.2,2.97,48
2026-07-26 10:15:50.400,18.476197,73.817436,13.7,19.8,410.3,24.21,81.1,2.9,47
2026-07-26 10:15:51.000,18.476131,73.817411,13.4,21.4,409.0,24.09,80.7,3.08,45
2026-07-26 10:15:51.600,18.476132,73.817491,14.2,20.5,415.4,24.07,81.3,2.91,49
2026-07-26 10:15:52.200,18.476075,73.817511,14.9,21.9,413.2,24.14,80.6,2.94,50
2026-07-26 10:15:52.800,18.476067,73.817529,13.2,19.5,415.5,24.05,81.2,2.94,44
2026-07-26 10:15:53.400,18.476067,73.817575,13.9,21.3,409.4,24.09,80.9,2.87,47
2026-07-26 10:15:54.000,18.476012,73.81754,13.4,20.8,411.2,24.11,81.0,3.02,46
2026-07-26 10:15:54.600,18.476021,73.817609,13.7,20.4,408.0,24.05,80.6,3.22,46
2026-07-26 10:15:55.200,18.47606,73.817636,14.3,20.7,417.7,24.05,81.3,2.84,49
2026-07-26 10:15:55.800,18.475979,73.817648,13.6,21.4,417.5,24.17,81.0,3.11,46
2026-07-26 10:15:56.400,18.475986,73.817698,13.6,22.0,417.6,24.1,81.1,2.88,47
2026-07-26 10:15:57.000,18.475951,73.817698,13.6,21.6,409.6,23.99,80.3,2.95,47
2026-07-26 10:15:57.600,18.475957,73.817759,13.5,19.8,411.8,24.11,80.3,2.8,45
2026-07-26 10:15:58.200,18.475971,73.817731,13.5,19.6,412.7,24.18,80.5,3.0,46
2026-07-26 10:15:58.800,18.475918,73.817769,13.7,20.4,411.2,24.12,81.1,2.93,47
2026-07-26 10:15:59.400,18.475919,73.81783,13.4,20.4,410.7,24.16,80.6,3.03,46
2026-07-26 10:16:00.000,18.475951,73.81785,13.8,20.0,419.0,24.03,81.1,2.94,48
2026-07-26 10:16:00.600,18.475891,73.817899,14.0,20.4,414.9,24.14,81.1,2.95,47
2026-07-26 10:16:01.200,18.475883,73.817865,13.0,19.9,422.4,23.92,80.4,2.81,46
2026-07-26 10:16:01.800,18.475895,73.817884,12.7,21.5,415.4,24.08,80.7,3.02,46
2026-07-26 10:16:02.400,18.475833,73.817904,14.0,20.3,415.6,24.07,81.0,2.95,47
2026-07-26 10:16:03.000,18.475852,73.817955,14.3,22.5,411.9,24.05,81.1,3.12,47
2026-07-26 10:16:03.600,18.475811,73.817933,14.3,20.8,413.5,24.1,80.7,3.0,47
2026-07-26 10:16:04.200,18.47575,73.817961,13.5,19.9,417.1,24.18,80.8,3.06,47
2026-07-26 10:16:04.800,18.475809,73.817998,12.9,20.1,415.6,23.96,80.9,2.85,44
2026-07-26 10:16:05.400,18.475734,73.818047,13.5,20.7,419.5,24.04,81.1,2.88,44
2026-07-26 10:16:06.000,18.475782,73.818063,13.8,20.0,414.8,24.09,81.1,3.03,45
2026-07-26 10:16:06.600,18.475747,73.818042,14.1,20.5,408.6,24.14,81.0,2.87,47
2026-07-26 10:16:07.200,18.47576,73.818094,13.4,20.5,416.0,24.07,81.1,3.04,45
2026-07-26 10:16:07.800,18.475767,73.818085,14.0,20.5,416.5,24.04,80.7,2.83,48
2026-07-26 10:16:08.400,18.475721,73.818139,12.9,20.4,414.2,24.03,81.0,3.01,43
2026-07-26 10:16:09.000,18.475751,73.818203,13.6,19.9,416.3,24.0,80.8,2.88,47
2026-07-26 10:16:09.600,18.475727,73.8182,13.3,20.7,419.0,24.01,81.2,2.97,45
2026-07-26 10:16:10.200,18.475726,73.81821,13.9,20.2,415.2,23.98,81.1,3.14,45
2026-07-26 10:16:10.800,18.475681,73.818208,13.4,20.9,419.6,23.82,81.4,3.02,47
2026-07-26 10:16:11.400,18.475707,73.818272,13.4,19.5,417.1,23.91,81.2,3.01,47
2026-07-26 10:16:12.000,18.475642,73.81827,13.7,21.1,416.5,24.02,80.6,2.92,47
2026-07-26 10:16:12.600,18.475702,73.818285,13.5,20.2,422.4,24.01,80.2,3.11,45
2026-07-26 10:16:13.200,18.475671,73.818329,13.8,21.3,415.0,23.92,80.7,3.01,49
2026-07-26 10:16:13.800,18.475642,73.818342,12.8,22.7,422.9,24.02,80.4,3.16,44
2026-07-26 10:16:14.400,18.475639,73.818343,13.0,18.8,416.2,23.97,81.3,3.0,44
2026-07-26 10:16:15.000,18.475645,73.81841,13.1,21.0,415.7,23.86,80.2,2.85,44
2026-07-26 10:16:15.600,18.475682,73.818436,13.7,22.5,420.3,23.89,80.7,3.0,46
2026-07-26 10:16:16.200,18.475632,73.818448,13.4,20.8,419.7,23.96,80.7,3.14,46
2026-07-26 10:16:16.800,18.475622,73.81843,13.2,21.0,419.5,23.96,81.1,3.07,43
2026-07-26 10:16:17.400,18.475639,73.818493,13.4,19.5,419.2,24.07,81.3,3.04,45
2026-07-26 10:16:18.000,18.475592,73.81848,13.4,21.2,414.7,23.99,81.2,2.95,46
2026-07-26 10:16:18.600,18.475627,73.818512,13.9,21.7,415.4,24.02,80.8,3.07,47
2026-07-26 10:16:19.200,18.475579,73.818532,12.1,19.3,418.3,23.89,80.8,2.91,43
2026-07-26 10:16:19.800,18.475591,73.81855,13.4,21.3,421.3,23.93,80.3,3.01,48
2026-07-26 10:16:20.400,18.475638,73.818567,13.5,21.8,415.6,23.83,80.7,3.08,46
2026-07-26 10:16:21.000,18.475639,73.818583,13.5,20.6,413.1,23.84,80.5,2.97,46
2026-07-26 10:16:21.600,18.475608,73.818608,13.3,21.6,418.1,23.87,80.2,2.97,45
2026-07-26 10:16:22.200,18.475556,73.818625,13.1,20.7,417.6,23.98,81.1,3.05,46
2026-07-26 10:16:22.800,18.475579,73.81869,13.6,21.4,420.0,23.87,81.1,3.06,47
2026-07-26 10:16:23.400,18.47561,73.818691,12.8,21.5,420.1,23.96,80.4,2.91,44
2026-07-26 10:16:24.000,18.475539,73.818654,13.5,20.9,423.9,23.86,80.5,2.84,48
2026-07-26 10:16:24.600,18.475554,73.818694,13.4,20.1,415.3,23.92,80.5,2.93,46
2026-07-26 10:16:25.200,18.475541,73.818779,14.3,21.6,416.9,24.07,80.5,2.88,47
2026-07-26 10:16:25.800,18.47559,73.818771,14.1,20.4,422.9,23.83,80.8,3.03,48
2026-07-26 10:16:26.400,18.475549,73.818782,13.2,21.5,424.1,23.84,81.2,2.86,46
2026-07-26 10:16:27.000,18.475542,73.818834,13.3,20.6,416.4,23.81,80.9,3.14,44
2026-07-26 10:16:27.600,18.475534,73.818844,13.1,21.3,415.8,23.94,80.2,2.93,44
2026-07-26 10:16:28.200,18.475583,73.818834,13.0,19.7,423.4,23.84,81.0,3.14,46
2026-07-26 10:16:28.800,18.475565,73.818856,13.6,22.7,421.7,23.87,81.3,3.02,44
2026-07-26 10:16:29.400,18.47552,73.818899,12.9,22.1,416.5,23.84,80.6,2.98,45
2026-07-26 10:16:30.000,18.475574,73.818897,13.7,21.3,426.1,24.0,80.7,2.99,48
2026-07-26 10:16:30.600,18.475527,73.818915,13.4,21.7,422.0,23.88,80.5,3.12,49
2026-07-26 10:16:31.200,18.47556,73.81893,13.6,21.3,417.8,23.87,80.6,2.98,45
2026-07-26 10:16:31.800,18.47553,73.819006,13.8,20.8,419.4,23.92,80.3,2.97,46
2026-07-26 10:16:32.400,18.475561,73.818984,13.5,20.9,418.2,23.84,80.1,3.13,46
2026-07-26 10:16:33.000,18.475582,73.818976,13.7,20.8,418.4,23.8,80.8,2.99,46
2026-07-26 10:16:33.600,18.475535,73.819036,13.7,21.3,421.9,23.85,80.3,3.17,46
2026-07-26 10:16:34.200,18.475592,73.819052,12.5,21.6,426.6,23.78,80.6,3.01,46
2026-07-26 10:16:34.800,18.475554,73.81901,12.8,21.6,420.7,23.85,80.4,2.94,45
2026-07-26 10:16:35.400,18.475559,73.819117,13.3,22.3,423.2,23.83,80.4,2.97,46
2026-07-26 10:16:36.000,18.475577,73.81909,13.1,22.8,418.0,23.74,80.7,2.89,45
2026-07-26 10:16:36.600,18.475584,73.819138,13.4,22.2,423.1,23.78,80.7,3.02,48
2026-07-26 10:16:37.200,18.475561,73.819149,13.3,22.0,420.0,23.75,80.7,2.95,44
2026-07-26 10:16:37.800,18.475595,73.819126,13.8,21.2,423.5,23.85,80.2,3.01,46
2026-07-26 10:16:38.400,18.475554,73.819193,13.9,20.8,423.8,23.87,81.1,2.97,47
2026-07-26 10:16:39.000,18.47557,73.819204,12.3,21.7,423.5,23.84,80.3,2.94,43
2026-07-26 10:16:39.600,18.475579,73.819228,12.7,20.2,420.4,23.82,80.3,2.91,45
2026-07-26 10:16:40.200,18.475595,73.819211,13.4,22.7,421.1,23.81,80.3,2.95,47
2026-07-26 10:16:40.800,18.475589,73.819233,13.7,22.1,419.1,23.81,80.3,3.0,48
2026-07-26 10:16:41.400,18.475567,73.819252,13.5,20.7,420.8,23.71,80.5,2.92,46
2026-07-26 10:16:42.000,18.475626,73.819298,13.1,21.4,421.6,23.71,80.9,2.93,46
2026-07-26 10:16:42.600,18.475585,73.81928,13.0,21.2,423.9,23.76,80.1,3.0,44
2026-07-26 10:16:43.200,18.475586,73.819325,12.7,21.5,417.6,23.81,80.6,2.98,44
2026-07-26 10:16:43.800,18.475659,73.819299,13.3,22.8,427.8,23.75,80.5,3.15,46
2026-07-26 10:16:44.400,18.47564,73.819355,12.3,23.2,422.1,23.74,80.1,3.06,42
2026-07-26 10:16:45.000,18.475663,73.819345,12.9,21.5,420.8,23.8,80.7,2.89,48
2026-07-26 10:16:45.600,18.475634,73.819365,13.1,22.0,415.2,23.74,80.7,2.96,47
2026-07-26 10:16:46.200,18.475645,73.819396,12.5,20.2,423.9,23.87,80.3,2.93,42
2026-07-26 10:16:46.800,18.475664,73.819416,12.7,21.6,427.7,23.74,80.1,2.97,45
2026-07-26 10:16:47.400,18.475653,73.819476,13.6,21.9,425.2,23.91,80.0,3.02,47
2026-07-26 10:16:48.000,18.475724,73.819447,12.7,22.2,425.3,23.67,80.1,3.07,43
2026-07-26 10:16:48.600,18.475644,73.819441,13.1,20.2,425.4,23.81,80.7,2.98,45
2026-07-26 10:16:49.200,18.47566,73.819536,13.5,21.1,424.9,23.63,80.1,3.03,47
2026-07-26 10:16:49.800,18.475717,73.819509,12.8,22.0,423.7,23.79,79.8,2.75,45
2026-07-26 10:16:50.400,18.475708,73.819498,12.4,21.9,427.6,23.67,80.2,3.07,43
2026-07-26 10:16:51.000,18.47569,73.819506,13.8,21.1,426.0,23.73,80.3,2.95,48
2026-07-26 10:16:51.600,18.475729,73.819525,12.5,21.8,426.6,23.75,80.4,2.93,43
2026-07-26 10:16:52.200,18.475748,73.819588,12.4,21.8,425.6,23.76,80.5,3.04,44
2026-07-26 10:16:52.800,18.475707,73.819586,13.2,21.2,418.1,23.79,80.7,3.09,45
2026-07-26 10:16:53.400,18.475734,73.819603,12.5,22.5,429.5,23.73,80.0,2.82,43
2026-07-26 10:16:54.000,18.475788,73.819569,12.8,21.4,428.2,23.72,80.0,2.79,46
2026-07-26 10:16:54.600,18.475764,73.819631,12.9,22.5,421.4,23.74,79.9,2.87,46
2026-07-26 10:16:55.200,18.475771,73.819596,13.2,22.4,425.2,23.78,80.4,2.97,45
2026-07-26 10:16:55.800,18.475771,73.819666,12.7,21.0,425.5,23.79,79.5,2.76,46
2026-07-26 10:16:56.400,18.475796,73.819655,12.0,21.8,422.0,23.67,80.0,3.14,41
2026-07-26 10:16:57.000,18.47582,73.819688,13.0,21.3,423.2,23.69,80.6,2.89,45
2026-07-26 10:16:57.600,18.475809,73.819706,12.7,22.4,424.7,23.66,79.9,2.74,46
2026-07-26 10:16:58.200,18.475832,73.819737,12.6,23.4,422.4,23.64,80.2,2.91,43
2026-07-26 10:16:58.800,18.475852,73.819715,12.7,21.2,426.8,23.61,79.9,3.11,43
2026-07-26 10:16:59.400,18.475839,73.819731,12.5,21.0,426.7,23.66,80.1,3.01,46
2026-07-26 10:17:00.000,18.475857,73.81973,12.3,23.8,429.5,23.77,79.7,3.06,42
2026-07-26 10:17:00.600,18.475911,73.819762,12.8,23.6,428.5,23.78,79.7,2.97,46
2026-07-26 10:17:01.200,18.475908,73.819764,12.7,22.1,425.2,23.7,79.9,2.98,46
2026-07-26 10:17:01.800,18.475891,73.819787,12.3,20.7,427.1,23.8,79.8,3.06,42
2026-07-26 10:17:02.400,18.475884,73.819824,12.4,22.3,425.4,23.76,80.1,2.92,43
2026-07-26 10:17:03.000,18.475946,73.819814,12.6,21.7,425.1,23.67,79.6,2.85,44
2026-07-26 10:17:03.600,18.475925,73.819843,11.8,22.1,426.0,23.75,79.7,2.94,42
2026-07-26 10:17:04.200,18.475972,73.81984,13.0,22.0,429.1,23.7,79.5,2.82,45
2026-07-26 10:17:04.800,18.475969,73.81986,13.2,21.0,425.7,23.68,80.0,3.03,45
2026-07-26 10:17:05.400,18.475971,73.819865,12.6,22.1,427.0,23.7,80.0,2.86,45
2026-07-26 10:17:06.000,18.475948,73.819862,12.7,22.4,425.8,23.74,80.1,3.1,44
2026-07-26 10:17:06.600,18.476019,73.81986,12.4,23.5,429.7,23.62,80.3,2.65,44
2026-07-26 10:17:07.200,18.476016,73.81992,12.6,22.3,423.2,23.62,80.3,2.88,44
2026-07-26 10:17:07.800,18.476068,73.819909,12.4,21.4,428.5,23.59,79.7,2.99,43
2026-07-26 10:17:08.400,18.476083,73.819912,12.8,22.5,422.4,23.64,79.3,2.97,45
2026-07-26 10:17:09.000,18.476147,73.819983,13.3,22.1,427.0,23.62,79.3,2.86,46
2026-07-26 10:17:09.600,18.476086,73.819968,11.8,22.3,427.6,23.66,80.0,2.94,42
2026-07-26 10:17:10.200,18.476121,73.819935,12.2,20.8,426.1,23.6,79.8,2.94,43
2026-07-26 10:17:10.800,18.476159,73.819978,12.0,23.3,430.2,23.62,79.3,2.89,42
2026-07-26 10:17:11.400,18.47617,73.820019,13.0,21.9,428.5,23.65,79.5,2.98,45
2026-07-26 10:17:12.000,18.47615,73.820009,12.8,23.1,424.7,23.72,79.3,3.01,44
2026-07-26 10:17:12.600,18.476139,73.819959,12.7,23.2,428.1,23.6,79.3,3.06,45
2026-07-26 10:17:13.200,18.476195,73.820033,13.0,23.9,428.8,23.68,79.0,2.91,44
2026-07-26 10:17:13.800,18.476252,73.819999,12.9,22.4,427.9,23.66,79.4,3.03,45
2026-07-26 10:17:14.400,18.476216,73.82006,13.1,20.9,427.5,23.71,79.2,2.88,43
2026-07-26 10:17:15.000,18.476258,73.820076,11.6,21.6,422.8,23.49,79.2,2.93,41
2026-07-26 10:17:15.600,18.476221,73.820079,12.9,23.0,427.1,23.66,79.4,2.82,45
2026-07-26 10:17:16.200,18.47632,73.820079,12.3,22.5,427.9,23.54,79.2,2.71,45
2026-07-26 10:17:16.800,18.476285,73.820109,12.5,22.3,432.8,23.61,79.2,2.98,44
2026-07-26 10:17:17.400,18.476321,73.820141,12.6,22.0,427.3,23.63,79.4,3.02,44
2026-07-26 10:17:18.000,18.476347,73.820129,12.6,23.0,428.4,23.67,79.1,2.99,45
2026-07-26 10:17:18.600,18.476363,73.820168,13.1,22.2,428.4,23.6,79.6,2.75,46
2026-07-26 10:17:19.200,18.476393,73.820177,11.9,23.6,431.7,23.62,79.7,2.88,42
2026-07-26 10:17:19.800,18.476363,73.820159,12.8,23.3,429.7,23.56,79.9,2.84,46
2026-07-26 10:17:20.400,18.47642,73.820183,13.0,20.8,433.8,23.58,79.0,3.06,45
2026-07-26 10:17:21.000,18.476451,73.820222,11.7,21.7,428.8,23.65,78.7,3.05,43
2026-07-26 10:17:21.600,18.476426,73.820225,12.9,21.8,428.5,23.6,78.9,2.95,45
2026-07-26 10:17:22.200,18.47648,73.820208,13.1,22.7,424.4,23.65,79.4,2.99,46
2026-07-26 10:17:22.800,18.476431,73.820153,13.3,22.4,430.0,23.7,79.1,2.85,46
2026-07-26 10:17:23.400,18.476525,73.820222,13.2,22.3,427.7,23.59,79.7,2.96,45
2026-07-26 10:17:24.000,18.476527,73.820198,12.7,22.9,427.7,23.55,79.0,2.96,44
2026-07-26 10:17:24.600,18.476542,73.820238,12.4,22.5,433.3,23.66,79.0,2.97,45
2026-07-26 10:17:25.200,18.476606,73.82023,13.3,22.8,428.8,23.6,79.0,2.93,44
2026-07-26 10:17:25.800,18.476564,73.820217,12.0,21.6,430.5,23.67,79.3,3.01,41
2026-07-26 10:17:26.400,18.476567,73.820224,12.2,23.8,431.8,23.49,78.9,2.83,43
2026-07-26 10:17:27.000,18.476607,73.820305,12.1,22.4,421.2,23.58,79.2,2.85,44
2026-07-26 10:17:27.600,18.476669,73.820282,12.2,24.6,433.5,23.64,79.3,2.88,44
2026-07-26 10:17:28.200,18.476647,73.82029,12.5,22.4,431.8,23.68,78.6,2.82,41
2026-07-26 10:17:28.800,18.47666,73.820295,12.3,22.5,427.3,23.61,79.8,2.86,43
2026-07-26 10:17:29.400,18.476671,73.820284,12.8,24.1,431.9,23.53,78.8,2.72,46
2026-07-26 10:17:30.000,18.476737,73.820282,12.5,23.6,426.2,23.59,78.9,2.96,45
2026-07-26 10:17:30.600,18.476766,73.820295,12.4,22.7,427.0,23.66,78.8,2.96,42
2026-07-26 10:17:31.200,18.476832,73.82031,12.7,23.8,430.2,23.54,78.4,3.03,44
2026-07-26 10:17:31.800,18.47679,73.82033,12.2,24.1,426.1,23.56,78.3,2.92,42
2026-07-26 10:17:32.400,18.47682,73.820311,13.1,22.3,428.9,23.59,78.4,2.81,45
2026-07-26 10:17:33.000,18.476859,73.820323,13.1,22.8,429.3,23.61,78.9,2.87,46
2026-07-26 10:17:33.600,18.476846,73.820394,12.1,21.9,431.3,23.54,79.0,2.93,42
2026-07-26 10:17:34.200,18.476859,73.820335,12.4,23.9,426.0,23.63,78.3,2.9,43
2026-07-26 10:17:34.800,18.476922,73.820345,12.7,23.0,428.0,23.61,78.4,2.95,45
2026-07-26 10:17:35.400,18.47693,73.820365,12.6,22.2,429.8,23.6,79.0,2.79,45
2026-07-26 10:17:36.000,18.476954,73.820371,13.0,21.9,425.4,23.7,78.5,2.92,45
2026-07-26 10:17:36.600,18.476929,73.82037,12.7,24.4,429.8,23.54,78.5,2.85,44
2026-07-26 10:17:37.200,18.476973,73.820404,12.6,23.0,431.3,23.6,78.0,2.92,45
2026-07-26 10:17:37.800,18.477079,73.820472,12.0,24.3,426.0,23.5,78.2,2.89,43
2026-07-26 10:17:38.400,18.477017,73.820362,12.9,23.0,429.7,23.56,78.7,3.02,48
2026-07-26 10:17:39.000,18.477038,73.820421,13.0,22.6,427.1,23.61,78.8,2.66,45
2026-07-26 10:17:39.600,18.477133,73.820411,12.6,24.1,425.8,23.66,78.6,2.86,44
2026-07-26 10:17:40.200,18.477104,73.820433,12.6,23.8,423.3,23.66,77.8,2.84,44
2026-07-26 10:17:40.800,18.477148,73.820407,12.3,23.3,429.3,23.57,78.8,2.88,44
2026-07-26 10:17:41.400,18.47713,73.820387,13.0,24.0,430.6,23.61,79.1,2.88,46
2026-07-26 10:17:42.000,18.477234,73.820456,12.6,23.6,427.0,23.55,79.0,2.92,44
2026-07-26 10:17:42.600,18.477243,73.820414,13.0,23.5,424.9,23.55,78.6,2.92,46
2026-07-26 10:17:43.200,18.477252,73.820463,12.9,22.6,434.1,23.47,78.3,2.95,44
2026-07-26 10:17:43.800,18.477292,73.820426,13.0,23.3,431.2,23.56,78.2,2.9,44
2026-07-26 10:17:44.400,18.477318,73.820455,12.5,23.2,429.5,23.6,78.2,2.96,43
2026-07-26 10:17:45.000,18.477324,73.820474,12.4,23.0,426.8,23.64,78.0,2.79,42
2026-07-26 10:17:45.600,18.477364,73.820461,12.6,23.7,427.2,23.55,78.2,2.79,46
2026-07-26 10:17:46.200,18.477396,73.820489,11.9,21.0,429.0,23.62,78.3,2.81,42
2026-07-26 10:17:46.800,18.477352,73.820476,13.4,23.6,431.6,23.44,78.4,2.8,44
2026-07-26 10:17:47.400,18.47745,73.820454,12.3,24.5,426.8,23.54,77.9,2.86,43
2026-07-26 10:17:48.000,18.477439,73.820517,12.4,22.4,430.2,23.63,78.5,2.88,43
2026-07-26 10:17:48.600,18.477447,73.820514,12.0,24.7,431.5,23.51,77.5,2.81,44
2026-07-26 10:17:49.200,18.477483,73.820473,12.6,24.4,425.6,23.63,78.2,2.63,43
2026-07-26 10:17:49.800,18.477495,73.820503,13.2,23.1,432.0,23.58,78.2,2.97,45
2026-07-26 10:17:50.400,18.47752,73.820494,12.9,24.8,431.5,23.56,79.0,2.99,43
2026-07-26 10:17:51.000,18.477525,73.820495,12.5,21.8,427.3,23.6,78.3,2.87,43
2026-07-26 10:17:51.600,18.477585,73.820543,12.2,24.4,428.9,23.6,78.3,2.94,43
2026-07-26 10:17:52.200,18.477608,73.820511,12.9,24.4,432.2,23.62,77.9,2.99,44
2026-07-26 10:17:52.800,18.477624,73.820528,13.6,22.7,427.7,23.61,78.1,2.94,46
2026-07-26 10:17:53.400,18.47765,73.820495,12.6,24.6,428.3,23.58,78.2,2.88,43
2026-07-26 10:17:54.000,18.477672,73.820558,12.7,24.0,428.8,23.55,78.2,2.93,43
2026-07-26 10:17:54.600,18.4777,73.820521,13.1,23.1,429.1,23.61,77.6,3.05,46
2026-07-26 10:17:55.200,18.477733,73.82056,12.7,23.3,431.2,23.51,78.5,2.94,45
2026-07-26 10:17:55.800,18.477805,73.820534,12.9,23.1,429.2,23.53,78.6,3.03,46
2026-07-26 10:17:56.400,18.477787,73.820572,13.7,23.5,428.7,23.65,77.8,3.02,47
2026-07-26 10:17:57.000,18.477815,73.820592,12.1,24.3,431.4,23.54,78.1,2.9,43
2026-07-26 10:17:57.600,18.477841,73.820549,13.2,21.8,431.7,23.5,78.2,2.89,45
2026-07-26 10:17:58.200,18.477879,73.820581,12.8,22.7,425.2,23.59,78.6,2.94,44
2026-07-26 10:17:58.800,18.477873,73.820557,12.7,23.3,427.6,23.55,77.7,2.93,45
2026-07-26 10:17:59.400,18.477947,73.820558,13.1,24.3,430.2,23.6,78.2,3.02,46
2026-07-26 10:18:00.000,18.477901,73.820604,12.4,23.4,427.7,23.51,78.0,3.02,44
2026-07-26 10:18:00.600,18.477968,73.820593,12.7,22.6,425.4,23.59,78.1,2.88,44
2026-07-26 10:18:01.200,18.477956,73.820595,12.6,24.4,434.5,23.42,78.1,3.08,44
2026-07-26 10:18:01.800,18.477992,73.820605,13.1,23.5,429.1,23.62,77.6,3.18,47
2026-07-26 10:18:02.400,18.478045,73.820594,12.3,23.9,428.5,23.57,78.3,3.01,43
2026-07-26 10:18:03.000,18.478082,73.8206,12.8,22.9,428.5,23.65,78.2,3.06,44
2026-07-26 10:18:03.600,18.478073,73.820599,12.4,22.4,425.6,23.55,78.0,3.05,44
2026-07-26 10:18:04.200,18.47814,73.82061,13.1,23.3,428.0,23.61,78.0,3.11,47
2026-07-26 10:18:04.800,18.478157,73.820617,12.9,24.9,428.4,23.7,77.5,2.93,44
2026-07-26 10:18:05.400,18.478206,73.82058,13.4,23.7,432.3,23.54,77.8,2.85,45
2026-07-26 10:18:06.000,18.478193,73.82063,12.2,23.6,430.5,23.5,78.2,3.1,44
2026-07-26 10:18:06.600,18.478249,73.820651,13.3,23.1,427.0,23.5,78.0,2.96,47
2026-07-26 10:18:07.200,18.478262,73.820643,13.0,24.6,428.0,23.5,77.2,2.9,46
2026-07-26 10:18:07.800,18.478286,73.820616,12.6,22.9,431.4,23.58,77.7,2.92,44
2026-07-26 10:18:08.400,18.478288,73.820594,12.8,23.2,427.9,23.63,77.3,3.11,45
2026-07-26 10:18:09.000,18.478349,73.82061,12.9,25.2,428.9,23.45,77.1,3.18,44
2026-07-26 10:18:09.600,18.478345,73.820634,13.1,24.2,430.2,23.61,77.6,2.99,43
2026-07-26 10:18:10.200,18.478346,73.820635,13.0,24.1,429.2,23.59,78.5,2.98,46
2026-07-26 10:18:10.800,18.478408,73.820638,11.9,23.8,429.2,23.58,78.0,2.95,42
2026-07-26 10:18:11.400,18.478432,73.820612,13.9,23.0,430.1,23.57,78.6,3.09,48
2026-07-26 10:18:12.000,18.478471,73.820612,12.6,24.0,423.2,23.64,77.7,3.09,44
2026-07-26 10:18:12.600,18.478461,73.820626,12.7,24.2,425.4,23.59,77.6,3.19,46
2026-07-26 10:18:13.200,18.47852,73.820643,12.4,24.0,428.7,23.63,77.5,3.11,44
2026-07-26 10:18:13.800,18.478549,73.820641,12.9,24.0,424.8,23.51,77.9,3.18,45
2026-07-26 10:18:14.400,18.478557,73.820658,13.6,22.9,426.9,23.55,77.0,3.02,46
2026-07-26 10:18:15.000,18.478536,73.820632,13.3,24.2,428.7,23.57,77.9,3.12,46
2026-07-26 10:18:15.600,18.478652,73.820692,12.7,25.3,432.2,23.56,77.8,2.97,45
2026-07-26 10:18:16.200,18.478628,73.820655,14.0,23.9,429.6,23.53,77.6,3.01,48
2026-07-26 10:18:16.800,18.478676,73.820641,13.0,23.6,427.1,23.64,77.9,3.0,46
2026-07-26 10:18:17.400,18.478699,73.820698,13.0,22.3,427.9,23.58,77.8,3.02,45
2026-07-26 10:18:18.000,18.47871,73.820671,12.6,23.6,428.3,23.67,77.8,3.15,42
2026-07-26 10:18:18.600,18.478716,73.820662,12.5,22.9,433.4,23.5,77.4,3.2,45
2026-07-26 10:18:19.200,18.478759,73.820654,13.2,22.3,428.8,23.54,77.2,3.1,46
2026-07-26 10:18:19.800,18.478809,73.82067,13.9,25.6,427.6,23.57,77.4,3.19,48
2026-07-26 10:18:20.400,18.478851,73.820679,13.8,24.1,422.7,23.61,77.9,3.22,45
2026-07-26 10:18:21.000,18.478795,73.820688,13.6,24.7,421.9,23.56,77.6,3.12,46
2026-07-26 10:18:21.600,18.478855,73.820662,13.2,24.1,432.0,23.65,77.7,3.16,46
2026-07-26 10:18:22.200,18.478873,73.820689,12.8,22.0,431.4,23.48,77.3,3.03,45
2026-07-26 10:18:22.800,18.478907,73.820692,13.1,23.1,429.4,23.54,77.6,3.21,46
2026-07-26 10:18:23.400,18.478937,73.820646,13.4,24.1,423.5,23.54,77.3,2.96,46
2026-07-26 10:18:24.000,18.478961,73.820727,13.6,25.1,426.8,23.62,77.4,3.27,45
2026-07-26 10:18:24.600,18.479033,73.820685,14.0,22.6,429.1,23.63,77.0,3.05,48
2026-07-26 10:18:25.200,18.47899,73.820663,13.7,23.6,431.2,23.61,77.4,3.17,48
2026-07-26 10:18:25.800,18.478996,73.820635,14.2,25.0,422.9,23.58,77.7,3.11,48
2026-07-26 10:18:26.400,18.479042,73.820693,14.1,23.9,427.4,23.59,77.4,3.06,48
2026-07-26 10:18:27.000,18.47909,73.820676,13.7,24.1,428.0,23.58,77.8,3.0,46
2026-07-26 10:18:27.600,18.479102,73.820665,13.7,25.8,431.1,23.6,77.5,3.07,46
2026-07-26 10:18:28.200,18.479161,73.820656,13.0,24.4,423.5,23.59,77.1,3.05,47
2026-07-26 10:18:28.800,18.47913,73.820644,12.6,24.5,428.0,23.52,77.4,3.25,43
2026-07-26 10:18:29.400,18.479206,73.820707,13.0,25.2,419.7,23.61,77.2,3.31,46
2026-07-26 10:18:30.000,18.479232,73.820681,13.6,24.4,425.3,23.61,76.9,3.17,46
2026-07-26 10:18:30.600,18.47926,73.82072,14.1,24.6,428.7,23.58,77.7,3.19,47
2026-07-26 10:18:31.200,18.479231,73.82071,14.0,23.2,429.0,23.67,77.1,3.14,47
2026-07-26 10:18:31.800,18.479282,73.820715,13.5,24.0,427.3,23.56,77.2,3.27,47
2026-07-26 10:18:32.400,18.479337,73.820661,13.6,23.8,429.1,23.74,77.6,3.12,47
2026-07-26 10:18:33.000,18.479287,73.82066,13.8,24.7,419.9,23.65,76.3,3.12,46
2026-07-26 10:18:33.600,18.479354,73.820679,13.7,23.7,425.9,23.58,76.3,3.24,46
2026-07-26 10:18:34.200,18.479334,73.820677,14.3,23.9,421.9,23.61,77.4,3.3,48
2026-07-26 10:18:34.800,18.479378,73.820698,14.2,23.5,423.0,23.68,77.6,3.15,47
2026-07-26 10:18:35.400,18.479449,73.820698,14.7,24.4,425.0,23.46,76.6,3.12,49
2026-07-26 10:18:36.000,18.479412,73.820706,14.3,24.6,423.8,23.66,76.2,3.32,48
2026-07-26 10:18:36.600,18.479474,73.820659,13.0,24.2,427.4,23.63,77.3,3.28,44
2026-07-26 10:18:37.200,18.479492,73.820671,14.2,24.3,430.1,23.6,77.3,3.26,46
2026-07-26 10:18:37.800,18.479463,73.820732,13.3,25.7,425.2,23.62,77.1,3.35,45
2026-07-26 10:18:38.400,18.479549,73.820727,13.8,23.7,430.0,23.63,76.9,3.19,47
2026-07-26 10:18:39.000,18.479553,73.820671,13.4,23.9,425.9,23.66,77.1,3.31,47
2026-07-26 10:18:39.600,18.479546,73.820667,14.1,25.6,426.0,23.62,77.4,3.32,47
2026-07-26 10:18:40.200,18.479625,73.82071,13.2,23.6,426.4,23.57,77.5,3.21,46
2026-07-26 10:18:40.800,18.479618,73.8207,14.3,23.4,426.8,23.64,76.8,3.35,48
2026-07-26 10:18:41.400,18.479672,73.820714,14.5,23.2,424.3,23.56,77.1,3.32,49
2026-07-26 10:18:42.000,18.479686,73.820684,14.3,24.2,426.0,23.55,76.8,3.25,49
2026-07-26 10:18:42.600,18.479647,73.820704,13.7,23.3,427.6,23.55,77.2,3.33,48
2026-07-26 10:18:43.200,18.479663,73.820681,13.9,25.0,429.2,23.69,77.2,3.17,47
2026-07-26 10:18:43.800,18.479747,73.820687,14.7,25.0,423.7,23.64,77.2,3.18,50
2026-07-26 10:18:44.400,18.47975,73.820714,14.2,24.4,427.7,23.64,77.6,3.26,47
2026-07-26 10:18:45.000,18.479755,73.820669,14.3,24.9,421.4,23.64,77.3,3.42,48
2026-07-26 10:18:45.600,18.479781,73.820674,13.8,25.6,420.8,23.64,76.8,3.35,46
2026-07-26 10:18:46.200,18.479835,73.820734,13.6,22.5,427.0,23.52,77.1,3.33,47
2026-07-26 10:18:46.800,18.479876,73.82071,13.8,24.3,428.0,23.7,76.6,3.28,46
2026-07-26 10:18:47.400,18.479856,73.820707,13.6,23.3,423.8,23.67,76.6,3.46,47
2026-07-26 10:18:48.000,18.479895,73.8207,13.6,24.4,426.9,23.57,77.5,3.35,47
2026-07-26 10:18:48.600,18.479878,73.820689,13.9,24.3,422.6,23.53,76.9,3.51,47
2026-07-26 10:18:49.200,18.479868,73.820673,13.2,24.2,420.3,23.58,77.2,3.23,45
2026-07-26 10:18:49.800,18.479947,73.820737,13.8,25.0,423.7,23.6,77.4,3.51,46
2026-07-26 10:18:50.400,18.479997,73.820726,13.1,23.9,424.5,23.56,77.2,3.35,44
2026-07-26 10:18:51.000,18.479962,73.820687,14.4,22.2,425.0,23.65,76.7,3.48,48
2026-07-26 10:18:51.600,18.480026,73.82074,13.9,24.0,425.8,23.56,77.4,3.46,47
2026-07-26 10:18:52.200,18.47997,73.820662,14.3,25.1,424.8,23.62,77.3,3.39,49
2026-07-26 10:18:52.800,18.480054,73.820695,14.4,25.0,424.1,23.5,77.3,3.3,50
2026-07-26 10:18:53.400,18.480038,73.820702,15.1,25.4,427.5,23.56,77.7,3.55,51
2026-07-26 10:18:54.000,18.480074,73.820676,14.0,24.1,425.5,23.62,77.3,3.38,48
2026-07-26 10:18:54.600,18.480045,73.820702,15.2,25.1,422.0,23.65,77.0,3.32,52
2026-07-26 10:18:55.200,18.480136,73.820704,14.4,22.7,423.0,23.56,77.2,3.36,48
2026-07-26 10:18:55.800,18.48016,73.820716,14.8,23.4,426.2,23.8,76.5,3.43,52
2026-07-26 10:18:56.400,18.480166,73.820668,13.2,24.6,426.7,23.6,76.7,3.38,46
2026-07-26 10:18:57.000,18.480153,73.820739,14.6,24.2,425.2,23.61,76.5,3.43,51
2026-07-26 10:18:57.600,18.480221,73.820694,14.7,25.5,422.7,23.52,76.7,3.4,50
2026-07-26 10:18:58.200,18.480222,73.820708,14.6,24.7,424.4,23.62,77.1,3.28,50
2026-07-26 10:18:58.800,18.480224,73.820686,14.1,24.1,428.1,23.57,77.3,3.42,48
2026-07-26 10:18:59.400,18.480214,73.820671,14.4,24.7,427.2,23.61,76.8,3.6,49
2026-07-26 10:19:00.000,18.48028,73.820709,15.0,23.3,428.4,23.69,77.3,3.49,50
2026-07-26 10:19:00.600,18.480283,73.820705,14.6,24.6,424.1,23.64,76.5,3.47,49
2026-07-26 10:19:01.200,18.480284,73.820736,14.9,23.6,426.0,23.55,77.5,3.4,47
2026-07-26 10:19:01.800,18.48031,73.820721,14.3,23.8,429.1,23.67,77.2,3.54,47
2026-07-26 10:19:02.400,18.480334,73.820696,14.7,24.3,426.1,23.48,76.5,3.5,50
2026-07-26 10:19:03.000,18.480331,73.820704,14.3,23.4,427.0,23.58,77.6,3.55,48
2026-07-26 10:19:03.600,18.480387,73.820724,14.5,23.9,426.6,23.57,77.0,3.64,48
2026-07-26 10:19:04.200,18.480375,73.82069,14.4,24.7,426.0,23.67,76.6,3.62,50
2026-07-26 10:19:04.800,18.480363,73.820684,15.8,22.9,427.4,23.54,76.9,3.39,53
2026-07-26 10:19:05.400,18.480388,73.820693,14.4,24.2,428.6,23.71,76.9,3.3,49
2026-07-26 10:19:06.000,18.480432,73.820754,14.2,23.2,421.5,23.65,77.5,3.41,48
2026-07-26 10:19:06.600,18.480427,73.820687,15.5,23.9,427.5,23.68,76.1,3.46,50
2026-07-26 10:19:07.200,18.480494,73.820673,14.8,24.0,421.3,23.66,77.3,3.4,51
2026-07-26 10:19:07.800,18.480528,73.820701,15.4,23.9,426.5,23.59,76.4,3.46,53
2026-07-26 10:19:08.400,18.480481,73.820714,14.3,23.6,424.6,23.59,77.2,3.73,49
2026-07-26 10:19:09.000,18.480497,73.820722,14.9,23.6,424.7,23.58,77.0,3.54,49
2026-07-26 10:19:09.600,18.480556,73.820728,15.4,24.6,423.5,23.69,77.0,3.53,51
2026-07-26 10:19:10.200,18.480504,73.82071,14.5,23.6,425.9,23.55,77.9,3.51,48
2026-07-26 10:19:10.800,18.48053,73.820668,14.7,25.2,428.0,23.69,77.7,3.56,49
2026-07-26 10:19:11.400,18.480563,73.820709,15.3,23.2,424.8,23.56,77.6,3.64,52
2026-07-26 10:19:12.000,18.480592,73.820727,16.0,25.3,423.2,23.69,77.3,3.61,53
2026-07-26 10:19:12.600,18.480625,73.820693,14.9,23.8,427.3,23.6,76.9,3.67,49
2026-07-26 10:19:13.200,18.48064,73.820704,14.7,22.1,425.6,23.73,76.8,3.67,49
2026-07-26 10:19:13.800,18.480632,73.82074,14.8,23.7,427.1,23.64,76.0,3.46,51
2026-07-26 10:19:14.400,18.480625,73.820712,14.3,22.9,422.4,23.65,77.0,3.49,48
2026-07-26 10:19:15.000,18.480597,73.820724,15.2,22.9,425.3,23.63,76.8,3.4,51
2026-07-26 10:19:15.600,18.480677,73.82074,15.4,23.5,425.9,23.53,76.6,3.5,51
2026-07-26 10:19:16.200,18.480645,73.820747,15.9,23.1,424.5,23.56,77.0,3.6,53
2026-07-26 10:19:16.800,18.480688,73.820729,14.5,24.5,431.7,23.68,77.2,3.51,50
2026-07-26 10:19:17.400,18.480732,73.82077,14.8,24.7,426.0,23.57,76.7,3.77,50
2026-07-26 10:19:18.000,18.480689,73.82073,15.9,23.3,424.9,23.68,77.4,3.61,51
2026-07-26 10:19:18.600,18.480703,73.820739,14.8,23.7,423.8,23.65,77.2,3.61,50
2026-07-26 10:19:19.200,18.48075,73.820752,14.4,24.9,425.9,23.67,77.4,3.59,50
2026-07-26 10:19:19.800,18.480742,73.820738,14.9,22.6,429.1,23.63,77.3,3.68,51
2026-07-26 10:19:20.400,18.480743,73.820763,15.2,25.2,429.6,23.65,77.4,3.73,51
2026-07-26 10:19:21.000,18.480758,73.820743,14.2,24.1,425.2,23.55,77.0,3.53,48
2026-07-26 10:19:21.600,18.480798,73.820708,15.6,23.9,425.5,23.65,77.2,3.77,53
2026-07-26 10:19:22.200,18.480762,73.820751,15.1,23.6,426.8,23.76,76.8,3.74,51
2026-07-26 10:19:22.800,18.480839,73.820758,14.5,23.2,428.2,23.68,77.7,3.55,49
2026-07-26 10:19:23.400,18.480839,73.820779,15.6,24.3,425.6,23.58,77.2,3.64,51
2026-07-26 10:19:24.000,18.480788,73.820779,15.6,23.7,427.0,23.65,77.2,3.64,51
2026-07-26 10:19:24.600,18.480841,73.820742,14.7,24.6,430.3,23.61,77.7,3.64,49
2026-07-26 10:19:25.200,18.48085,73.820756,15.1,23.8,427.0,23.64,76.8,3.57,49
2026-07-26 10:19:25.800,18.480842,73.82078,15.3,23.7,420.0,23.66,76.7,3.62,50
2026-07-26 10:19:26.400,18.480848,73.820775,15.4,22.9,429.6,23.71,77.1,3.77,51
2026-07-26 10:19:27.000,18.480842,73.820743,15.9,23.7,422.9,23.66,76.6,3.63,52
2026-07-26 10:19:27.600,18.480895,73.820764,15.2,22.9,426.1,23.72,77.0,3.56,51
2026-07-26 10:19:28.200,18.480893,73.820823,15.3,23.2,429.9,23.59,77.6,3.81,49
2026-07-26 10:19:28.800,18.480911,73.820762,14.8,25.2,427.5,23.57,78.0,3.62,49
2026-07-26 10:19:29.400,18.480847,73.820784,15.8,23.2,427.5,23.61,76.7,3.74,52
2026-07-26 10:19:30.000,18.480886,73.820746,15.8,23.2,435.9,23.61,76.7,3.86,50
2026-07-26 10:19:30.600,18.4809,73.820778,15.0,24.2,424.9,23.79,77.2,3.77,50
2026-07-26 10:19:31.200,18.480928,73.820824,15.9,23.1,422.6,23.68,77.3,3.69,52
2026-07-26 10:19:31.800,18.480913,73.820794,16.0,23.3,425.0,23.78,77.6,3.68,53
2026-07-26 10:19:32.400,18.480946,73.820761,15.0,23.3,427.9,23.74,77.8,3.76,48
2026-07-26 10:19:33.000,18.480955,73.820772,15.8,22.9,426.8,23.67,77.2,3.62,53
2026-07-26 10:19:33.600,18.480987,73.82078,16.1,23.4,428.5,23.77,77.0,3.74,53
2026-07-26 10:19:34.200,18.481027,73.820802,15.8,22.9,430.5,23.69,77.4,3.68,52
2026-07-26 10:19:34.800,18.480988,73.820805,15.1,23.5,430.7,23.73,77.8,3.86,50
2026-07-26 10:19:35.400,18.480981,73.820809,16.5,24.9,426.4,23.63,77.1,3.81,53
2026-07-26 10:19:36.000,18.481038,73.820783,17.0,24.7,434.7,23.67,77.6,3.82,54
2026-07-26 10:19:36.600,18.480983,73.820853,15.4,23.4,424.8,23.66,77.1,3.83,51
2026-07-26 10:19:37.200,18.481035,73.820802,15.4,22.7,432.8,23.65,77.0,3.71,52
2026-07-26 10:19:37.800,18.48096,73.820872,15.5,22.5,424.9,23.7,77.9,3.75,52
2026-07-26 10:19:38.400,18.481024,73.820822,16.4,23.7,429.9,23.57,77.7,3.79,52
2026-07-26 10:19:39.000,18.481005,73.820854,16.0,23.6,433.6,23.79,77.4,3.68,53
2026-07-26 10:19:39.600,18.481026,73.82083,15.4,23.8,426.8,23.54,77.4,3.85,53
2026-07-26 10:19:40.200,18.481024,73.820816,15.6,22.6,429.3,23.71,77.6,3.79,51
2026-07-26 10:19:40.800,18.481034,73.820809,15.7,23.4,425.7,23.74,77.3,3.57,51
2026-07-26 10:19:41.400,18.481065,73.820846,16.7,24.1,428.2,23.65,77.4,3.83,54
2026-07-26 10:19:42.000,18.481087,73.820872,15.7,23.9,431.4,23.75,76.8,3.52,51
2026-07-26 10:19:42.600,18.481072,73.820812,16.2,25.2,431.0,23.67,77.4,3.67,53
2026-07-26 10:19:43.200,18.481083,73.820822,15.3,22.5,427.4,23.69,76.7,3.69,51
2026-07-26 10:19:43.800,18.481088,73.820864,16.1,23.7,429.8,23.65,77.7,3.68,55
2026-07-26 10:19:44.400,18.481077,73.820869,15.2,23.9,422.5,23.63,77.1,3.75,52
2026-07-26 10:19:45.000,18.481111,73.820877,16.7,24.2,428.9,23.67,77.9,3.86,53
2026-07-26 10:19:45.600,18.481117,73.820821,16.2,23.7,427.9,23.7,77.7,3.75,54
2026-07-26 10:19:46.200,18.481103,73.820863,15.2,22.7,432.5,23.78,77.4,3.62,52
2026-07-26 10:19:46.800,18.481113,73.820874,15.4,23.7,431.7,23.83,77.4,3.5,53
2026-07-26 10:19:47.400,18.481097,73.820861,15.6,24.1,426.9,23.7,77.6,3.74,52
2026-07-26 10:19:48.000,18.481085,73.820851,16.3,23.6,427.9,23.72,77.4,3.94,53
2026-07-26 10:19:48.600,18.481087,73.820866,16.5,24.0,422.9,23.65,77.7,3.63,55
2026-07-26 10:19:49.200,18.481106,73.820961,16.9,24.9,429.8,23.68,78.0,3.57,53
2026-07-26 10:19:49.800,18.481069,73.820874,16.1,23.3,427.6,23.72,77.7,3.72,53
2026-07-26 10:19:50.400,18.481148,73.820995,16.2,23.5,425.8,23.73,77.8,3.75,55
2026-07-26 10:19:51.000,18.481126,73.820944,15.9,24.1,429.9,23.82,78.0,3.75,52
2026-07-26 10:19:51.600,18.481107,73.820888,15.2,23.8,430.9,23.7,77.6,3.65,50
2026-07-26 10:19:52.200,18.481085,73.820942,16.3,25.0,426.5,23.74,77.1,3.7,54
2026-07-26 10:19:52.800,18.481107,73.820924,16.4,24.0,432.5,23.58,77.6,3.91,53
2026-07-26 10:19:53.400,18.48114,73.82095,15.6,22.6,427.8,23.67,77.4,3.74,51
2026-07-26 10:19:54.000,18.481152,73.820997,15.8,23.6,430.0,23.62,78.1,3.82,54
2026-07-26 10:19:54.600,18.481091,73.820957,16.8,24.3,436.7,23.64,78.0,3.62,54
2026-07-26 10:19:55.200,18.481152,73.820972,16.4,23.8,434.0,23.64,77.6,3.7,52
2026-07-26 10:19:55.800,18.481172,73.820998,16.1,23.6,430.3,23.71,77.8,3.62,54
2026-07-26 10:19:56.400,18.48108,73.820993,16.1,23.4,430.7,23.65,77.4,3.69,54
2026-07-26 10:19:57.000,18.481128,73.820951,16.9,24.5,429.9,23.68,77.1,3.65,54
2026-07-26 10:19:57.600,18.481136,73.820984,16.7,24.3,430.2,23.68,77.8,3.73,54
2026-07-26 10:19:58.200,18.481105,73.820975,15.7,22.8,436.8,23.69,77.8,3.58,54
2026-07-26 10:19:58.800,18.481125,73.821031,16.1,23.5,433.7,23.73,77.6,3.8,53
2026-07-26 10:19:59.400,18.481137,73.821018,15.8,24.1,430.0,23.66,77.3,3.74,52
